irmode,phase,duration,was_cached,test
numba-cache,0,0.0655145479977363,0,numba.tests.test_dictobject.TestDictIterableCtorJit.test_exception_setitem
numba-cache,1,0.0680963830091059,0,numba.tests.test_dictobject.TestDictIterableCtorJit.test_exception_setitem
numba-nocache,0,0.0660198590048821,0,numba.tests.test_dictobject.TestDictIterableCtorJit.test_exception_setitem
numba-cache,0,0.1088704319990938,0,numba.tests.test_operators.TestOperators.test_itruediv_floats_npm
numba-cache,0,0.0402336730039678,0,numba.tests.test_operators.TestOperators.test_itruediv_floats_npm
numba-cache,1,0.0657725229975767,1,numba.tests.test_operators.TestOperators.test_itruediv_floats_npm
numba-cache,1,0.0022636570065515,1,numba.tests.test_operators.TestOperators.test_itruediv_floats_npm
numba-nocache,0,0.1046224720048485,0,numba.tests.test_operators.TestOperators.test_itruediv_floats_npm
numba-nocache,0,0.0381882380024762,0,numba.tests.test_operators.TestOperators.test_itruediv_floats_npm
numba-cache,0,0.0340846539911581,0,numba.tests.test_random.TestRandom.test_numpy_power
numba-cache,0,4.281300061848015e-05,0,numba.tests.test_random.TestRandom.test_numpy_power
numba-cache,0,8.520799747202545e-05,0,numba.tests.test_random.TestRandom.test_numpy_power
numba-cache,0,0.0738494089891901,0,numba.tests.test_random.TestRandom.test_numpy_power
numba-cache,0,8.192400855477899e-05,0,numba.tests.test_random.TestRandom.test_numpy_power
numba-cache,0,7.871199341025203e-05,0,numba.tests.test_random.TestRandom.test_numpy_power
numba-cache,0,0.1246573509997688,0,numba.tests.test_random.TestRandom.test_numpy_power
numba-cache,0,4.588600131683052e-05,0,numba.tests.test_random.TestRandom.test_numpy_power
numba-cache,0,3.464100882411003e-05,0,numba.tests.test_random.TestRandom.test_numpy_power
numba-cache,0,0.2368545619974611,0,numba.tests.test_random.TestRandom.test_numpy_power
numba-cache,1,0.0026576359960017,1,numba.tests.test_random.TestRandom.test_numpy_power
numba-cache,1,4.162600089330226e-05,0,numba.tests.test_random.TestRandom.test_numpy_power
numba-cache,1,3.541000478435308e-05,0,numba.tests.test_random.TestRandom.test_numpy_power
numba-cache,1,0.1169067440059734,0,numba.tests.test_random.TestRandom.test_numpy_power
numba-nocache,0,0.0306690300058107,0,numba.tests.test_random.TestRandom.test_numpy_power
numba-nocache,0,4.351200186647475e-05,0,numba.tests.test_random.TestRandom.test_numpy_power
numba-nocache,0,3.652699524536729e-05,0,numba.tests.test_random.TestRandom.test_numpy_power
numba-nocache,0,0.0671552829880965,0,numba.tests.test_random.TestRandom.test_numpy_power
numba-nocache,0,3.8623009459115565e-05,0,numba.tests.test_random.TestRandom.test_numpy_power
numba-nocache,0,5.9644997236318886e-05,0,numba.tests.test_random.TestRandom.test_numpy_power
numba-nocache,0,0.1141381899942644,0,numba.tests.test_random.TestRandom.test_numpy_power
numba-nocache,0,6.530199607368559e-05,0,numba.tests.test_random.TestRandom.test_numpy_power
numba-nocache,0,3.457099955994636e-05,0,numba.tests.test_random.TestRandom.test_numpy_power
numba-nocache,0,0.2281489160086494,0,numba.tests.test_random.TestRandom.test_numpy_power
numba-cache,0,0.1579968620062573,0,numba.tests.test_ufuncs.TestLoopTypesDatetime.test_equal_MM_?
numba-cache,1,0.1530371770058991,0,numba.tests.test_ufuncs.TestLoopTypesDatetime.test_equal_MM_?
numba-nocache,0,0.1663584900088608,0,numba.tests.test_ufuncs.TestLoopTypesDatetime.test_equal_MM_?
numba-cache,0,0.0021273840102367,1,numba.tests.test_unicode.TestUnicode.test_slice2_error
numba-cache,0,4.190500476397574e-05,0,numba.tests.test_unicode.TestUnicode.test_slice2_error
numba-cache,0,0.0020325380028225,1,numba.tests.test_unicode.TestUnicode.test_slice2_error
numba-cache,0,4.288200580049306e-05,0,numba.tests.test_unicode.TestUnicode.test_slice2_error
numba-cache,0,0.0422593669936759,0,numba.tests.test_unicode.TestUnicode.test_slice2_error
numba-cache,0,4.337199789006263e-05,0,numba.tests.test_unicode.TestUnicode.test_slice2_error
numba-cache,0,0.0220233799918787,0,numba.tests.test_unicode.TestUnicode.test_slice2_error
numba-cache,0,0.0001024579978547,0,numba.tests.test_unicode.TestUnicode.test_slice2_error
numba-cache,0,0.0001440140040358,0,numba.tests.test_unicode.TestUnicode.test_slice2_error
numba-cache,0,4.427999374456704e-05,0,numba.tests.test_unicode.TestUnicode.test_slice2_error
numba-cache,0,5.8178004110232e-05,0,numba.tests.test_unicode.TestUnicode.test_slice2_error
numba-cache,0,0.03957667000941,0,numba.tests.test_unicode.TestUnicode.test_slice2_error
numba-cache,0,5.34290011273697e-05,0,numba.tests.test_unicode.TestUnicode.test_slice2_error
numba-cache,0,0.0026836739998543,1,numba.tests.test_unicode.TestUnicode.test_slice2_error
numba-cache,0,4.183599958196282e-05,0,numba.tests.test_unicode.TestUnicode.test_slice2_error
numba-cache,0,0.0024469099880661,1,numba.tests.test_unicode.TestUnicode.test_slice2_error
numba-cache,0,5.14029961777851e-05,0,numba.tests.test_unicode.TestUnicode.test_slice2_error
numba-cache,0,3.771499905269593e-05,0,numba.tests.test_unicode.TestUnicode.test_slice2_error
numba-cache,0,4.351099778432399e-05,0,numba.tests.test_unicode.TestUnicode.test_slice2_error
numba-cache,0,0.0482327329955296,0,numba.tests.test_unicode.TestUnicode.test_slice2_error
numba-cache,0,4.525799886323512e-05,0,numba.tests.test_unicode.TestUnicode.test_slice2_error
numba-cache,0,4.015899321530014e-05,0,numba.tests.test_unicode.TestUnicode.test_slice2_error
numba-cache,0,0.0029780579934595,1,numba.tests.test_unicode.TestUnicode.test_slice2_error
numba-cache,0,4.386100044939667e-05,0,numba.tests.test_unicode.TestUnicode.test_slice2_error
numba-cache,0,7.005200313869864e-05,0,numba.tests.test_unicode.TestUnicode.test_slice2_error
numba-cache,0,4.902899672742933e-05,0,numba.tests.test_unicode.TestUnicode.test_slice2_error
numba-cache,0,3.3873002394102514e-05,0,numba.tests.test_unicode.TestUnicode.test_slice2_error
numba-cache,0,3.226700937375426e-05,0,numba.tests.test_unicode.TestUnicode.test_slice2_error
numba-cache,0,0.0005613200046354,0,numba.tests.test_unicode.TestUnicode.test_slice2_error
numba-cache,0,3.345400909893215e-05,0,numba.tests.test_unicode.TestUnicode.test_slice2_error
numba-cache,0,6.250900332815945e-05,0,numba.tests.test_unicode.TestUnicode.test_slice2_error
numba-cache,0,4.867999814450741e-05,0,numba.tests.test_unicode.TestUnicode.test_slice2_error
numba-cache,0,4.190499021206051e-05,0,numba.tests.test_unicode.TestUnicode.test_slice2_error
numba-cache,0,3.527000080794096e-05,0,numba.tests.test_unicode.TestUnicode.test_slice2_error
numba-cache,0,3.219800419174135e-05,0,numba.tests.test_unicode.TestUnicode.test_slice2_error
numba-cache,0,0.0022504460066556,1,numba.tests.test_unicode.TestUnicode.test_slice2_error
numba-cache,0,8.499699470121413e-05,0,numba.tests.test_unicode.TestUnicode.test_slice2_error
numba-cache,0,0.3374015180015703,0,numba.tests.test_unicode.TestUnicode.test_slice2_error
numba-cache,0,4.630500916391611e-05,0,numba.tests.test_unicode.TestUnicode.test_slice2_error
numba-cache,0,7.968999852892011e-05,0,numba.tests.test_unicode.TestUnicode.test_slice2_error
numba-cache,0,7.466100214514881e-05,0,numba.tests.test_unicode.TestUnicode.test_slice2_error
numba-cache,0,0.5053071970032761,0,numba.tests.test_unicode.TestUnicode.test_slice2_error
numba-cache,1,0.0590667619981104,1,numba.tests.test_unicode.TestUnicode.test_slice2_error
numba-nocache,0,0.0247167289926437,0,numba.tests.test_unicode.TestUnicode.test_slice2_error
numba-nocache,0,4.015900776721537e-05,0,numba.tests.test_unicode.TestUnicode.test_slice2_error
numba-nocache,0,0.040502739007934,0,numba.tests.test_unicode.TestUnicode.test_slice2_error
numba-nocache,0,4.4419997720979154e-05,0,numba.tests.test_unicode.TestUnicode.test_slice2_error
numba-nocache,0,0.0343055720004485,0,numba.tests.test_unicode.TestUnicode.test_slice2_error
numba-nocache,0,3.918200673069805e-05,0,numba.tests.test_unicode.TestUnicode.test_slice2_error
numba-nocache,0,0.0197719719872111,0,numba.tests.test_unicode.TestUnicode.test_slice2_error
numba-nocache,0,9.323999984189868e-05,0,numba.tests.test_unicode.TestUnicode.test_slice2_error
numba-nocache,0,8.849000732880086e-05,0,numba.tests.test_unicode.TestUnicode.test_slice2_error
numba-nocache,0,3.296499198768288e-05,0,numba.tests.test_unicode.TestUnicode.test_slice2_error
numba-nocache,0,4.092699964530766e-05,0,numba.tests.test_unicode.TestUnicode.test_slice2_error
numba-nocache,0,0.0370244579971767,0,numba.tests.test_unicode.TestUnicode.test_slice2_error
numba-nocache,0,4.036900645587593e-05,0,numba.tests.test_unicode.TestUnicode.test_slice2_error
numba-nocache,0,0.0355470859940396,0,numba.tests.test_unicode.TestUnicode.test_slice2_error
numba-nocache,0,4.071799048688263e-05,0,numba.tests.test_unicode.TestUnicode.test_slice2_error
numba-nocache,0,0.0429676089988788,0,numba.tests.test_unicode.TestUnicode.test_slice2_error
numba-nocache,0,3.897199349012226e-05,0,numba.tests.test_unicode.TestUnicode.test_slice2_error
numba-nocache,0,3.408300108276308e-05,0,numba.tests.test_unicode.TestUnicode.test_slice2_error
numba-nocache,0,4.281399014871568e-05,0,numba.tests.test_unicode.TestUnicode.test_slice2_error
numba-nocache,0,0.1216958820004947,0,numba.tests.test_unicode.TestUnicode.test_slice2_error
numba-nocache,0,6.907401257194579e-05,0,numba.tests.test_unicode.TestUnicode.test_slice2_error
numba-nocache,0,0.0001177540107164,0,numba.tests.test_unicode.TestUnicode.test_slice2_error
numba-nocache,0,0.0404529410006944,0,numba.tests.test_unicode.TestUnicode.test_slice2_error
numba-nocache,0,4.916900070384145e-05,0,numba.tests.test_unicode.TestUnicode.test_slice2_error
numba-nocache,0,5.133399099577218e-05,0,numba.tests.test_unicode.TestUnicode.test_slice2_error
numba-nocache,0,6.67690037516877e-05,0,numba.tests.test_unicode.TestUnicode.test_slice2_error
numba-nocache,0,3.345499862916768e-05,0,numba.tests.test_unicode.TestUnicode.test_slice2_error
numba-nocache,0,3.1917006708681583e-05,0,numba.tests.test_unicode.TestUnicode.test_slice2_error
numba-nocache,0,5.273098940961063e-05,0,numba.tests.test_unicode.TestUnicode.test_slice2_error
numba-nocache,0,3.289600135758519e-05,0,numba.tests.test_unicode.TestUnicode.test_slice2_error
numba-nocache,0,3.429299977142364e-05,0,numba.tests.test_unicode.TestUnicode.test_slice2_error
numba-nocache,0,4.749299841932952e-05,0,numba.tests.test_unicode.TestUnicode.test_slice2_error
numba-nocache,0,6.816600216552615e-05,0,numba.tests.test_unicode.TestUnicode.test_slice2_error
numba-nocache,0,4.700399585999549e-05,0,numba.tests.test_unicode.TestUnicode.test_slice2_error
numba-nocache,0,3.2894997275434434e-05,0,numba.tests.test_unicode.TestUnicode.test_slice2_error
numba-nocache,0,0.0335968129948014,0,numba.tests.test_unicode.TestUnicode.test_slice2_error
numba-nocache,0,0.0001016200112644,0,numba.tests.test_unicode.TestUnicode.test_slice2_error
numba-nocache,0,0.5362215939967427,0,numba.tests.test_unicode.TestUnicode.test_slice2_error
numba-nocache,0,6.809599290136248e-05,0,numba.tests.test_unicode.TestUnicode.test_slice2_error
numba-nocache,0,4.435000300873071e-05,0,numba.tests.test_unicode.TestUnicode.test_slice2_error
numba-nocache,0,0.000126764003653,0,numba.tests.test_unicode.TestUnicode.test_slice2_error
numba-nocache,0,0.705870699006482,0,numba.tests.test_unicode.TestUnicode.test_slice2_error
numba-cache,0,0.0572979999997187,0,numba.tests.test_analysis.TestBranchPrunePostSemanticConstRewrites.test_attr_not_len
numba-cache,1,0.0573955060099251,0,numba.tests.test_analysis.TestBranchPrunePostSemanticConstRewrites.test_attr_not_len
numba-nocache,0,0.0579991830018116,0,numba.tests.test_analysis.TestBranchPrunePostSemanticConstRewrites.test_attr_not_len
numba-cache,0,0.1752055529941572,0,numba.tests.test_indexing.TestGetItem.test_3d_slicing
numba-cache,0,0.109472468990134,0,numba.tests.test_indexing.TestGetItem.test_3d_slicing
numba-cache,0,0.1071421249944251,0,numba.tests.test_indexing.TestGetItem.test_3d_slicing
numba-cache,0,0.1057387919863686,0,numba.tests.test_indexing.TestGetItem.test_3d_slicing
numba-cache,0,0.095551306993002,0,numba.tests.test_indexing.TestGetItem.test_3d_slicing
numba-cache,0,0.0909522879956057,0,numba.tests.test_indexing.TestGetItem.test_3d_slicing
numba-cache,0,0.0937054560054093,0,numba.tests.test_indexing.TestGetItem.test_3d_slicing
numba-cache,0,0.0983230510028079,0,numba.tests.test_indexing.TestGetItem.test_3d_slicing
numba-cache,1,0.059475617003045,1,numba.tests.test_indexing.TestGetItem.test_3d_slicing
numba-cache,1,0.0022151860030135,1,numba.tests.test_indexing.TestGetItem.test_3d_slicing
numba-cache,1,0.0019435700087342,1,numba.tests.test_indexing.TestGetItem.test_3d_slicing
numba-cache,1,0.0018924460018752,1,numba.tests.test_indexing.TestGetItem.test_3d_slicing
numba-cache,1,0.0018807119922712,1,numba.tests.test_indexing.TestGetItem.test_3d_slicing
numba-cache,1,0.0020838820055359,1,numba.tests.test_indexing.TestGetItem.test_3d_slicing
numba-cache,1,0.0019546750118024,1,numba.tests.test_indexing.TestGetItem.test_3d_slicing
numba-cache,1,0.0018897909903898,1,numba.tests.test_indexing.TestGetItem.test_3d_slicing
numba-nocache,0,0.1794705920037813,0,numba.tests.test_indexing.TestGetItem.test_3d_slicing
numba-nocache,0,0.1088247360021341,0,numba.tests.test_indexing.TestGetItem.test_3d_slicing
numba-nocache,0,0.1050930679921293,0,numba.tests.test_indexing.TestGetItem.test_3d_slicing
numba-nocache,0,0.1021559939981671,0,numba.tests.test_indexing.TestGetItem.test_3d_slicing
numba-nocache,0,0.0889957019971916,0,numba.tests.test_indexing.TestGetItem.test_3d_slicing
numba-nocache,0,0.0861969169927761,0,numba.tests.test_indexing.TestGetItem.test_3d_slicing
numba-nocache,0,0.088429701005225,0,numba.tests.test_indexing.TestGetItem.test_3d_slicing
numba-nocache,0,0.0847690619993954,0,numba.tests.test_indexing.TestGetItem.test_3d_slicing
numba-cache,0,0.0613052480039186,0,numba.tests.test_array_manipulation.TestArrayManipulation.test_broadcast_to_raises
numba-cache,0,0.0003337050002301,0,numba.tests.test_array_manipulation.TestArrayManipulation.test_broadcast_to_raises
numba-cache,0,0.0002036590012721,0,numba.tests.test_array_manipulation.TestArrayManipulation.test_broadcast_to_raises
numba-cache,0,0.004563747002976,0,numba.tests.test_array_manipulation.TestArrayManipulation.test_broadcast_to_raises
numba-cache,0,0.0050245649908902,0,numba.tests.test_array_manipulation.TestArrayManipulation.test_broadcast_to_raises
numba-cache,0,0.0021725719998357,1,numba.tests.test_array_manipulation.TestArrayManipulation.test_broadcast_to_raises
numba-cache,0,3.869300417136401e-05,0,numba.tests.test_array_manipulation.TestArrayManipulation.test_broadcast_to_raises
numba-cache,0,0.0741979190061101,0,numba.tests.test_array_manipulation.TestArrayManipulation.test_broadcast_to_raises
numba-cache,0,4.630499461200088e-05,0,numba.tests.test_array_manipulation.TestArrayManipulation.test_broadcast_to_raises
numba-cache,0,4.5536988181993365e-05,0,numba.tests.test_array_manipulation.TestArrayManipulation.test_broadcast_to_raises
numba-cache,0,3.3873002394102514e-05,0,numba.tests.test_array_manipulation.TestArrayManipulation.test_broadcast_to_raises
numba-cache,0,0.1323979969893116,0,numba.tests.test_array_manipulation.TestArrayManipulation.test_broadcast_to_raises
numba-cache,0,4.400100442580879e-05,0,numba.tests.test_array_manipulation.TestArrayManipulation.test_broadcast_to_raises
numba-cache,0,4.064801032654941e-05,0,numba.tests.test_array_manipulation.TestArrayManipulation.test_broadcast_to_raises
numba-cache,0,0.1935383480013115,0,numba.tests.test_array_manipulation.TestArrayManipulation.test_broadcast_to_raises
numba-cache,0,0.0175057279993779,0,numba.tests.test_array_manipulation.TestArrayManipulation.test_broadcast_to_raises
numba-cache,0,4.490799619816244e-05,0,numba.tests.test_array_manipulation.TestArrayManipulation.test_broadcast_to_raises
numba-cache,0,0.0711576320027234,0,numba.tests.test_array_manipulation.TestArrayManipulation.test_broadcast_to_raises
numba-cache,0,4.518800415098667e-05,0,numba.tests.test_array_manipulation.TestArrayManipulation.test_broadcast_to_raises
numba-cache,0,4.763199831359088e-05,0,numba.tests.test_array_manipulation.TestArrayManipulation.test_broadcast_to_raises
numba-cache,0,3.3873002394102514e-05,0,numba.tests.test_array_manipulation.TestArrayManipulation.test_broadcast_to_raises
numba-cache,0,0.1406945829949109,0,numba.tests.test_array_manipulation.TestArrayManipulation.test_broadcast_to_raises
numba-cache,0,4.14160022046417e-05,0,numba.tests.test_array_manipulation.TestArrayManipulation.test_broadcast_to_raises
numba-cache,0,3.6177996662445366e-05,0,numba.tests.test_array_manipulation.TestArrayManipulation.test_broadcast_to_raises
numba-cache,0,0.2065094520075945,0,numba.tests.test_array_manipulation.TestArrayManipulation.test_broadcast_to_raises
numba-cache,0,7.375300629064441e-05,0,numba.tests.test_array_manipulation.TestArrayManipulation.test_broadcast_to_raises
numba-cache,0,0.065471106005134,0,numba.tests.test_array_manipulation.TestArrayManipulation.test_broadcast_to_raises
numba-cache,0,6.062199827283621e-05,0,numba.tests.test_array_manipulation.TestArrayManipulation.test_broadcast_to_raises
numba-cache,0,0.000104763006675,0,numba.tests.test_array_manipulation.TestArrayManipulation.test_broadcast_to_raises
numba-cache,0,3.527000080794096e-05,0,numba.tests.test_array_manipulation.TestArrayManipulation.test_broadcast_to_raises
numba-cache,0,0.113620449003065,0,numba.tests.test_array_manipulation.TestArrayManipulation.test_broadcast_to_raises
numba-cache,0,4.183499549981207e-05,0,numba.tests.test_array_manipulation.TestArrayManipulation.test_broadcast_to_raises
numba-cache,0,3.81339923478663e-05,0,numba.tests.test_array_manipulation.TestArrayManipulation.test_broadcast_to_raises
numba-cache,0,0.1730576349946204,0,numba.tests.test_array_manipulation.TestArrayManipulation.test_broadcast_to_raises
numba-cache,0,0.0030580960010411,1,numba.tests.test_array_manipulation.TestArrayManipulation.test_broadcast_to_raises
numba-cache,0,5.4966003517620265e-05,0,numba.tests.test_array_manipulation.TestArrayManipulation.test_broadcast_to_raises
numba-cache,0,4.707298649009317e-05,0,numba.tests.test_array_manipulation.TestArrayManipulation.test_broadcast_to_raises
numba-cache,0,0.0450075749977259,0,numba.tests.test_array_manipulation.TestArrayManipulation.test_broadcast_to_raises
numba-cache,0,4.050799179822207e-05,0,numba.tests.test_array_manipulation.TestArrayManipulation.test_broadcast_to_raises
numba-cache,0,5.782900552731007e-05,0,numba.tests.test_array_manipulation.TestArrayManipulation.test_broadcast_to_raises
numba-cache,0,0.1073407549993135,0,numba.tests.test_array_manipulation.TestArrayManipulation.test_broadcast_to_raises
numba-cache,0,0.0049334200011799,0,numba.tests.test_array_manipulation.TestArrayManipulation.test_broadcast_to_raises
numba-cache,0,0.0043732889898819,0,numba.tests.test_array_manipulation.TestArrayManipulation.test_broadcast_to_raises
numba-cache,0,0.0097564909956417,0,numba.tests.test_array_manipulation.TestArrayManipulation.test_broadcast_to_raises
numba-cache,1,0.0642425590049242,0,numba.tests.test_array_manipulation.TestArrayManipulation.test_broadcast_to_raises
numba-cache,1,0.000456280002254,0,numba.tests.test_array_manipulation.TestArrayManipulation.test_broadcast_to_raises
numba-cache,1,0.0002670070098247,0,numba.tests.test_array_manipulation.TestArrayManipulation.test_broadcast_to_raises
numba-cache,1,0.004933306001476,0,numba.tests.test_array_manipulation.TestArrayManipulation.test_broadcast_to_raises
numba-cache,1,0.0047056899929884,0,numba.tests.test_array_manipulation.TestArrayManipulation.test_broadcast_to_raises
numba-cache,1,0.0029289040103321,1,numba.tests.test_array_manipulation.TestArrayManipulation.test_broadcast_to_raises
numba-cache,1,0.003334476990858,1,numba.tests.test_array_manipulation.TestArrayManipulation.test_broadcast_to_raises
numba-cache,1,0.0025373679964104,1,numba.tests.test_array_manipulation.TestArrayManipulation.test_broadcast_to_raises
numba-cache,1,0.0024165409995475,1,numba.tests.test_array_manipulation.TestArrayManipulation.test_broadcast_to_raises
numba-cache,1,0.0046838289999868,0,numba.tests.test_array_manipulation.TestArrayManipulation.test_broadcast_to_raises
numba-cache,1,0.0088745030079735,0,numba.tests.test_array_manipulation.TestArrayManipulation.test_broadcast_to_raises
numba-cache,1,0.0056590359890833,0,numba.tests.test_array_manipulation.TestArrayManipulation.test_broadcast_to_raises
numba-nocache,0,0.0623376389994518,0,numba.tests.test_array_manipulation.TestArrayManipulation.test_broadcast_to_raises
numba-nocache,0,7.354399713221937e-05,0,numba.tests.test_array_manipulation.TestArrayManipulation.test_broadcast_to_raises
numba-nocache,0,4.679399717133492e-05,0,numba.tests.test_array_manipulation.TestArrayManipulation.test_broadcast_to_raises
numba-nocache,0,0.0047267790068872,0,numba.tests.test_array_manipulation.TestArrayManipulation.test_broadcast_to_raises
numba-nocache,0,0.0045388330036075,0,numba.tests.test_array_manipulation.TestArrayManipulation.test_broadcast_to_raises
numba-nocache,0,0.0158307090023299,0,numba.tests.test_array_manipulation.TestArrayManipulation.test_broadcast_to_raises
numba-nocache,0,4.497899499256164e-05,0,numba.tests.test_array_manipulation.TestArrayManipulation.test_broadcast_to_raises
numba-nocache,0,0.0698269569984404,0,numba.tests.test_array_manipulation.TestArrayManipulation.test_broadcast_to_raises
numba-nocache,0,0.0001391249970765,0,numba.tests.test_array_manipulation.TestArrayManipulation.test_broadcast_to_raises
numba-nocache,0,0.0001120960077969,0,numba.tests.test_array_manipulation.TestArrayManipulation.test_broadcast_to_raises
numba-nocache,0,9.414700616616756e-05,0,numba.tests.test_array_manipulation.TestArrayManipulation.test_broadcast_to_raises
numba-nocache,0,0.1443688190047396,0,numba.tests.test_array_manipulation.TestArrayManipulation.test_broadcast_to_raises
numba-nocache,0,4.106700362171978e-05,0,numba.tests.test_array_manipulation.TestArrayManipulation.test_broadcast_to_raises
numba-nocache,0,3.708599251694977e-05,0,numba.tests.test_array_manipulation.TestArrayManipulation.test_broadcast_to_raises
numba-nocache,0,0.2092567460058489,0,numba.tests.test_array_manipulation.TestArrayManipulation.test_broadcast_to_raises
numba-nocache,0,0.0121832709992304,0,numba.tests.test_array_manipulation.TestArrayManipulation.test_broadcast_to_raises
numba-nocache,0,4.0996994357556105e-05,0,numba.tests.test_array_manipulation.TestArrayManipulation.test_broadcast_to_raises
numba-nocache,0,0.0736250440095318,0,numba.tests.test_array_manipulation.TestArrayManipulation.test_broadcast_to_raises
numba-nocache,0,8.63250024849549e-05,0,numba.tests.test_array_manipulation.TestArrayManipulation.test_broadcast_to_raises
numba-nocache,0,8.681400504428893e-05,0,numba.tests.test_array_manipulation.TestArrayManipulation.test_broadcast_to_raises
numba-nocache,0,5.7201003073714674e-05,0,numba.tests.test_array_manipulation.TestArrayManipulation.test_broadcast_to_raises
numba-nocache,0,0.1437040609889663,0,numba.tests.test_array_manipulation.TestArrayManipulation.test_broadcast_to_raises
numba-nocache,0,4.763199831359088e-05,0,numba.tests.test_array_manipulation.TestArrayManipulation.test_broadcast_to_raises
numba-nocache,0,3.945999196730554e-05,0,numba.tests.test_array_manipulation.TestArrayManipulation.test_broadcast_to_raises
numba-nocache,0,0.2119398729992099,0,numba.tests.test_array_manipulation.TestArrayManipulation.test_broadcast_to_raises
numba-nocache,0,7.591799658257514e-05,0,numba.tests.test_array_manipulation.TestArrayManipulation.test_broadcast_to_raises
numba-nocache,0,0.0678916990000289,0,numba.tests.test_array_manipulation.TestArrayManipulation.test_broadcast_to_raises
numba-nocache,0,6.02040090598166e-05,0,numba.tests.test_array_manipulation.TestArrayManipulation.test_broadcast_to_raises
numba-nocache,0,4.323299799580127e-05,0,numba.tests.test_array_manipulation.TestArrayManipulation.test_broadcast_to_raises
numba-nocache,0,3.527000080794096e-05,0,numba.tests.test_array_manipulation.TestArrayManipulation.test_broadcast_to_raises
numba-nocache,0,0.1159223770082462,0,numba.tests.test_array_manipulation.TestArrayManipulation.test_broadcast_to_raises
numba-nocache,0,3.8412996218539774e-05,0,numba.tests.test_array_manipulation.TestArrayManipulation.test_broadcast_to_raises
numba-nocache,0,3.624800592660904e-05,0,numba.tests.test_array_manipulation.TestArrayManipulation.test_broadcast_to_raises
numba-nocache,0,0.177809116008575,0,numba.tests.test_array_manipulation.TestArrayManipulation.test_broadcast_to_raises
numba-nocache,0,0.0001078360073734,0,numba.tests.test_array_manipulation.TestArrayManipulation.test_broadcast_to_raises
numba-nocache,0,7.165799615904689e-05,0,numba.tests.test_array_manipulation.TestArrayManipulation.test_broadcast_to_raises
numba-nocache,0,7.703599112574011e-05,0,numba.tests.test_array_manipulation.TestArrayManipulation.test_broadcast_to_raises
numba-nocache,0,4.162600089330226e-05,0,numba.tests.test_array_manipulation.TestArrayManipulation.test_broadcast_to_raises
numba-nocache,0,0.0511924339953111,0,numba.tests.test_array_manipulation.TestArrayManipulation.test_broadcast_to_raises
numba-nocache,0,5.377900379244238e-05,0,numba.tests.test_array_manipulation.TestArrayManipulation.test_broadcast_to_raises
numba-nocache,0,4.916900070384145e-05,0,numba.tests.test_array_manipulation.TestArrayManipulation.test_broadcast_to_raises
numba-nocache,0,0.0943315750046167,0,numba.tests.test_array_manipulation.TestArrayManipulation.test_broadcast_to_raises
numba-nocache,0,6.725800631102175e-05,0,numba.tests.test_array_manipulation.TestArrayManipulation.test_broadcast_to_raises
numba-nocache,0,6.111199036240578e-05,0,numba.tests.test_array_manipulation.TestArrayManipulation.test_broadcast_to_raises
numba-nocache,0,0.1631540609960211,0,numba.tests.test_array_manipulation.TestArrayManipulation.test_broadcast_to_raises
numba-nocache,0,0.0055582510103704,0,numba.tests.test_array_manipulation.TestArrayManipulation.test_broadcast_to_raises
numba-nocache,0,0.0053172249899944,0,numba.tests.test_array_manipulation.TestArrayManipulation.test_broadcast_to_raises
numba-nocache,0,0.0045417679939419,0,numba.tests.test_array_manipulation.TestArrayManipulation.test_broadcast_to_raises
numba-cache,0,0.1228062620066339,0,numba.tests.test_ufuncs.TestLoopTypesInt.test_floor_B_B
numba-cache,1,0.1127960390003863,0,numba.tests.test_ufuncs.TestLoopTypesInt.test_floor_B_B
numba-nocache,0,0.1202209540060721,0,numba.tests.test_ufuncs.TestLoopTypesInt.test_floor_B_B
numba-cache,0,0.1061317229905398,0,numba.tests.test_array_reductions.TestArrayReductions.test_array_mean_int32_1d
numba-cache,0,5.6222997955046594e-05,0,numba.tests.test_array_reductions.TestArrayReductions.test_array_mean_int32_1d
numba-cache,0,3.9601000025868416e-05,0,numba.tests.test_array_reductions.TestArrayReductions.test_array_mean_int32_1d
numba-cache,0,0.0001033659937093,0,numba.tests.test_array_reductions.TestArrayReductions.test_array_mean_int32_1d
numba-cache,0,0.2127599509985884,0,numba.tests.test_array_reductions.TestArrayReductions.test_array_mean_int32_1d
numba-cache,1,0.0567155919998185,1,numba.tests.test_array_reductions.TestArrayReductions.test_array_mean_int32_1d
numba-nocache,0,0.1161225450050551,0,numba.tests.test_array_reductions.TestArrayReductions.test_array_mean_int32_1d
numba-nocache,0,4.288300988264382e-05,0,numba.tests.test_array_reductions.TestArrayReductions.test_array_mean_int32_1d
numba-nocache,0,3.918100264854729e-05,0,numba.tests.test_array_reductions.TestArrayReductions.test_array_mean_int32_1d
numba-nocache,0,8.828099817037582e-05,0,numba.tests.test_array_reductions.TestArrayReductions.test_array_mean_int32_1d
numba-nocache,0,0.2221810420014662,0,numba.tests.test_array_reductions.TestArrayReductions.test_array_mean_int32_1d
numba-cache,0,0.0677262149984017,0,numba.tests.test_unicode.TestUnicode.test_repeat_exception_float
numba-cache,1,0.0589536170009523,0,numba.tests.test_unicode.TestUnicode.test_repeat_exception_float
numba-nocache,0,0.0616903420013841,0,numba.tests.test_unicode.TestUnicode.test_repeat_exception_float
numba-cache,0,0.0699268629978178,0,numba.tests.test_interpreter.TestLargeConstDict.test_large_const_dict_inline_controlflow
numba-cache,1,0.0625159900082508,0,numba.tests.test_interpreter.TestLargeConstDict.test_large_const_dict_inline_controlflow
numba-nocache,0,0.0645224430045345,0,numba.tests.test_interpreter.TestLargeConstDict.test_large_const_dict_inline_controlflow
numba-cache,0,0.0192797960044117,0,numba.tests.doc_examples.test_parallel_chunksize.ChunksizeExamplesTest.test_chunksize_manual
numba-cache,0,4.323199391365051e-05,0,numba.tests.doc_examples.test_parallel_chunksize.ChunksizeExamplesTest.test_chunksize_manual
numba-cache,0,6.432400550693274e-05,0,numba.tests.doc_examples.test_parallel_chunksize.ChunksizeExamplesTest.test_chunksize_manual
numba-cache,0,6.055300764273852e-05,0,numba.tests.doc_examples.test_parallel_chunksize.ChunksizeExamplesTest.test_chunksize_manual
numba-cache,0,5.377799971029162e-05,0,numba.tests.doc_examples.test_parallel_chunksize.ChunksizeExamplesTest.test_chunksize_manual
numba-cache,0,7.724500028416514e-05,0,numba.tests.doc_examples.test_parallel_chunksize.ChunksizeExamplesTest.test_chunksize_manual
numba-cache,0,3.6177996662445366e-05,0,numba.tests.doc_examples.test_parallel_chunksize.ChunksizeExamplesTest.test_chunksize_manual
numba-cache,0,3.289600135758519e-05,0,numba.tests.doc_examples.test_parallel_chunksize.ChunksizeExamplesTest.test_chunksize_manual
numba-cache,0,4.567700671032071e-05,0,numba.tests.doc_examples.test_parallel_chunksize.ChunksizeExamplesTest.test_chunksize_manual
numba-cache,0,3.0520997825078666e-05,0,numba.tests.doc_examples.test_parallel_chunksize.ChunksizeExamplesTest.test_chunksize_manual
numba-cache,0,0.0058806209999602,1,numba.tests.doc_examples.test_parallel_chunksize.ChunksizeExamplesTest.test_chunksize_manual
numba-cache,0,4.4558997615240514e-05,0,numba.tests.doc_examples.test_parallel_chunksize.ChunksizeExamplesTest.test_chunksize_manual
numba-cache,0,3.96699906559661e-05,0,numba.tests.doc_examples.test_parallel_chunksize.ChunksizeExamplesTest.test_chunksize_manual
numba-cache,0,7.144799747038633e-05,0,numba.tests.doc_examples.test_parallel_chunksize.ChunksizeExamplesTest.test_chunksize_manual
numba-cache,0,0.0647510879934998,0,numba.tests.doc_examples.test_parallel_chunksize.ChunksizeExamplesTest.test_chunksize_manual
numba-cache,0,4.204500874038786e-05,0,numba.tests.doc_examples.test_parallel_chunksize.ChunksizeExamplesTest.test_chunksize_manual
numba-cache,0,0.0249099650100106,0,numba.tests.doc_examples.test_parallel_chunksize.ChunksizeExamplesTest.test_chunksize_manual
numba-cache,0,4.854000872001052e-05,0,numba.tests.doc_examples.test_parallel_chunksize.ChunksizeExamplesTest.test_chunksize_manual
numba-cache,0,6.104199565015733e-05,0,numba.tests.doc_examples.test_parallel_chunksize.ChunksizeExamplesTest.test_chunksize_manual
numba-cache,0,0.4535505289968569,0,numba.tests.doc_examples.test_parallel_chunksize.ChunksizeExamplesTest.test_chunksize_manual
numba-cache,0,8.297199383378029e-05,0,numba.tests.doc_examples.test_parallel_chunksize.ChunksizeExamplesTest.test_chunksize_manual
numba-cache,0,0.0281706749956356,0,numba.tests.doc_examples.test_parallel_chunksize.ChunksizeExamplesTest.test_chunksize_manual
numba-cache,0,4.1835010051727295e-05,0,numba.tests.doc_examples.test_parallel_chunksize.ChunksizeExamplesTest.test_chunksize_manual
numba-cache,0,0.0241176080016884,0,numba.tests.doc_examples.test_parallel_chunksize.ChunksizeExamplesTest.test_chunksize_manual
numba-cache,0,5.3360010497272015e-05,0,numba.tests.doc_examples.test_parallel_chunksize.ChunksizeExamplesTest.test_chunksize_manual
numba-cache,0,4.9587004468776286e-05,0,numba.tests.doc_examples.test_parallel_chunksize.ChunksizeExamplesTest.test_chunksize_manual
numba-cache,0,3.799400292336941e-05,0,numba.tests.doc_examples.test_parallel_chunksize.ChunksizeExamplesTest.test_chunksize_manual
numba-cache,0,0.0001048319973051,0,numba.tests.doc_examples.test_parallel_chunksize.ChunksizeExamplesTest.test_chunksize_manual
numba-cache,0,3.9601000025868416e-05,0,numba.tests.doc_examples.test_parallel_chunksize.ChunksizeExamplesTest.test_chunksize_manual
numba-cache,0,3.289600135758519e-05,0,numba.tests.doc_examples.test_parallel_chunksize.ChunksizeExamplesTest.test_chunksize_manual
numba-cache,0,6.39060017419979e-05,0,numba.tests.doc_examples.test_parallel_chunksize.ChunksizeExamplesTest.test_chunksize_manual
numba-cache,0,9.617299656383692e-05,0,numba.tests.doc_examples.test_parallel_chunksize.ChunksizeExamplesTest.test_chunksize_manual
numba-cache,0,0.250888506998308,0,numba.tests.doc_examples.test_parallel_chunksize.ChunksizeExamplesTest.test_chunksize_manual
numba-cache,1,0.0206531160074519,0,numba.tests.doc_examples.test_parallel_chunksize.ChunksizeExamplesTest.test_chunksize_manual
numba-cache,1,3.6666999221779406e-05,0,numba.tests.doc_examples.test_parallel_chunksize.ChunksizeExamplesTest.test_chunksize_manual
numba-cache,1,3.994999860879034e-05,0,numba.tests.doc_examples.test_parallel_chunksize.ChunksizeExamplesTest.test_chunksize_manual
numba-cache,1,4.113699833396822e-05,0,numba.tests.doc_examples.test_parallel_chunksize.ChunksizeExamplesTest.test_chunksize_manual
numba-cache,1,3.184800152666867e-05,0,numba.tests.doc_examples.test_parallel_chunksize.ChunksizeExamplesTest.test_chunksize_manual
numba-cache,1,3.289600135758519e-05,0,numba.tests.doc_examples.test_parallel_chunksize.ChunksizeExamplesTest.test_chunksize_manual
numba-cache,1,5.0775997806340456e-05,0,numba.tests.doc_examples.test_parallel_chunksize.ChunksizeExamplesTest.test_chunksize_manual
numba-cache,1,3.240699879825115e-05,0,numba.tests.doc_examples.test_parallel_chunksize.ChunksizeExamplesTest.test_chunksize_manual
numba-cache,1,7.305500912480056e-05,0,numba.tests.doc_examples.test_parallel_chunksize.ChunksizeExamplesTest.test_chunksize_manual
numba-cache,1,3.562000347301364e-05,0,numba.tests.doc_examples.test_parallel_chunksize.ChunksizeExamplesTest.test_chunksize_manual
numba-cache,1,0.0025352719967486,1,numba.tests.doc_examples.test_parallel_chunksize.ChunksizeExamplesTest.test_chunksize_manual
numba-cache,1,3.7784993764944375e-05,0,numba.tests.doc_examples.test_parallel_chunksize.ChunksizeExamplesTest.test_chunksize_manual
numba-cache,1,0.0238157809944823,0,numba.tests.doc_examples.test_parallel_chunksize.ChunksizeExamplesTest.test_chunksize_manual
numba-cache,1,4.386100044939667e-05,0,numba.tests.doc_examples.test_parallel_chunksize.ChunksizeExamplesTest.test_chunksize_manual
numba-cache,1,9.910599328577518e-05,0,numba.tests.doc_examples.test_parallel_chunksize.ChunksizeExamplesTest.test_chunksize_manual
numba-cache,1,0.3982638619927456,0,numba.tests.doc_examples.test_parallel_chunksize.ChunksizeExamplesTest.test_chunksize_manual
numba-cache,1,9.87559906207025e-05,0,numba.tests.doc_examples.test_parallel_chunksize.ChunksizeExamplesTest.test_chunksize_manual
numba-cache,1,0.0277926679991651,0,numba.tests.doc_examples.test_parallel_chunksize.ChunksizeExamplesTest.test_chunksize_manual
numba-cache,1,6.495400157291442e-05,0,numba.tests.doc_examples.test_parallel_chunksize.ChunksizeExamplesTest.test_chunksize_manual
numba-cache,1,0.0230737079982645,0,numba.tests.doc_examples.test_parallel_chunksize.ChunksizeExamplesTest.test_chunksize_manual
numba-cache,1,3.806401218753308e-05,0,numba.tests.doc_examples.test_parallel_chunksize.ChunksizeExamplesTest.test_chunksize_manual
numba-cache,1,3.240699879825115e-05,0,numba.tests.doc_examples.test_parallel_chunksize.ChunksizeExamplesTest.test_chunksize_manual
numba-cache,1,3.589899279177189e-05,0,numba.tests.doc_examples.test_parallel_chunksize.ChunksizeExamplesTest.test_chunksize_manual
numba-cache,1,3.527000080794096e-05,0,numba.tests.doc_examples.test_parallel_chunksize.ChunksizeExamplesTest.test_chunksize_manual
numba-cache,1,3.289598680566996e-05,0,numba.tests.doc_examples.test_parallel_chunksize.ChunksizeExamplesTest.test_chunksize_manual
numba-cache,1,3.527000080794096e-05,0,numba.tests.doc_examples.test_parallel_chunksize.ChunksizeExamplesTest.test_chunksize_manual
numba-cache,1,3.429201024118811e-05,0,numba.tests.doc_examples.test_parallel_chunksize.ChunksizeExamplesTest.test_chunksize_manual
numba-cache,1,7.983000250533223e-05,0,numba.tests.doc_examples.test_parallel_chunksize.ChunksizeExamplesTest.test_chunksize_manual
numba-cache,1,0.2534047220106004,0,numba.tests.doc_examples.test_parallel_chunksize.ChunksizeExamplesTest.test_chunksize_manual
numba-nocache,0,0.0188039600034244,0,numba.tests.doc_examples.test_parallel_chunksize.ChunksizeExamplesTest.test_chunksize_manual
numba-nocache,0,7.45209981687367e-05,0,numba.tests.doc_examples.test_parallel_chunksize.ChunksizeExamplesTest.test_chunksize_manual
numba-nocache,0,5.21019974257797e-05,0,numba.tests.doc_examples.test_parallel_chunksize.ChunksizeExamplesTest.test_chunksize_manual
numba-nocache,0,4.34420071542263e-05,0,numba.tests.doc_examples.test_parallel_chunksize.ChunksizeExamplesTest.test_chunksize_manual
numba-nocache,0,6.250900332815945e-05,0,numba.tests.doc_examples.test_parallel_chunksize.ChunksizeExamplesTest.test_chunksize_manual
numba-nocache,0,3.624800592660904e-05,0,numba.tests.doc_examples.test_parallel_chunksize.ChunksizeExamplesTest.test_chunksize_manual
numba-nocache,0,3.2894997275434434e-05,0,numba.tests.doc_examples.test_parallel_chunksize.ChunksizeExamplesTest.test_chunksize_manual
numba-nocache,0,3.541000478435308e-05,0,numba.tests.doc_examples.test_parallel_chunksize.ChunksizeExamplesTest.test_chunksize_manual
numba-nocache,0,0.0002174879919039,0,numba.tests.doc_examples.test_parallel_chunksize.ChunksizeExamplesTest.test_chunksize_manual
numba-nocache,0,5.035600042901933e-05,0,numba.tests.doc_examples.test_parallel_chunksize.ChunksizeExamplesTest.test_chunksize_manual
numba-nocache,0,0.0255080409988295,0,numba.tests.doc_examples.test_parallel_chunksize.ChunksizeExamplesTest.test_chunksize_manual
numba-nocache,0,3.9111997466534376e-05,0,numba.tests.doc_examples.test_parallel_chunksize.ChunksizeExamplesTest.test_chunksize_manual
numba-nocache,0,4.623501445166767e-05,0,numba.tests.doc_examples.test_parallel_chunksize.ChunksizeExamplesTest.test_chunksize_manual
numba-nocache,0,9.714999760035424e-05,0,numba.tests.doc_examples.test_parallel_chunksize.ChunksizeExamplesTest.test_chunksize_manual
numba-nocache,0,0.0806111479905666,0,numba.tests.doc_examples.test_parallel_chunksize.ChunksizeExamplesTest.test_chunksize_manual
numba-nocache,0,3.8622994907200336e-05,0,numba.tests.doc_examples.test_parallel_chunksize.ChunksizeExamplesTest.test_chunksize_manual
numba-nocache,0,0.0250708300009137,0,numba.tests.doc_examples.test_parallel_chunksize.ChunksizeExamplesTest.test_chunksize_manual
numba-nocache,0,3.7156001781113446e-05,0,numba.tests.doc_examples.test_parallel_chunksize.ChunksizeExamplesTest.test_chunksize_manual
numba-nocache,0,8.55570106068626e-05,0,numba.tests.doc_examples.test_parallel_chunksize.ChunksizeExamplesTest.test_chunksize_manual
numba-nocache,0,0.5067500789882615,0,numba.tests.doc_examples.test_parallel_chunksize.ChunksizeExamplesTest.test_chunksize_manual
numba-nocache,0,0.0001030869898386,0,numba.tests.doc_examples.test_parallel_chunksize.ChunksizeExamplesTest.test_chunksize_manual
numba-nocache,0,0.029098556988174,0,numba.tests.doc_examples.test_parallel_chunksize.ChunksizeExamplesTest.test_chunksize_manual
numba-nocache,0,3.90419882023707e-05,0,numba.tests.doc_examples.test_parallel_chunksize.ChunksizeExamplesTest.test_chunksize_manual
numba-nocache,0,0.0243626290030078,0,numba.tests.doc_examples.test_parallel_chunksize.ChunksizeExamplesTest.test_chunksize_manual
numba-nocache,0,4.819099558517337e-05,0,numba.tests.doc_examples.test_parallel_chunksize.ChunksizeExamplesTest.test_chunksize_manual
numba-nocache,0,4.239399277139455e-05,0,numba.tests.doc_examples.test_parallel_chunksize.ChunksizeExamplesTest.test_chunksize_manual
numba-nocache,0,3.240699879825115e-05,0,numba.tests.doc_examples.test_parallel_chunksize.ChunksizeExamplesTest.test_chunksize_manual
numba-nocache,0,5.671101098414511e-05,0,numba.tests.doc_examples.test_parallel_chunksize.ChunksizeExamplesTest.test_chunksize_manual
numba-nocache,0,3.953100531361997e-05,0,numba.tests.doc_examples.test_parallel_chunksize.ChunksizeExamplesTest.test_chunksize_manual
numba-nocache,0,3.9252001442946494e-05,0,numba.tests.doc_examples.test_parallel_chunksize.ChunksizeExamplesTest.test_chunksize_manual
numba-nocache,0,5.817899364046753e-05,0,numba.tests.doc_examples.test_parallel_chunksize.ChunksizeExamplesTest.test_chunksize_manual
numba-nocache,0,9.023600432556124e-05,0,numba.tests.doc_examples.test_parallel_chunksize.ChunksizeExamplesTest.test_chunksize_manual
numba-nocache,0,0.2528211559983901,0,numba.tests.doc_examples.test_parallel_chunksize.ChunksizeExamplesTest.test_chunksize_manual
numba-cache,0,0.002175156987505,1,numba.tests.test_stencils.TestManyStencils.test_basic73b
numba-cache,0,4.057800106238574e-05,0,numba.tests.test_stencils.TestManyStencils.test_basic73b
numba-cache,0,3.6666999221779406e-05,0,numba.tests.test_stencils.TestManyStencils.test_basic73b
numba-cache,0,6.872499943710864e-05,0,numba.tests.test_stencils.TestManyStencils.test_basic73b
numba-cache,0,0.0638074529997538,0,numba.tests.test_stencils.TestManyStencils.test_basic73b
numba-cache,0,5.1404000259935856e-05,0,numba.tests.test_stencils.TestManyStencils.test_basic73b
numba-cache,0,8.171499939635396e-05,0,numba.tests.test_stencils.TestManyStencils.test_basic73b
numba-cache,0,7.019098848104477e-05,0,numba.tests.test_stencils.TestManyStencils.test_basic73b
numba-cache,0,0.000113563000923,0,numba.tests.test_stencils.TestManyStencils.test_basic73b
numba-cache,0,0.0001560969976708,0,numba.tests.test_stencils.TestManyStencils.test_basic73b
numba-cache,0,0.0001116769999498,0,numba.tests.test_stencils.TestManyStencils.test_basic73b
numba-cache,0,0.0353477019962156,0,numba.tests.test_stencils.TestManyStencils.test_basic73b
numba-cache,0,0.0026412129955133,1,numba.tests.test_stencils.TestManyStencils.test_basic73b
numba-cache,0,4.085799446329474e-05,0,numba.tests.test_stencils.TestManyStencils.test_basic73b
numba-cache,1,0.0028583630046341,1,numba.tests.test_stencils.TestManyStencils.test_basic73b
numba-cache,1,8.339200576301664e-05,0,numba.tests.test_stencils.TestManyStencils.test_basic73b
numba-cache,1,0.0001035059976857,0,numba.tests.test_stencils.TestManyStencils.test_basic73b
numba-cache,1,8.304200309794396e-05,0,numba.tests.test_stencils.TestManyStencils.test_basic73b
numba-cache,1,0.0001245989988092,0,numba.tests.test_stencils.TestManyStencils.test_basic73b
numba-cache,1,8.918899402488023e-05,0,numba.tests.test_stencils.TestManyStencils.test_basic73b
numba-cache,1,0.000112794994493,0,numba.tests.test_stencils.TestManyStencils.test_basic73b
numba-cache,1,0.0018985210044775,1,numba.tests.test_stencils.TestManyStencils.test_basic73b
numba-cache,1,0.0021389879984781,1,numba.tests.test_stencils.TestManyStencils.test_basic73b
numba-cache,1,4.057800106238574e-05,0,numba.tests.test_stencils.TestManyStencils.test_basic73b
numba-nocache,0,0.0261320110002998,0,numba.tests.test_stencils.TestManyStencils.test_basic73b
numba-nocache,0,5.699100438505411e-05,0,numba.tests.test_stencils.TestManyStencils.test_basic73b
numba-nocache,0,7.040100172162056e-05,0,numba.tests.test_stencils.TestManyStencils.test_basic73b
numba-nocache,0,9.540500468574464e-05,0,numba.tests.test_stencils.TestManyStencils.test_basic73b
numba-nocache,0,0.0853595780063187,0,numba.tests.test_stencils.TestManyStencils.test_basic73b
numba-nocache,0,4.00889985030517e-05,0,numba.tests.test_stencils.TestManyStencils.test_basic73b
numba-nocache,0,0.0001147510047303,0,numba.tests.test_stencils.TestManyStencils.test_basic73b
numba-nocache,0,0.0001143319968832,0,numba.tests.test_stencils.TestManyStencils.test_basic73b
numba-nocache,0,9.03750042198226e-05,0,numba.tests.test_stencils.TestManyStencils.test_basic73b
numba-nocache,0,7.996900239959359e-05,0,numba.tests.test_stencils.TestManyStencils.test_basic73b
numba-nocache,0,0.000146599006257,0,numba.tests.test_stencils.TestManyStencils.test_basic73b
numba-nocache,0,0.0332712789968354,0,numba.tests.test_stencils.TestManyStencils.test_basic73b
numba-nocache,0,0.0322334239899646,0,numba.tests.test_stencils.TestManyStencils.test_basic73b
numba-nocache,0,3.94609960494563e-05,0,numba.tests.test_stencils.TestManyStencils.test_basic73b
numba-cache,0,0.0031312229984905,1,numba.tests.test_typedlist.TestListRefctTypes.test_equals_on_list_with_dict_for_unequal_dicts
numba-cache,0,4.134701157454401e-05,0,numba.tests.test_typedlist.TestListRefctTypes.test_equals_on_list_with_dict_for_unequal_dicts
numba-cache,0,0.000263163994532,0,numba.tests.test_typedlist.TestListRefctTypes.test_equals_on_list_with_dict_for_unequal_dicts
numba-cache,0,0.0017421369993826,1,numba.tests.test_typedlist.TestListRefctTypes.test_equals_on_list_with_dict_for_unequal_dicts
numba-cache,0,3.673700848594308e-05,0,numba.tests.test_typedlist.TestListRefctTypes.test_equals_on_list_with_dict_for_unequal_dicts
numba-cache,0,5.77589962631464e-05,0,numba.tests.test_typedlist.TestListRefctTypes.test_equals_on_list_with_dict_for_unequal_dicts
numba-cache,0,3.8622994907200336e-05,0,numba.tests.test_typedlist.TestListRefctTypes.test_equals_on_list_with_dict_for_unequal_dicts
numba-cache,0,0.0018759550002869,1,numba.tests.test_typedlist.TestListRefctTypes.test_equals_on_list_with_dict_for_unequal_dicts
numba-cache,0,3.7295001675374806e-05,0,numba.tests.test_typedlist.TestListRefctTypes.test_equals_on_list_with_dict_for_unequal_dicts
numba-cache,0,3.659698995761573e-05,0,numba.tests.test_typedlist.TestListRefctTypes.test_equals_on_list_with_dict_for_unequal_dicts
numba-cache,0,7.836299482733011e-05,0,numba.tests.test_typedlist.TestListRefctTypes.test_equals_on_list_with_dict_for_unequal_dicts
numba-cache,0,3.750500036403537e-05,0,numba.tests.test_typedlist.TestListRefctTypes.test_equals_on_list_with_dict_for_unequal_dicts
numba-cache,0,0.0723609950073296,0,numba.tests.test_typedlist.TestListRefctTypes.test_equals_on_list_with_dict_for_unequal_dicts
numba-cache,0,5.028599116485566e-05,0,numba.tests.test_typedlist.TestListRefctTypes.test_equals_on_list_with_dict_for_unequal_dicts
numba-cache,0,7.424199429806322e-05,0,numba.tests.test_typedlist.TestListRefctTypes.test_equals_on_list_with_dict_for_unequal_dicts
numba-cache,0,4.113699833396822e-05,0,numba.tests.test_typedlist.TestListRefctTypes.test_equals_on_list_with_dict_for_unequal_dicts
numba-cache,0,4.0996994357556105e-05,0,numba.tests.test_typedlist.TestListRefctTypes.test_equals_on_list_with_dict_for_unequal_dicts
numba-cache,0,3.77140095224604e-05,0,numba.tests.test_typedlist.TestListRefctTypes.test_equals_on_list_with_dict_for_unequal_dicts
numba-cache,0,4.923899541608989e-05,0,numba.tests.test_typedlist.TestListRefctTypes.test_equals_on_list_with_dict_for_unequal_dicts
numba-cache,0,3.457200364209712e-05,0,numba.tests.test_typedlist.TestListRefctTypes.test_equals_on_list_with_dict_for_unequal_dicts
numba-cache,0,0.1487758959992788,0,numba.tests.test_typedlist.TestListRefctTypes.test_equals_on_list_with_dict_for_unequal_dicts
numba-cache,0,4.588600131683052e-05,0,numba.tests.test_typedlist.TestListRefctTypes.test_equals_on_list_with_dict_for_unequal_dicts
numba-cache,0,0.2391408839903306,0,numba.tests.test_typedlist.TestListRefctTypes.test_equals_on_list_with_dict_for_unequal_dicts
numba-cache,0,5.049600440543145e-05,0,numba.tests.test_typedlist.TestListRefctTypes.test_equals_on_list_with_dict_for_unequal_dicts
numba-cache,0,5.2521005272865295e-05,0,numba.tests.test_typedlist.TestListRefctTypes.test_equals_on_list_with_dict_for_unequal_dicts
numba-cache,0,0.3620837829948868,0,numba.tests.test_typedlist.TestListRefctTypes.test_equals_on_list_with_dict_for_unequal_dicts
numba-cache,0,0.0059745589969679,0,numba.tests.test_typedlist.TestListRefctTypes.test_equals_on_list_with_dict_for_unequal_dicts
numba-cache,0,0.0222524090058868,0,numba.tests.test_typedlist.TestListRefctTypes.test_equals_on_list_with_dict_for_unequal_dicts
numba-cache,0,4.00889985030517e-05,0,numba.tests.test_typedlist.TestListRefctTypes.test_equals_on_list_with_dict_for_unequal_dicts
numba-cache,0,0.0328354179946472,0,numba.tests.test_typedlist.TestListRefctTypes.test_equals_on_list_with_dict_for_unequal_dicts
numba-cache,0,5.0914997700601816e-05,0,numba.tests.test_typedlist.TestListRefctTypes.test_equals_on_list_with_dict_for_unequal_dicts
numba-cache,0,0.0030712300067534,1,numba.tests.test_typedlist.TestListRefctTypes.test_equals_on_list_with_dict_for_unequal_dicts
numba-cache,0,3.967100929003209e-05,0,numba.tests.test_typedlist.TestListRefctTypes.test_equals_on_list_with_dict_for_unequal_dicts
numba-cache,0,3.6666999221779406e-05,0,numba.tests.test_typedlist.TestListRefctTypes.test_equals_on_list_with_dict_for_unequal_dicts
numba-cache,0,0.002732285996899,1,numba.tests.test_typedlist.TestListRefctTypes.test_equals_on_list_with_dict_for_unequal_dicts
numba-cache,0,0.0001016900059767,0,numba.tests.test_typedlist.TestListRefctTypes.test_equals_on_list_with_dict_for_unequal_dicts
numba-cache,0,0.0038256620027823,0,numba.tests.test_typedlist.TestListRefctTypes.test_equals_on_list_with_dict_for_unequal_dicts
numba-cache,0,0.024827061992255,0,numba.tests.test_typedlist.TestListRefctTypes.test_equals_on_list_with_dict_for_unequal_dicts
numba-cache,0,3.925198689103127e-05,0,numba.tests.test_typedlist.TestListRefctTypes.test_equals_on_list_with_dict_for_unequal_dicts
numba-cache,0,0.002797308989102,0,numba.tests.test_typedlist.TestListRefctTypes.test_equals_on_list_with_dict_for_unequal_dicts
numba-cache,0,0.0237460490025114,0,numba.tests.test_typedlist.TestListRefctTypes.test_equals_on_list_with_dict_for_unequal_dicts
numba-cache,0,4.993699258193374e-05,0,numba.tests.test_typedlist.TestListRefctTypes.test_equals_on_list_with_dict_for_unequal_dicts
numba-cache,0,0.0028921549965161,0,numba.tests.test_typedlist.TestListRefctTypes.test_equals_on_list_with_dict_for_unequal_dicts
numba-cache,0,0.0234691950026899,0,numba.tests.test_typedlist.TestListRefctTypes.test_equals_on_list_with_dict_for_unequal_dicts
numba-cache,0,4.00889985030517e-05,0,numba.tests.test_typedlist.TestListRefctTypes.test_equals_on_list_with_dict_for_unequal_dicts
numba-cache,0,0.0321237979951547,0,numba.tests.test_typedlist.TestListRefctTypes.test_equals_on_list_with_dict_for_unequal_dicts
numba-cache,0,5.1053997594863176e-05,0,numba.tests.test_typedlist.TestListRefctTypes.test_equals_on_list_with_dict_for_unequal_dicts
numba-cache,0,5.440700624603778e-05,0,numba.tests.test_typedlist.TestListRefctTypes.test_equals_on_list_with_dict_for_unequal_dicts
numba-cache,0,0.0310417370055802,0,numba.tests.test_typedlist.TestListRefctTypes.test_equals_on_list_with_dict_for_unequal_dicts
numba-cache,0,4.27430059062317e-05,0,numba.tests.test_typedlist.TestListRefctTypes.test_equals_on_list_with_dict_for_unequal_dicts
numba-cache,0,6.055300764273852e-05,0,numba.tests.test_typedlist.TestListRefctTypes.test_equals_on_list_with_dict_for_unequal_dicts
numba-cache,0,6.488300277851522e-05,0,numba.tests.test_typedlist.TestListRefctTypes.test_equals_on_list_with_dict_for_unequal_dicts
numba-cache,0,4.449000698514283e-05,0,numba.tests.test_typedlist.TestListRefctTypes.test_equals_on_list_with_dict_for_unequal_dicts
numba-cache,0,0.1107762249885127,0,numba.tests.test_typedlist.TestListRefctTypes.test_equals_on_list_with_dict_for_unequal_dicts
numba-cache,0,4.497799091041088e-05,0,numba.tests.test_typedlist.TestListRefctTypes.test_equals_on_list_with_dict_for_unequal_dicts
numba-cache,0,3.7295001675374806e-05,0,numba.tests.test_typedlist.TestListRefctTypes.test_equals_on_list_with_dict_for_unequal_dicts
numba-cache,0,5.398700886871666e-05,0,numba.tests.test_typedlist.TestListRefctTypes.test_equals_on_list_with_dict_for_unequal_dicts
numba-cache,0,3.7784004234708846e-05,0,numba.tests.test_typedlist.TestListRefctTypes.test_equals_on_list_with_dict_for_unequal_dicts
numba-cache,0,0.1577502350119175,0,numba.tests.test_typedlist.TestListRefctTypes.test_equals_on_list_with_dict_for_unequal_dicts
numba-cache,0,5.252200935501605e-05,0,numba.tests.test_typedlist.TestListRefctTypes.test_equals_on_list_with_dict_for_unequal_dicts
numba-cache,0,8.12960061011836e-05,0,numba.tests.test_typedlist.TestListRefctTypes.test_equals_on_list_with_dict_for_unequal_dicts
numba-cache,0,8.073699427768588e-05,0,numba.tests.test_typedlist.TestListRefctTypes.test_equals_on_list_with_dict_for_unequal_dicts
numba-cache,0,4.365100176073611e-05,0,numba.tests.test_typedlist.TestListRefctTypes.test_equals_on_list_with_dict_for_unequal_dicts
numba-cache,0,6.159998883958906e-05,0,numba.tests.test_typedlist.TestListRefctTypes.test_equals_on_list_with_dict_for_unequal_dicts
numba-cache,0,7.738500426057726e-05,0,numba.tests.test_typedlist.TestListRefctTypes.test_equals_on_list_with_dict_for_unequal_dicts
numba-cache,0,8.367000555153936e-05,0,numba.tests.test_typedlist.TestListRefctTypes.test_equals_on_list_with_dict_for_unequal_dicts
numba-cache,0,7.61279952712357e-05,0,numba.tests.test_typedlist.TestListRefctTypes.test_equals_on_list_with_dict_for_unequal_dicts
numba-cache,0,3.429199568927288e-05,0,numba.tests.test_typedlist.TestListRefctTypes.test_equals_on_list_with_dict_for_unequal_dicts
numba-cache,0,3.331499465275556e-05,0,numba.tests.test_typedlist.TestListRefctTypes.test_equals_on_list_with_dict_for_unequal_dicts
numba-cache,0,7.962000381667167e-05,0,numba.tests.test_typedlist.TestListRefctTypes.test_equals_on_list_with_dict_for_unequal_dicts
numba-cache,0,8.436999632976949e-05,0,numba.tests.test_typedlist.TestListRefctTypes.test_equals_on_list_with_dict_for_unequal_dicts
numba-cache,0,4.8330999561585486e-05,0,numba.tests.test_typedlist.TestListRefctTypes.test_equals_on_list_with_dict_for_unequal_dicts
numba-cache,0,5.063500429969281e-05,0,numba.tests.test_typedlist.TestListRefctTypes.test_equals_on_list_with_dict_for_unequal_dicts
numba-cache,0,0.000103295998997,0,numba.tests.test_typedlist.TestListRefctTypes.test_equals_on_list_with_dict_for_unequal_dicts
numba-cache,0,0.3835822479886701,0,numba.tests.test_typedlist.TestListRefctTypes.test_equals_on_list_with_dict_for_unequal_dicts
numba-cache,0,6.907399802003056e-05,0,numba.tests.test_typedlist.TestListRefctTypes.test_equals_on_list_with_dict_for_unequal_dicts
numba-cache,0,0.0024946149933384,1,numba.tests.test_typedlist.TestListRefctTypes.test_equals_on_list_with_dict_for_unequal_dicts
numba-cache,0,4.113699833396822e-05,0,numba.tests.test_typedlist.TestListRefctTypes.test_equals_on_list_with_dict_for_unequal_dicts
numba-cache,0,3.2894997275434434e-05,0,numba.tests.test_typedlist.TestListRefctTypes.test_equals_on_list_with_dict_for_unequal_dicts
numba-cache,0,0.0001235509989783,0,numba.tests.test_typedlist.TestListRefctTypes.test_equals_on_list_with_dict_for_unequal_dicts
numba-cache,0,0.0032579160033492,0,numba.tests.test_typedlist.TestListRefctTypes.test_equals_on_list_with_dict_for_unequal_dicts
numba-cache,0,4.58169961348176e-05,0,numba.tests.test_typedlist.TestListRefctTypes.test_equals_on_list_with_dict_for_unequal_dicts
numba-cache,0,0.0028637990035349,0,numba.tests.test_typedlist.TestListRefctTypes.test_equals_on_list_with_dict_for_unequal_dicts
numba-cache,0,3.5689008655026555e-05,0,numba.tests.test_typedlist.TestListRefctTypes.test_equals_on_list_with_dict_for_unequal_dicts
numba-cache,0,0.0031031470134621,0,numba.tests.test_typedlist.TestListRefctTypes.test_equals_on_list_with_dict_for_unequal_dicts
numba-cache,0,3.729498712345958e-05,0,numba.tests.test_typedlist.TestListRefctTypes.test_equals_on_list_with_dict_for_unequal_dicts
numba-cache,0,3.848299093078822e-05,0,numba.tests.test_typedlist.TestListRefctTypes.test_equals_on_list_with_dict_for_unequal_dicts
numba-cache,0,3.862200537696481e-05,0,numba.tests.test_typedlist.TestListRefctTypes.test_equals_on_list_with_dict_for_unequal_dicts
numba-cache,0,5.245200009085238e-05,0,numba.tests.test_typedlist.TestListRefctTypes.test_equals_on_list_with_dict_for_unequal_dicts
numba-cache,0,0.5806495819997508,0,numba.tests.test_typedlist.TestListRefctTypes.test_equals_on_list_with_dict_for_unequal_dicts
numba-cache,0,5.098400288261473e-05,0,numba.tests.test_typedlist.TestListRefctTypes.test_equals_on_list_with_dict_for_unequal_dicts
numba-cache,0,0.000137448994792,0,numba.tests.test_typedlist.TestListRefctTypes.test_equals_on_list_with_dict_for_unequal_dicts
numba-cache,0,6.202000076882541e-05,0,numba.tests.test_typedlist.TestListRefctTypes.test_equals_on_list_with_dict_for_unequal_dicts
numba-cache,0,8.91880044946447e-05,0,numba.tests.test_typedlist.TestListRefctTypes.test_equals_on_list_with_dict_for_unequal_dicts
numba-cache,0,0.6930047939968063,0,numba.tests.test_typedlist.TestListRefctTypes.test_equals_on_list_with_dict_for_unequal_dicts
numba-cache,0,4.197499947622418e-05,0,numba.tests.test_typedlist.TestListRefctTypes.test_equals_on_list_with_dict_for_unequal_dicts
numba-cache,0,4.400000034365803e-05,0,numba.tests.test_typedlist.TestListRefctTypes.test_equals_on_list_with_dict_for_unequal_dicts
numba-cache,0,7.780401210766286e-05,0,numba.tests.test_typedlist.TestListRefctTypes.test_equals_on_list_with_dict_for_unequal_dicts
numba-cache,0,0.7579026190069271,0,numba.tests.test_typedlist.TestListRefctTypes.test_equals_on_list_with_dict_for_unequal_dicts
numba-cache,0,6.048299837857485e-05,0,numba.tests.test_typedlist.TestListRefctTypes.test_equals_on_list_with_dict_for_unequal_dicts
numba-cache,0,0.0030009680049261,0,numba.tests.test_typedlist.TestListRefctTypes.test_equals_on_list_with_dict_for_unequal_dicts
numba-cache,0,3.820400161202997e-05,0,numba.tests.test_typedlist.TestListRefctTypes.test_equals_on_list_with_dict_for_unequal_dicts
numba-cache,0,4.1207007598131895e-05,0,numba.tests.test_typedlist.TestListRefctTypes.test_equals_on_list_with_dict_for_unequal_dicts
numba-cache,0,3.478101280052215e-05,0,numba.tests.test_typedlist.TestListRefctTypes.test_equals_on_list_with_dict_for_unequal_dicts
numba-cache,0,6.502300675492734e-05,0,numba.tests.test_typedlist.TestListRefctTypes.test_equals_on_list_with_dict_for_unequal_dicts
numba-cache,0,3.499099693726748e-05,0,numba.tests.test_typedlist.TestListRefctTypes.test_equals_on_list_with_dict_for_unequal_dicts
numba-cache,0,6.439400021918118e-05,0,numba.tests.test_typedlist.TestListRefctTypes.test_equals_on_list_with_dict_for_unequal_dicts
numba-cache,0,3.527000080794096e-05,0,numba.tests.test_typedlist.TestListRefctTypes.test_equals_on_list_with_dict_for_unequal_dicts
numba-cache,0,0.8962367959902622,0,numba.tests.test_typedlist.TestListRefctTypes.test_equals_on_list_with_dict_for_unequal_dicts
numba-cache,0,4.2323998059146106e-05,0,numba.tests.test_typedlist.TestListRefctTypes.test_equals_on_list_with_dict_for_unequal_dicts
numba-cache,0,7.996900239959359e-05,0,numba.tests.test_typedlist.TestListRefctTypes.test_equals_on_list_with_dict_for_unequal_dicts
numba-cache,0,0.974773213994922,0,numba.tests.test_typedlist.TestListRefctTypes.test_equals_on_list_with_dict_for_unequal_dicts
numba-cache,0,4.295300459489226e-05,0,numba.tests.test_typedlist.TestListRefctTypes.test_equals_on_list_with_dict_for_unequal_dicts
numba-cache,0,4.274299135431647e-05,0,numba.tests.test_typedlist.TestListRefctTypes.test_equals_on_list_with_dict_for_unequal_dicts
numba-cache,0,7.333399844355881e-05,0,numba.tests.test_typedlist.TestListRefctTypes.test_equals_on_list_with_dict_for_unequal_dicts
numba-cache,0,1.0897408629971324,0,numba.tests.test_typedlist.TestListRefctTypes.test_equals_on_list_with_dict_for_unequal_dicts
numba-cache,0,0.0525210659980075,0,numba.tests.test_typedlist.TestListRefctTypes.test_equals_on_list_with_dict_for_unequal_dicts
numba-cache,0,4.4419008190743625e-05,0,numba.tests.test_typedlist.TestListRefctTypes.test_equals_on_list_with_dict_for_unequal_dicts
numba-cache,0,5.573400994762778e-05,0,numba.tests.test_typedlist.TestListRefctTypes.test_equals_on_list_with_dict_for_unequal_dicts
numba-cache,0,0.1011790350021328,0,numba.tests.test_typedlist.TestListRefctTypes.test_equals_on_list_with_dict_for_unequal_dicts
numba-cache,0,0.055146215003333,0,numba.tests.test_typedlist.TestListRefctTypes.test_equals_on_list_with_dict_for_unequal_dicts
numba-cache,0,4.176600486971438e-05,0,numba.tests.test_typedlist.TestListRefctTypes.test_equals_on_list_with_dict_for_unequal_dicts
numba-cache,0,5.307899846229702e-05,0,numba.tests.test_typedlist.TestListRefctTypes.test_equals_on_list_with_dict_for_unequal_dicts
numba-cache,0,9.575400326866657e-05,0,numba.tests.test_typedlist.TestListRefctTypes.test_equals_on_list_with_dict_for_unequal_dicts
numba-cache,0,0.1125303050066577,0,numba.tests.test_typedlist.TestListRefctTypes.test_equals_on_list_with_dict_for_unequal_dicts
numba-cache,0,0.0231211029895348,0,numba.tests.test_typedlist.TestListRefctTypes.test_equals_on_list_with_dict_for_unequal_dicts
numba-cache,0,6.292801117524505e-05,0,numba.tests.test_typedlist.TestListRefctTypes.test_equals_on_list_with_dict_for_unequal_dicts
numba-cache,0,5.7200988521799445e-05,0,numba.tests.test_typedlist.TestListRefctTypes.test_equals_on_list_with_dict_for_unequal_dicts
numba-cache,0,7.438199827447534e-05,0,numba.tests.test_typedlist.TestListRefctTypes.test_equals_on_list_with_dict_for_unequal_dicts
numba-cache,0,8.143500599544495e-05,0,numba.tests.test_typedlist.TestListRefctTypes.test_equals_on_list_with_dict_for_unequal_dicts
numba-cache,0,4.902899672742933e-05,0,numba.tests.test_typedlist.TestListRefctTypes.test_equals_on_list_with_dict_for_unequal_dicts
numba-cache,0,0.0450916300032986,0,numba.tests.test_typedlist.TestListRefctTypes.test_equals_on_list_with_dict_for_unequal_dicts
numba-cache,0,4.448900290299207e-05,0,numba.tests.test_typedlist.TestListRefctTypes.test_equals_on_list_with_dict_for_unequal_dicts
numba-cache,0,0.0003625490062404,0,numba.tests.test_typedlist.TestListRefctTypes.test_equals_on_list_with_dict_for_unequal_dicts
numba-cache,0,0.0956474140111822,0,numba.tests.test_typedlist.TestListRefctTypes.test_equals_on_list_with_dict_for_unequal_dicts
numba-cache,0,6.467300408985466e-05,0,numba.tests.test_typedlist.TestListRefctTypes.test_equals_on_list_with_dict_for_unequal_dicts
numba-cache,0,7.556799391750246e-05,0,numba.tests.test_typedlist.TestListRefctTypes.test_equals_on_list_with_dict_for_unequal_dicts
numba-cache,0,0.0309292219899361,0,numba.tests.test_typedlist.TestListRefctTypes.test_equals_on_list_with_dict_for_unequal_dicts
numba-cache,0,5.384799442254007e-05,0,numba.tests.test_typedlist.TestListRefctTypes.test_equals_on_list_with_dict_for_unequal_dicts
numba-cache,0,4.204499418847263e-05,0,numba.tests.test_typedlist.TestListRefctTypes.test_equals_on_list_with_dict_for_unequal_dicts
numba-cache,0,0.0485624949942575,0,numba.tests.test_typedlist.TestListRefctTypes.test_equals_on_list_with_dict_for_unequal_dicts
numba-cache,0,4.33710083598271e-05,0,numba.tests.test_typedlist.TestListRefctTypes.test_equals_on_list_with_dict_for_unequal_dicts
numba-cache,0,4.400000034365803e-05,0,numba.tests.test_typedlist.TestListRefctTypes.test_equals_on_list_with_dict_for_unequal_dicts
numba-cache,0,7.24260025890544e-05,0,numba.tests.test_typedlist.TestListRefctTypes.test_equals_on_list_with_dict_for_unequal_dicts
numba-cache,0,3.527100489009172e-05,0,numba.tests.test_typedlist.TestListRefctTypes.test_equals_on_list_with_dict_for_unequal_dicts
numba-cache,0,0.0001042739895638,0,numba.tests.test_typedlist.TestListRefctTypes.test_equals_on_list_with_dict_for_unequal_dicts
numba-cache,0,0.0001045539975166,0,numba.tests.test_typedlist.TestListRefctTypes.test_equals_on_list_with_dict_for_unequal_dicts
numba-cache,0,9.561299521010368e-05,0,numba.tests.test_typedlist.TestListRefctTypes.test_equals_on_list_with_dict_for_unequal_dicts
numba-cache,0,0.1958403509925119,0,numba.tests.test_typedlist.TestListRefctTypes.test_equals_on_list_with_dict_for_unequal_dicts
numba-cache,0,4.721300501842052e-05,0,numba.tests.test_typedlist.TestListRefctTypes.test_equals_on_list_with_dict_for_unequal_dicts
numba-cache,0,9.1562993475236e-05,0,numba.tests.test_typedlist.TestListRefctTypes.test_equals_on_list_with_dict_for_unequal_dicts
numba-cache,0,9.35179996304214e-05,0,numba.tests.test_typedlist.TestListRefctTypes.test_equals_on_list_with_dict_for_unequal_dicts
numba-cache,0,0.2668772820034064,0,numba.tests.test_typedlist.TestListRefctTypes.test_equals_on_list_with_dict_for_unequal_dicts
numba-cache,0,0.0001024579978547,0,numba.tests.test_typedlist.TestListRefctTypes.test_equals_on_list_with_dict_for_unequal_dicts
numba-cache,0,9.3937007477507e-05,0,numba.tests.test_typedlist.TestListRefctTypes.test_equals_on_list_with_dict_for_unequal_dicts
numba-cache,0,6.292799662332982e-05,0,numba.tests.test_typedlist.TestListRefctTypes.test_equals_on_list_with_dict_for_unequal_dicts
numba-cache,0,7.480100612156093e-05,0,numba.tests.test_typedlist.TestListRefctTypes.test_equals_on_list_with_dict_for_unequal_dicts
numba-cache,0,6.523198680952191e-05,0,numba.tests.test_typedlist.TestListRefctTypes.test_equals_on_list_with_dict_for_unequal_dicts
numba-cache,0,7.200699474196881e-05,0,numba.tests.test_typedlist.TestListRefctTypes.test_equals_on_list_with_dict_for_unequal_dicts
numba-cache,0,0.0001331189996562,0,numba.tests.test_typedlist.TestListRefctTypes.test_equals_on_list_with_dict_for_unequal_dicts
numba-cache,0,0.0001263440062757,0,numba.tests.test_typedlist.TestListRefctTypes.test_equals_on_list_with_dict_for_unequal_dicts
numba-cache,0,0.0001493919990025,0,numba.tests.test_typedlist.TestListRefctTypes.test_equals_on_list_with_dict_for_unequal_dicts
numba-cache,0,0.0002519900008337,0,numba.tests.test_typedlist.TestListRefctTypes.test_equals_on_list_with_dict_for_unequal_dicts
numba-cache,0,0.5098946029902436,0,numba.tests.test_typedlist.TestListRefctTypes.test_equals_on_list_with_dict_for_unequal_dicts
numba-cache,0,6.111100083217025e-05,0,numba.tests.test_typedlist.TestListRefctTypes.test_equals_on_list_with_dict_for_unequal_dicts
numba-cache,0,5.112399230711162e-05,0,numba.tests.test_typedlist.TestListRefctTypes.test_equals_on_list_with_dict_for_unequal_dicts
numba-cache,0,7.801399624440819e-05,0,numba.tests.test_typedlist.TestListRefctTypes.test_equals_on_list_with_dict_for_unequal_dicts
numba-cache,0,0.6042739660042571,0,numba.tests.test_typedlist.TestListRefctTypes.test_equals_on_list_with_dict_for_unequal_dicts
numba-cache,1,0.0581593009992502,1,numba.tests.test_typedlist.TestListRefctTypes.test_equals_on_list_with_dict_for_unequal_dicts
numba-cache,1,0.0037628900026902,1,numba.tests.test_typedlist.TestListRefctTypes.test_equals_on_list_with_dict_for_unequal_dicts
numba-cache,1,0.002450902989949,1,numba.tests.test_typedlist.TestListRefctTypes.test_equals_on_list_with_dict_for_unequal_dicts
numba-cache,1,0.003033945991774,1,numba.tests.test_typedlist.TestListRefctTypes.test_equals_on_list_with_dict_for_unequal_dicts
numba-cache,1,0.0044247150071896,1,numba.tests.test_typedlist.TestListRefctTypes.test_equals_on_list_with_dict_for_unequal_dicts
numba-nocache,0,0.0104555150028318,0,numba.tests.test_typedlist.TestListRefctTypes.test_equals_on_list_with_dict_for_unequal_dicts
numba-nocache,0,0.034752491992549,0,numba.tests.test_typedlist.TestListRefctTypes.test_equals_on_list_with_dict_for_unequal_dicts
numba-nocache,0,0.0001452709984732,0,numba.tests.test_typedlist.TestListRefctTypes.test_equals_on_list_with_dict_for_unequal_dicts
numba-nocache,0,0.0403335110022453,0,numba.tests.test_typedlist.TestListRefctTypes.test_equals_on_list_with_dict_for_unequal_dicts
numba-nocache,0,4.015900776721537e-05,0,numba.tests.test_typedlist.TestListRefctTypes.test_equals_on_list_with_dict_for_unequal_dicts
numba-nocache,0,0.0273471950058592,0,numba.tests.test_typedlist.TestListRefctTypes.test_equals_on_list_with_dict_for_unequal_dicts
numba-nocache,0,6.82359968777746e-05,0,numba.tests.test_typedlist.TestListRefctTypes.test_equals_on_list_with_dict_for_unequal_dicts
numba-nocache,0,0.0031727899913676,0,numba.tests.test_typedlist.TestListRefctTypes.test_equals_on_list_with_dict_for_unequal_dicts
numba-nocache,0,0.0236701440007891,0,numba.tests.test_typedlist.TestListRefctTypes.test_equals_on_list_with_dict_for_unequal_dicts
numba-nocache,0,4.756200360134244e-05,0,numba.tests.test_typedlist.TestListRefctTypes.test_equals_on_list_with_dict_for_unequal_dicts
numba-nocache,0,0.0305189390055602,0,numba.tests.test_typedlist.TestListRefctTypes.test_equals_on_list_with_dict_for_unequal_dicts
numba-nocache,0,4.435000300873071e-05,0,numba.tests.test_typedlist.TestListRefctTypes.test_equals_on_list_with_dict_for_unequal_dicts
numba-nocache,0,0.0443486680014757,0,numba.tests.test_typedlist.TestListRefctTypes.test_equals_on_list_with_dict_for_unequal_dicts
numba-nocache,0,4.288299533072859e-05,0,numba.tests.test_typedlist.TestListRefctTypes.test_equals_on_list_with_dict_for_unequal_dicts
numba-nocache,0,0.032319539997843,0,numba.tests.test_typedlist.TestListRefctTypes.test_equals_on_list_with_dict_for_unequal_dicts
numba-nocache,0,4.812100087292493e-05,0,numba.tests.test_typedlist.TestListRefctTypes.test_equals_on_list_with_dict_for_unequal_dicts
numba-nocache,0,0.043815633005579,0,numba.tests.test_typedlist.TestListRefctTypes.test_equals_on_list_with_dict_for_unequal_dicts
numba-nocache,0,4.546799755189568e-05,0,numba.tests.test_typedlist.TestListRefctTypes.test_equals_on_list_with_dict_for_unequal_dicts
numba-nocache,0,0.0516376080049667,0,numba.tests.test_typedlist.TestListRefctTypes.test_equals_on_list_with_dict_for_unequal_dicts
numba-nocache,0,5.838800279889256e-05,0,numba.tests.test_typedlist.TestListRefctTypes.test_equals_on_list_with_dict_for_unequal_dicts
numba-nocache,0,8.227399666793644e-05,0,numba.tests.test_typedlist.TestListRefctTypes.test_equals_on_list_with_dict_for_unequal_dicts
numba-nocache,0,0.0001762119936756,0,numba.tests.test_typedlist.TestListRefctTypes.test_equals_on_list_with_dict_for_unequal_dicts
numba-nocache,0,0.1466267470095772,0,numba.tests.test_typedlist.TestListRefctTypes.test_equals_on_list_with_dict_for_unequal_dicts
numba-nocache,0,4.309200448915362e-05,0,numba.tests.test_typedlist.TestListRefctTypes.test_equals_on_list_with_dict_for_unequal_dicts
numba-nocache,0,0.0249824080092366,0,numba.tests.test_typedlist.TestListRefctTypes.test_equals_on_list_with_dict_for_unequal_dicts
numba-nocache,0,4.288300988264382e-05,0,numba.tests.test_typedlist.TestListRefctTypes.test_equals_on_list_with_dict_for_unequal_dicts
numba-nocache,0,0.0385726499953307,0,numba.tests.test_typedlist.TestListRefctTypes.test_equals_on_list_with_dict_for_unequal_dicts
numba-nocache,0,3.967099473811686e-05,0,numba.tests.test_typedlist.TestListRefctTypes.test_equals_on_list_with_dict_for_unequal_dicts
numba-nocache,0,0.0488174500060267,0,numba.tests.test_typedlist.TestListRefctTypes.test_equals_on_list_with_dict_for_unequal_dicts
numba-nocache,0,4.0996994357556105e-05,0,numba.tests.test_typedlist.TestListRefctTypes.test_equals_on_list_with_dict_for_unequal_dicts
numba-nocache,0,9.212200529873372e-05,0,numba.tests.test_typedlist.TestListRefctTypes.test_equals_on_list_with_dict_for_unequal_dicts
numba-nocache,0,7.389399979729205e-05,0,numba.tests.test_typedlist.TestListRefctTypes.test_equals_on_list_with_dict_for_unequal_dicts
numba-nocache,0,7.347400241997093e-05,0,numba.tests.test_typedlist.TestListRefctTypes.test_equals_on_list_with_dict_for_unequal_dicts
numba-nocache,0,5.761999636888504e-05,0,numba.tests.test_typedlist.TestListRefctTypes.test_equals_on_list_with_dict_for_unequal_dicts
numba-nocache,0,0.00011244599591,0,numba.tests.test_typedlist.TestListRefctTypes.test_equals_on_list_with_dict_for_unequal_dicts
numba-nocache,0,8.164500468410552e-05,0,numba.tests.test_typedlist.TestListRefctTypes.test_equals_on_list_with_dict_for_unequal_dicts
numba-nocache,0,7.361399184446782e-05,0,numba.tests.test_typedlist.TestListRefctTypes.test_equals_on_list_with_dict_for_unequal_dicts
numba-nocache,0,4.826000076718629e-05,0,numba.tests.test_typedlist.TestListRefctTypes.test_equals_on_list_with_dict_for_unequal_dicts
numba-nocache,0,5.7201003073714674e-05,0,numba.tests.test_typedlist.TestListRefctTypes.test_equals_on_list_with_dict_for_unequal_dicts
numba-nocache,0,3.6806988646276295e-05,0,numba.tests.test_typedlist.TestListRefctTypes.test_equals_on_list_with_dict_for_unequal_dicts
numba-nocache,0,4.8959002015180886e-05,0,numba.tests.test_typedlist.TestListRefctTypes.test_equals_on_list_with_dict_for_unequal_dicts
numba-nocache,0,5.545400199480355e-05,0,numba.tests.test_typedlist.TestListRefctTypes.test_equals_on_list_with_dict_for_unequal_dicts
numba-nocache,0,7.871299749240279e-05,0,numba.tests.test_typedlist.TestListRefctTypes.test_equals_on_list_with_dict_for_unequal_dicts
numba-nocache,0,4.029901174362749e-05,0,numba.tests.test_typedlist.TestListRefctTypes.test_equals_on_list_with_dict_for_unequal_dicts
numba-nocache,0,0.5022668400051771,0,numba.tests.test_typedlist.TestListRefctTypes.test_equals_on_list_with_dict_for_unequal_dicts
numba-nocache,0,4.190500476397574e-05,0,numba.tests.test_typedlist.TestListRefctTypes.test_equals_on_list_with_dict_for_unequal_dicts
numba-nocache,0,6.781700358260423e-05,0,numba.tests.test_typedlist.TestListRefctTypes.test_equals_on_list_with_dict_for_unequal_dicts
numba-nocache,0,5.873700138181448e-05,0,numba.tests.test_typedlist.TestListRefctTypes.test_equals_on_list_with_dict_for_unequal_dicts
numba-nocache,0,0.0001203389983857,0,numba.tests.test_typedlist.TestListRefctTypes.test_equals_on_list_with_dict_for_unequal_dicts
numba-nocache,0,8.576699474360794e-05,0,numba.tests.test_typedlist.TestListRefctTypes.test_equals_on_list_with_dict_for_unequal_dicts
numba-nocache,0,8.70240037329495e-05,0,numba.tests.test_typedlist.TestListRefctTypes.test_equals_on_list_with_dict_for_unequal_dicts
numba-nocache,0,0.5962816099927295,0,numba.tests.test_typedlist.TestListRefctTypes.test_equals_on_list_with_dict_for_unequal_dicts
numba-nocache,0,4.951799928676337e-05,0,numba.tests.test_typedlist.TestListRefctTypes.test_equals_on_list_with_dict_for_unequal_dicts
numba-nocache,0,0.0028735870000673,0,numba.tests.test_typedlist.TestListRefctTypes.test_equals_on_list_with_dict_for_unequal_dicts
numba-nocache,0,4.001900379080325e-05,0,numba.tests.test_typedlist.TestListRefctTypes.test_equals_on_list_with_dict_for_unequal_dicts
numba-nocache,0,4.197499947622418e-05,0,numba.tests.test_typedlist.TestListRefctTypes.test_equals_on_list_with_dict_for_unequal_dicts
numba-nocache,0,3.429199568927288e-05,0,numba.tests.test_typedlist.TestListRefctTypes.test_equals_on_list_with_dict_for_unequal_dicts
numba-nocache,0,7.403299969155341e-05,0,numba.tests.test_typedlist.TestListRefctTypes.test_equals_on_list_with_dict_for_unequal_dicts
numba-nocache,0,4.1346997022628784e-05,0,numba.tests.test_typedlist.TestListRefctTypes.test_equals_on_list_with_dict_for_unequal_dicts
numba-nocache,0,4.588600131683052e-05,0,numba.tests.test_typedlist.TestListRefctTypes.test_equals_on_list_with_dict_for_unequal_dicts
numba-nocache,0,3.3384989365004e-05,0,numba.tests.test_typedlist.TestListRefctTypes.test_equals_on_list_with_dict_for_unequal_dicts
numba-nocache,0,8.786199032329023e-05,0,numba.tests.test_typedlist.TestListRefctTypes.test_equals_on_list_with_dict_for_unequal_dicts
numba-nocache,0,0.7677516399999149,0,numba.tests.test_typedlist.TestListRefctTypes.test_equals_on_list_with_dict_for_unequal_dicts
numba-nocache,0,4.295300459489226e-05,0,numba.tests.test_typedlist.TestListRefctTypes.test_equals_on_list_with_dict_for_unequal_dicts
numba-nocache,0,0.0089849880023393,0,numba.tests.test_typedlist.TestListRefctTypes.test_equals_on_list_with_dict_for_unequal_dicts
numba-nocache,0,8.737300231587142e-05,0,numba.tests.test_typedlist.TestListRefctTypes.test_equals_on_list_with_dict_for_unequal_dicts
numba-nocache,0,7.968999852892011e-05,0,numba.tests.test_typedlist.TestListRefctTypes.test_equals_on_list_with_dict_for_unequal_dicts
numba-nocache,0,5.880699609406293e-05,0,numba.tests.test_typedlist.TestListRefctTypes.test_equals_on_list_with_dict_for_unequal_dicts
numba-nocache,0,4.902899672742933e-05,0,numba.tests.test_typedlist.TestListRefctTypes.test_equals_on_list_with_dict_for_unequal_dicts
numba-nocache,0,0.0042564619943732,0,numba.tests.test_typedlist.TestListRefctTypes.test_equals_on_list_with_dict_for_unequal_dicts
numba-nocache,0,3.750500036403537e-05,0,numba.tests.test_typedlist.TestListRefctTypes.test_equals_on_list_with_dict_for_unequal_dicts
numba-nocache,0,3.771499905269593e-05,0,numba.tests.test_typedlist.TestListRefctTypes.test_equals_on_list_with_dict_for_unequal_dicts
numba-nocache,0,3.24769935104996e-05,0,numba.tests.test_typedlist.TestListRefctTypes.test_equals_on_list_with_dict_for_unequal_dicts
numba-nocache,0,8.255300053860992e-05,0,numba.tests.test_typedlist.TestListRefctTypes.test_equals_on_list_with_dict_for_unequal_dicts
numba-nocache,0,0.9430498599977,0,numba.tests.test_typedlist.TestListRefctTypes.test_equals_on_list_with_dict_for_unequal_dicts
numba-nocache,0,3.876299888361245e-05,0,numba.tests.test_typedlist.TestListRefctTypes.test_equals_on_list_with_dict_for_unequal_dicts
numba-nocache,0,3.296499198768288e-05,0,numba.tests.test_typedlist.TestListRefctTypes.test_equals_on_list_with_dict_for_unequal_dicts
numba-nocache,0,3.3873002394102514e-05,0,numba.tests.test_typedlist.TestListRefctTypes.test_equals_on_list_with_dict_for_unequal_dicts
numba-nocache,0,3.1916992156766355e-05,0,numba.tests.test_typedlist.TestListRefctTypes.test_equals_on_list_with_dict_for_unequal_dicts
numba-nocache,0,4.002000787295401e-05,0,numba.tests.test_typedlist.TestListRefctTypes.test_equals_on_list_with_dict_for_unequal_dicts
numba-nocache,0,0.0663819210021756,0,numba.tests.test_typedlist.TestListRefctTypes.test_equals_on_list_with_dict_for_unequal_dicts
numba-nocache,0,5.182299355510622e-05,0,numba.tests.test_typedlist.TestListRefctTypes.test_equals_on_list_with_dict_for_unequal_dicts
numba-nocache,0,7.871199341025203e-05,0,numba.tests.test_typedlist.TestListRefctTypes.test_equals_on_list_with_dict_for_unequal_dicts
numba-nocache,0,9.49160021264106e-05,0,numba.tests.test_typedlist.TestListRefctTypes.test_equals_on_list_with_dict_for_unequal_dicts
numba-nocache,0,4.190500476397574e-05,0,numba.tests.test_typedlist.TestListRefctTypes.test_equals_on_list_with_dict_for_unequal_dicts
numba-nocache,0,0.1321252049965551,0,numba.tests.test_typedlist.TestListRefctTypes.test_equals_on_list_with_dict_for_unequal_dicts
numba-nocache,0,3.967099473811686e-05,0,numba.tests.test_typedlist.TestListRefctTypes.test_equals_on_list_with_dict_for_unequal_dicts
numba-nocache,0,5.091400817036629e-05,0,numba.tests.test_typedlist.TestListRefctTypes.test_equals_on_list_with_dict_for_unequal_dicts
numba-nocache,0,3.478099824860692e-05,0,numba.tests.test_typedlist.TestListRefctTypes.test_equals_on_list_with_dict_for_unequal_dicts
numba-nocache,0,3.429299977142364e-05,0,numba.tests.test_typedlist.TestListRefctTypes.test_equals_on_list_with_dict_for_unequal_dicts
numba-nocache,0,3.289600135758519e-05,0,numba.tests.test_typedlist.TestListRefctTypes.test_equals_on_list_with_dict_for_unequal_dicts
numba-nocache,0,5.726999370381236e-05,0,numba.tests.test_typedlist.TestListRefctTypes.test_equals_on_list_with_dict_for_unequal_dicts
numba-nocache,0,3.6038996768184006e-05,0,numba.tests.test_typedlist.TestListRefctTypes.test_equals_on_list_with_dict_for_unequal_dicts
numba-nocache,0,1.1479241490014829,0,numba.tests.test_typedlist.TestListRefctTypes.test_equals_on_list_with_dict_for_unequal_dicts
numba-nocache,0,3.953100531361997e-05,0,numba.tests.test_typedlist.TestListRefctTypes.test_equals_on_list_with_dict_for_unequal_dicts
numba-nocache,0,1.238553460003459,0,numba.tests.test_typedlist.TestListRefctTypes.test_equals_on_list_with_dict_for_unequal_dicts
numba-nocache,0,4.1485996916890144e-05,0,numba.tests.test_typedlist.TestListRefctTypes.test_equals_on_list_with_dict_for_unequal_dicts
numba-nocache,0,4.295300459489226e-05,0,numba.tests.test_typedlist.TestListRefctTypes.test_equals_on_list_with_dict_for_unequal_dicts
numba-nocache,0,1.366657431004569,0,numba.tests.test_typedlist.TestListRefctTypes.test_equals_on_list_with_dict_for_unequal_dicts
numba-nocache,0,0.0037093179998919,0,numba.tests.test_typedlist.TestListRefctTypes.test_equals_on_list_with_dict_for_unequal_dicts
numba-nocache,0,0.0200389099918538,0,numba.tests.test_typedlist.TestListRefctTypes.test_equals_on_list_with_dict_for_unequal_dicts
numba-nocache,0,4.9099005991593e-05,0,numba.tests.test_typedlist.TestListRefctTypes.test_equals_on_list_with_dict_for_unequal_dicts
numba-nocache,0,0.0299148040066938,0,numba.tests.test_typedlist.TestListRefctTypes.test_equals_on_list_with_dict_for_unequal_dicts
numba-nocache,0,4.162600089330226e-05,0,numba.tests.test_typedlist.TestListRefctTypes.test_equals_on_list_with_dict_for_unequal_dicts
numba-nocache,0,9.247100388165563e-05,0,numba.tests.test_typedlist.TestListRefctTypes.test_equals_on_list_with_dict_for_unequal_dicts
numba-nocache,0,3.771499905269593e-05,0,numba.tests.test_typedlist.TestListRefctTypes.test_equals_on_list_with_dict_for_unequal_dicts
numba-nocache,0,0.0269365230051334,0,numba.tests.test_typedlist.TestListRefctTypes.test_equals_on_list_with_dict_for_unequal_dicts
numba-nocache,0,4.28140047006309e-05,0,numba.tests.test_typedlist.TestListRefctTypes.test_equals_on_list_with_dict_for_unequal_dicts
numba-nocache,0,0.0043505389912752,0,numba.tests.test_typedlist.TestListRefctTypes.test_equals_on_list_with_dict_for_unequal_dicts
numba-nocache,0,0.0220059440034674,0,numba.tests.test_typedlist.TestListRefctTypes.test_equals_on_list_with_dict_for_unequal_dicts
numba-nocache,0,3.8273006794042885e-05,0,numba.tests.test_typedlist.TestListRefctTypes.test_equals_on_list_with_dict_for_unequal_dicts
numba-nocache,0,0.0026896929921349,0,numba.tests.test_typedlist.TestListRefctTypes.test_equals_on_list_with_dict_for_unequal_dicts
numba-nocache,0,0.0235313669982133,0,numba.tests.test_typedlist.TestListRefctTypes.test_equals_on_list_with_dict_for_unequal_dicts
numba-nocache,0,5.768900155089796e-05,0,numba.tests.test_typedlist.TestListRefctTypes.test_equals_on_list_with_dict_for_unequal_dicts
numba-nocache,0,0.002698281998164,0,numba.tests.test_typedlist.TestListRefctTypes.test_equals_on_list_with_dict_for_unequal_dicts
numba-nocache,0,0.0222790970001369,0,numba.tests.test_typedlist.TestListRefctTypes.test_equals_on_list_with_dict_for_unequal_dicts
numba-nocache,0,4.393099516164512e-05,0,numba.tests.test_typedlist.TestListRefctTypes.test_equals_on_list_with_dict_for_unequal_dicts
numba-nocache,0,0.0344612500048242,0,numba.tests.test_typedlist.TestListRefctTypes.test_equals_on_list_with_dict_for_unequal_dicts
numba-nocache,0,4.805099160876125e-05,0,numba.tests.test_typedlist.TestListRefctTypes.test_equals_on_list_with_dict_for_unequal_dicts
numba-nocache,0,4.5607011998072267e-05,0,numba.tests.test_typedlist.TestListRefctTypes.test_equals_on_list_with_dict_for_unequal_dicts
numba-nocache,0,0.0318292470037704,0,numba.tests.test_typedlist.TestListRefctTypes.test_equals_on_list_with_dict_for_unequal_dicts
numba-nocache,0,9.87559906207025e-05,0,numba.tests.test_typedlist.TestListRefctTypes.test_equals_on_list_with_dict_for_unequal_dicts
numba-nocache,0,0.0001035760069498,0,numba.tests.test_typedlist.TestListRefctTypes.test_equals_on_list_with_dict_for_unequal_dicts
numba-nocache,0,7.682600698899478e-05,0,numba.tests.test_typedlist.TestListRefctTypes.test_equals_on_list_with_dict_for_unequal_dicts
numba-nocache,0,6.355599907692522e-05,0,numba.tests.test_typedlist.TestListRefctTypes.test_equals_on_list_with_dict_for_unequal_dicts
numba-nocache,0,0.1161220560024958,0,numba.tests.test_typedlist.TestListRefctTypes.test_equals_on_list_with_dict_for_unequal_dicts
numba-nocache,0,4.525799886323512e-05,0,numba.tests.test_typedlist.TestListRefctTypes.test_equals_on_list_with_dict_for_unequal_dicts
numba-nocache,0,6.208900595083833e-05,0,numba.tests.test_typedlist.TestListRefctTypes.test_equals_on_list_with_dict_for_unequal_dicts
numba-nocache,0,8.63250024849549e-05,0,numba.tests.test_typedlist.TestListRefctTypes.test_equals_on_list_with_dict_for_unequal_dicts
numba-nocache,0,7.068099512252957e-05,0,numba.tests.test_typedlist.TestListRefctTypes.test_equals_on_list_with_dict_for_unequal_dicts
numba-nocache,0,0.1693816089973552,0,numba.tests.test_typedlist.TestListRefctTypes.test_equals_on_list_with_dict_for_unequal_dicts
numba-nocache,0,4.469900159165263e-05,0,numba.tests.test_typedlist.TestListRefctTypes.test_equals_on_list_with_dict_for_unequal_dicts
numba-nocache,0,9.35179996304214e-05,0,numba.tests.test_typedlist.TestListRefctTypes.test_equals_on_list_with_dict_for_unequal_dicts
numba-nocache,0,4.092699964530766e-05,0,numba.tests.test_typedlist.TestListRefctTypes.test_equals_on_list_with_dict_for_unequal_dicts
numba-nocache,0,3.4362004953436553e-05,0,numba.tests.test_typedlist.TestListRefctTypes.test_equals_on_list_with_dict_for_unequal_dicts
numba-nocache,0,3.6666999221779406e-05,0,numba.tests.test_typedlist.TestListRefctTypes.test_equals_on_list_with_dict_for_unequal_dicts
numba-nocache,0,0.0001255059905815,0,numba.tests.test_typedlist.TestListRefctTypes.test_equals_on_list_with_dict_for_unequal_dicts
numba-nocache,0,0.000161265998031,0,numba.tests.test_typedlist.TestListRefctTypes.test_equals_on_list_with_dict_for_unequal_dicts
numba-nocache,0,4.7772002290003e-05,0,numba.tests.test_typedlist.TestListRefctTypes.test_equals_on_list_with_dict_for_unequal_dicts
numba-nocache,0,3.659799403976649e-05,0,numba.tests.test_typedlist.TestListRefctTypes.test_equals_on_list_with_dict_for_unequal_dicts
numba-nocache,0,3.492100222501904e-05,0,numba.tests.test_typedlist.TestListRefctTypes.test_equals_on_list_with_dict_for_unequal_dicts
numba-nocache,0,7.864199869800359e-05,0,numba.tests.test_typedlist.TestListRefctTypes.test_equals_on_list_with_dict_for_unequal_dicts
numba-nocache,0,0.0001181730040116,0,numba.tests.test_typedlist.TestListRefctTypes.test_equals_on_list_with_dict_for_unequal_dicts
numba-nocache,0,5.0076996558345854e-05,0,numba.tests.test_typedlist.TestListRefctTypes.test_equals_on_list_with_dict_for_unequal_dicts
numba-nocache,0,3.3873002394102514e-05,0,numba.tests.test_typedlist.TestListRefctTypes.test_equals_on_list_with_dict_for_unequal_dicts
numba-nocache,0,3.506099164951593e-05,0,numba.tests.test_typedlist.TestListRefctTypes.test_equals_on_list_with_dict_for_unequal_dicts
numba-nocache,0,0.4056743330002064,0,numba.tests.test_typedlist.TestListRefctTypes.test_equals_on_list_with_dict_for_unequal_dicts
numba-nocache,0,4.2324012611061335e-05,0,numba.tests.test_typedlist.TestListRefctTypes.test_equals_on_list_with_dict_for_unequal_dicts
numba-nocache,0,0.0271379479963798,0,numba.tests.test_typedlist.TestListRefctTypes.test_equals_on_list_with_dict_for_unequal_dicts
numba-nocache,0,8.68139904923737e-05,0,numba.tests.test_typedlist.TestListRefctTypes.test_equals_on_list_with_dict_for_unequal_dicts
numba-nocache,0,5.0286995247006416e-05,0,numba.tests.test_typedlist.TestListRefctTypes.test_equals_on_list_with_dict_for_unequal_dicts
numba-nocache,0,0.0001535830087959,0,numba.tests.test_typedlist.TestListRefctTypes.test_equals_on_list_with_dict_for_unequal_dicts
numba-nocache,0,0.0041725810006028,0,numba.tests.test_typedlist.TestListRefctTypes.test_equals_on_list_with_dict_for_unequal_dicts
numba-nocache,0,4.49090002803132e-05,0,numba.tests.test_typedlist.TestListRefctTypes.test_equals_on_list_with_dict_for_unequal_dicts
numba-nocache,0,0.0025870940007735,0,numba.tests.test_typedlist.TestListRefctTypes.test_equals_on_list_with_dict_for_unequal_dicts
numba-nocache,0,5.245200009085238e-05,0,numba.tests.test_typedlist.TestListRefctTypes.test_equals_on_list_with_dict_for_unequal_dicts
numba-nocache,0,0.0030001410050317,0,numba.tests.test_typedlist.TestListRefctTypes.test_equals_on_list_with_dict_for_unequal_dicts
numba-nocache,0,6.083300104364753e-05,0,numba.tests.test_typedlist.TestListRefctTypes.test_equals_on_list_with_dict_for_unequal_dicts
numba-nocache,0,9.06549976207316e-05,0,numba.tests.test_typedlist.TestListRefctTypes.test_equals_on_list_with_dict_for_unequal_dicts
numba-nocache,0,4.092699964530766e-05,0,numba.tests.test_typedlist.TestListRefctTypes.test_equals_on_list_with_dict_for_unequal_dicts
numba-nocache,0,3.5339995520189404e-05,0,numba.tests.test_typedlist.TestListRefctTypes.test_equals_on_list_with_dict_for_unequal_dicts
numba-nocache,0,0.6449864049936878,0,numba.tests.test_typedlist.TestListRefctTypes.test_equals_on_list_with_dict_for_unequal_dicts
numba-nocache,0,4.057800106238574e-05,0,numba.tests.test_typedlist.TestListRefctTypes.test_equals_on_list_with_dict_for_unequal_dicts
numba-nocache,0,4.532799357548356e-05,0,numba.tests.test_typedlist.TestListRefctTypes.test_equals_on_list_with_dict_for_unequal_dicts
numba-nocache,0,3.624799137469381e-05,0,numba.tests.test_typedlist.TestListRefctTypes.test_equals_on_list_with_dict_for_unequal_dicts
numba-nocache,0,5.524499283637852e-05,0,numba.tests.test_typedlist.TestListRefctTypes.test_equals_on_list_with_dict_for_unequal_dicts
numba-nocache,0,0.7527644159999909,0,numba.tests.test_typedlist.TestListRefctTypes.test_equals_on_list_with_dict_for_unequal_dicts
numba-nocache,0,4.057800106238574e-05,0,numba.tests.test_typedlist.TestListRefctTypes.test_equals_on_list_with_dict_for_unequal_dicts
numba-nocache,0,4.043799708597362e-05,0,numba.tests.test_typedlist.TestListRefctTypes.test_equals_on_list_with_dict_for_unequal_dicts
numba-nocache,0,9.205201058648528e-05,0,numba.tests.test_typedlist.TestListRefctTypes.test_equals_on_list_with_dict_for_unequal_dicts
numba-nocache,0,0.8148732529953122,0,numba.tests.test_typedlist.TestListRefctTypes.test_equals_on_list_with_dict_for_unequal_dicts
numba-nocache,0,4.281300061848015e-05,0,numba.tests.test_typedlist.TestListRefctTypes.test_equals_on_list_with_dict_for_unequal_dicts
numba-nocache,0,0.0026530250033829,0,numba.tests.test_typedlist.TestListRefctTypes.test_equals_on_list_with_dict_for_unequal_dicts
numba-nocache,0,3.806399763561785e-05,0,numba.tests.test_typedlist.TestListRefctTypes.test_equals_on_list_with_dict_for_unequal_dicts
numba-nocache,0,3.680700319819152e-05,0,numba.tests.test_typedlist.TestListRefctTypes.test_equals_on_list_with_dict_for_unequal_dicts
numba-nocache,0,3.289600135758519e-05,0,numba.tests.test_typedlist.TestListRefctTypes.test_equals_on_list_with_dict_for_unequal_dicts
numba-nocache,0,7.019199256319553e-05,0,numba.tests.test_typedlist.TestListRefctTypes.test_equals_on_list_with_dict_for_unequal_dicts
numba-nocache,0,7.689600170124322e-05,0,numba.tests.test_typedlist.TestListRefctTypes.test_equals_on_list_with_dict_for_unequal_dicts
numba-nocache,0,7.717599510215223e-05,0,numba.tests.test_typedlist.TestListRefctTypes.test_equals_on_list_with_dict_for_unequal_dicts
numba-nocache,0,3.534001007210463e-05,0,numba.tests.test_typedlist.TestListRefctTypes.test_equals_on_list_with_dict_for_unequal_dicts
numba-nocache,0,0.9389430699957302,0,numba.tests.test_typedlist.TestListRefctTypes.test_equals_on_list_with_dict_for_unequal_dicts
numba-nocache,0,4.532800812739879e-05,0,numba.tests.test_typedlist.TestListRefctTypes.test_equals_on_list_with_dict_for_unequal_dicts
numba-nocache,0,7.445199298672378e-05,0,numba.tests.test_typedlist.TestListRefctTypes.test_equals_on_list_with_dict_for_unequal_dicts
numba-nocache,0,1.0161985809972975,0,numba.tests.test_typedlist.TestListRefctTypes.test_equals_on_list_with_dict_for_unequal_dicts
numba-nocache,0,4.1346997022628784e-05,0,numba.tests.test_typedlist.TestListRefctTypes.test_equals_on_list_with_dict_for_unequal_dicts
numba-nocache,0,4.469900159165263e-05,0,numba.tests.test_typedlist.TestListRefctTypes.test_equals_on_list_with_dict_for_unequal_dicts
numba-nocache,0,7.619800453539938e-05,0,numba.tests.test_typedlist.TestListRefctTypes.test_equals_on_list_with_dict_for_unequal_dicts
numba-nocache,0,1.116969185997732,0,numba.tests.test_typedlist.TestListRefctTypes.test_equals_on_list_with_dict_for_unequal_dicts
numba-nocache,0,0.0468599140003789,0,numba.tests.test_typedlist.TestListRefctTypes.test_equals_on_list_with_dict_for_unequal_dicts
numba-nocache,0,4.616600926965475e-05,0,numba.tests.test_typedlist.TestListRefctTypes.test_equals_on_list_with_dict_for_unequal_dicts
numba-nocache,0,4.903000080958009e-05,0,numba.tests.test_typedlist.TestListRefctTypes.test_equals_on_list_with_dict_for_unequal_dicts
numba-nocache,0,0.0941402080061379,0,numba.tests.test_typedlist.TestListRefctTypes.test_equals_on_list_with_dict_for_unequal_dicts
numba-nocache,0,0.0502094749972457,0,numba.tests.test_typedlist.TestListRefctTypes.test_equals_on_list_with_dict_for_unequal_dicts
numba-nocache,0,4.1207007598131895e-05,0,numba.tests.test_typedlist.TestListRefctTypes.test_equals_on_list_with_dict_for_unequal_dicts
numba-nocache,0,4.02979931095615e-05,0,numba.tests.test_typedlist.TestListRefctTypes.test_equals_on_list_with_dict_for_unequal_dicts
numba-nocache,0,8.276299922727048e-05,0,numba.tests.test_typedlist.TestListRefctTypes.test_equals_on_list_with_dict_for_unequal_dicts
numba-nocache,0,0.1057302379922475,0,numba.tests.test_typedlist.TestListRefctTypes.test_equals_on_list_with_dict_for_unequal_dicts
numba-nocache,0,0.0201382950035622,0,numba.tests.test_typedlist.TestListRefctTypes.test_equals_on_list_with_dict_for_unequal_dicts
numba-nocache,0,7.144799747038633e-05,0,numba.tests.test_typedlist.TestListRefctTypes.test_equals_on_list_with_dict_for_unequal_dicts
numba-nocache,0,6.104199565015733e-05,0,numba.tests.test_typedlist.TestListRefctTypes.test_equals_on_list_with_dict_for_unequal_dicts
numba-nocache,0,9.903599857352674e-05,0,numba.tests.test_typedlist.TestListRefctTypes.test_equals_on_list_with_dict_for_unequal_dicts
numba-nocache,0,9.35889984248206e-05,0,numba.tests.test_typedlist.TestListRefctTypes.test_equals_on_list_with_dict_for_unequal_dicts
numba-nocache,0,5.810899892821908e-05,0,numba.tests.test_typedlist.TestListRefctTypes.test_equals_on_list_with_dict_for_unequal_dicts
numba-nocache,0,0.0409027239948045,0,numba.tests.test_typedlist.TestListRefctTypes.test_equals_on_list_with_dict_for_unequal_dicts
numba-nocache,0,3.967099473811686e-05,0,numba.tests.test_typedlist.TestListRefctTypes.test_equals_on_list_with_dict_for_unequal_dicts
numba-nocache,0,7.612800982315093e-05,0,numba.tests.test_typedlist.TestListRefctTypes.test_equals_on_list_with_dict_for_unequal_dicts
numba-nocache,0,0.0894487679906888,0,numba.tests.test_typedlist.TestListRefctTypes.test_equals_on_list_with_dict_for_unequal_dicts
numba-nocache,0,6.439400021918118e-05,0,numba.tests.test_typedlist.TestListRefctTypes.test_equals_on_list_with_dict_for_unequal_dicts
numba-nocache,0,5.859701195731759e-05,0,numba.tests.test_typedlist.TestListRefctTypes.test_equals_on_list_with_dict_for_unequal_dicts
numba-nocache,0,0.0300808180036256,0,numba.tests.test_typedlist.TestListRefctTypes.test_equals_on_list_with_dict_for_unequal_dicts
numba-nocache,0,3.890201332978904e-05,0,numba.tests.test_typedlist.TestListRefctTypes.test_equals_on_list_with_dict_for_unequal_dicts
numba-nocache,0,3.883198951371014e-05,0,numba.tests.test_typedlist.TestListRefctTypes.test_equals_on_list_with_dict_for_unequal_dicts
numba-nocache,0,0.0436147669970523,0,numba.tests.test_typedlist.TestListRefctTypes.test_equals_on_list_with_dict_for_unequal_dicts
numba-nocache,0,6.055399717297405e-05,0,numba.tests.test_typedlist.TestListRefctTypes.test_equals_on_list_with_dict_for_unequal_dicts
numba-nocache,0,8.443900151178241e-05,0,numba.tests.test_typedlist.TestListRefctTypes.test_equals_on_list_with_dict_for_unequal_dicts
numba-nocache,0,0.0001303950120927,0,numba.tests.test_typedlist.TestListRefctTypes.test_equals_on_list_with_dict_for_unequal_dicts
numba-nocache,0,0.0001324210024904,0,numba.tests.test_typedlist.TestListRefctTypes.test_equals_on_list_with_dict_for_unequal_dicts
numba-nocache,0,0.000120128999697,0,numba.tests.test_typedlist.TestListRefctTypes.test_equals_on_list_with_dict_for_unequal_dicts
numba-nocache,0,9.819799743127078e-05,0,numba.tests.test_typedlist.TestListRefctTypes.test_equals_on_list_with_dict_for_unequal_dicts
numba-nocache,0,9.770899487193674e-05,0,numba.tests.test_typedlist.TestListRefctTypes.test_equals_on_list_with_dict_for_unequal_dicts
numba-nocache,0,0.1796624480048194,0,numba.tests.test_typedlist.TestListRefctTypes.test_equals_on_list_with_dict_for_unequal_dicts
numba-nocache,0,4.965798871126026e-05,0,numba.tests.test_typedlist.TestListRefctTypes.test_equals_on_list_with_dict_for_unequal_dicts
numba-nocache,0,4.805199569091201e-05,0,numba.tests.test_typedlist.TestListRefctTypes.test_equals_on_list_with_dict_for_unequal_dicts
numba-nocache,0,0.0001396839943481,0,numba.tests.test_typedlist.TestListRefctTypes.test_equals_on_list_with_dict_for_unequal_dicts
numba-nocache,0,0.2542757589981193,0,numba.tests.test_typedlist.TestListRefctTypes.test_equals_on_list_with_dict_for_unequal_dicts
numba-nocache,0,6.229899008758366e-05,0,numba.tests.test_typedlist.TestListRefctTypes.test_equals_on_list_with_dict_for_unequal_dicts
numba-nocache,0,7.193800411187112e-05,0,numba.tests.test_typedlist.TestListRefctTypes.test_equals_on_list_with_dict_for_unequal_dicts
numba-nocache,0,5.761999636888504e-05,0,numba.tests.test_typedlist.TestListRefctTypes.test_equals_on_list_with_dict_for_unequal_dicts
numba-nocache,0,0.0001188020105473,0,numba.tests.test_typedlist.TestListRefctTypes.test_equals_on_list_with_dict_for_unequal_dicts
numba-nocache,0,6.655999459326267e-05,0,numba.tests.test_typedlist.TestListRefctTypes.test_equals_on_list_with_dict_for_unequal_dicts
numba-nocache,0,5.769000563304871e-05,0,numba.tests.test_typedlist.TestListRefctTypes.test_equals_on_list_with_dict_for_unequal_dicts
numba-nocache,0,0.0001657359971432,0,numba.tests.test_typedlist.TestListRefctTypes.test_equals_on_list_with_dict_for_unequal_dicts
numba-nocache,0,0.0001540020020911,0,numba.tests.test_typedlist.TestListRefctTypes.test_equals_on_list_with_dict_for_unequal_dicts
numba-nocache,0,0.0001189409958897,0,numba.tests.test_typedlist.TestListRefctTypes.test_equals_on_list_with_dict_for_unequal_dicts
numba-nocache,0,0.0001899700000649,0,numba.tests.test_typedlist.TestListRefctTypes.test_equals_on_list_with_dict_for_unequal_dicts
numba-nocache,0,0.4844223719992442,0,numba.tests.test_typedlist.TestListRefctTypes.test_equals_on_list_with_dict_for_unequal_dicts
numba-nocache,0,4.141700628679246e-05,0,numba.tests.test_typedlist.TestListRefctTypes.test_equals_on_list_with_dict_for_unequal_dicts
numba-nocache,0,4.064799577463418e-05,0,numba.tests.test_typedlist.TestListRefctTypes.test_equals_on_list_with_dict_for_unequal_dicts
numba-nocache,0,0.0001108400028897,0,numba.tests.test_typedlist.TestListRefctTypes.test_equals_on_list_with_dict_for_unequal_dicts
numba-nocache,0,0.5798968440067256,0,numba.tests.test_typedlist.TestListRefctTypes.test_equals_on_list_with_dict_for_unequal_dicts
numba-cache,0,0.025624867004808,0,numba.tests.test_mixed_tuple_unroller.TestConstListUnroll.test_14
numba-cache,0,4.295300459489226e-05,0,numba.tests.test_mixed_tuple_unroller.TestConstListUnroll.test_14
numba-cache,0,6.299700180534273e-05,0,numba.tests.test_mixed_tuple_unroller.TestConstListUnroll.test_14
numba-cache,0,0.0207685479981591,0,numba.tests.test_mixed_tuple_unroller.TestConstListUnroll.test_14
numba-cache,0,3.94609960494563e-05,0,numba.tests.test_mixed_tuple_unroller.TestConstListUnroll.test_14
numba-cache,0,5.761999636888504e-05,0,numba.tests.test_mixed_tuple_unroller.TestConstListUnroll.test_14
numba-cache,0,8.15759995020926e-05,0,numba.tests.test_mixed_tuple_unroller.TestConstListUnroll.test_14
numba-cache,0,7.975999324116856e-05,0,numba.tests.test_mixed_tuple_unroller.TestConstListUnroll.test_14
numba-cache,0,8.262299525085837e-05,0,numba.tests.test_mixed_tuple_unroller.TestConstListUnroll.test_14
numba-cache,0,0.1317077829880872,0,numba.tests.test_mixed_tuple_unroller.TestConstListUnroll.test_14
numba-cache,1,0.0020792730065295,1,numba.tests.test_mixed_tuple_unroller.TestConstListUnroll.test_14
numba-cache,1,4.302199522498995e-05,0,numba.tests.test_mixed_tuple_unroller.TestConstListUnroll.test_14
numba-cache,1,7.38929957151413e-05,0,numba.tests.test_mixed_tuple_unroller.TestConstListUnroll.test_14
numba-cache,1,0.0014175170072121,1,numba.tests.test_mixed_tuple_unroller.TestConstListUnroll.test_14
numba-cache,1,3.5828998079523444e-05,0,numba.tests.test_mixed_tuple_unroller.TestConstListUnroll.test_14
numba-cache,1,6.58610078971833e-05,0,numba.tests.test_mixed_tuple_unroller.TestConstListUnroll.test_14
numba-cache,1,8.115700620692223e-05,0,numba.tests.test_mixed_tuple_unroller.TestConstListUnroll.test_14
numba-cache,1,8.40210122987628e-05,0,numba.tests.test_mixed_tuple_unroller.TestConstListUnroll.test_14
numba-cache,1,0.0001002229982987,0,numba.tests.test_mixed_tuple_unroller.TestConstListUnroll.test_14
numba-cache,1,0.0955302020011004,0,numba.tests.test_mixed_tuple_unroller.TestConstListUnroll.test_14
numba-nocache,0,0.0279538449976826,0,numba.tests.test_mixed_tuple_unroller.TestConstListUnroll.test_14
numba-nocache,0,4.155599162913859e-05,0,numba.tests.test_mixed_tuple_unroller.TestConstListUnroll.test_14
numba-nocache,0,6.236899935174733e-05,0,numba.tests.test_mixed_tuple_unroller.TestConstListUnroll.test_14
numba-nocache,0,0.0213218410062836,0,numba.tests.test_mixed_tuple_unroller.TestConstListUnroll.test_14
numba-nocache,0,3.81339923478663e-05,0,numba.tests.test_mixed_tuple_unroller.TestConstListUnroll.test_14
numba-nocache,0,6.439500430133194e-05,0,numba.tests.test_mixed_tuple_unroller.TestConstListUnroll.test_14
numba-nocache,0,9.06549976207316e-05,0,numba.tests.test_mixed_tuple_unroller.TestConstListUnroll.test_14
numba-nocache,0,8.450899622403085e-05,0,numba.tests.test_mixed_tuple_unroller.TestConstListUnroll.test_14
numba-nocache,0,5.75500016566366e-05,0,numba.tests.test_mixed_tuple_unroller.TestConstListUnroll.test_14
numba-nocache,0,0.1408366209943778,0,numba.tests.test_mixed_tuple_unroller.TestConstListUnroll.test_14
numba-cache,0,0.1194713360018795,0,numba.tests.test_ufuncs.TestLoopTypesInt.test_ceil_B_B
numba-cache,1,0.1137290619954001,0,numba.tests.test_ufuncs.TestLoopTypesInt.test_ceil_B_B
numba-nocache,0,0.1176976959977764,0,numba.tests.test_ufuncs.TestLoopTypesInt.test_ceil_B_B
numba-cache,0,0.1428376539988676,0,numba.tests.test_ufuncs.TestLoopTypesInt.test_bitwise_and_ll_l
numba-cache,1,0.1403629069973249,0,numba.tests.test_ufuncs.TestLoopTypesInt.test_bitwise_and_ll_l
numba-nocache,0,0.1496561509993625,0,numba.tests.test_ufuncs.TestLoopTypesInt.test_bitwise_and_ll_l
numba-cache,0,0.1095218639966333,0,numba.tests.test_array_return.TestArrayReturn.test_array_return
numba-cache,0,0.0644341450097272,0,numba.tests.test_array_return.TestArrayReturn.test_array_return
numba-cache,1,0.0600199679902289,1,numba.tests.test_array_return.TestArrayReturn.test_array_return
numba-cache,1,0.0027084119938081,1,numba.tests.test_array_return.TestArrayReturn.test_array_return
numba-nocache,0,0.1238121700007468,0,numba.tests.test_array_return.TestArrayReturn.test_array_return
numba-nocache,0,0.0663782189949415,0,numba.tests.test_array_return.TestArrayReturn.test_array_return
numba-cache,0,0.1416471990087302,0,numba.tests.test_iteration.IterationTest.test_float_tuple_iter
numba-cache,0,0.0379755749891046,0,numba.tests.test_iteration.IterationTest.test_float_tuple_iter
numba-cache,1,0.057245903997682,1,numba.tests.test_iteration.IterationTest.test_float_tuple_iter
numba-cache,1,0.0015198370092548,1,numba.tests.test_iteration.IterationTest.test_float_tuple_iter
numba-nocache,0,0.1522162170003866,0,numba.tests.test_iteration.IterationTest.test_float_tuple_iter
numba-nocache,0,0.0339904440043028,0,numba.tests.test_iteration.IterationTest.test_float_tuple_iter
numba-cache,0,0.122583423013566,0,numba.tests.test_flow_control.TestFlowControl.test_for_loop2
numba-cache,0,0.0016727140027796,1,numba.tests.test_flow_control.TestFlowControl.test_for_loop2
numba-cache,1,0.0648349609982688,1,numba.tests.test_flow_control.TestFlowControl.test_for_loop2
numba-cache,1,0.0018538919975981,1,numba.tests.test_flow_control.TestFlowControl.test_for_loop2
numba-nocache,0,0.1303904649976175,0,numba.tests.test_flow_control.TestFlowControl.test_for_loop2
numba-nocache,0,0.0565161539998371,0,numba.tests.test_flow_control.TestFlowControl.test_for_loop2
numba-cache,0,0.1242273620009655,0,numba.tests.test_dataflow.TestDataFlow.test_var_swapping
numba-cache,0,0.0028420779999578,1,numba.tests.test_dataflow.TestDataFlow.test_var_swapping
numba-cache,1,0.0651178919943049,1,numba.tests.test_dataflow.TestDataFlow.test_var_swapping
numba-cache,1,0.0021835480001755,1,numba.tests.test_dataflow.TestDataFlow.test_var_swapping
numba-nocache,0,0.1219838410033844,0,numba.tests.test_dataflow.TestDataFlow.test_var_swapping
numba-nocache,0,0.0403051549947122,0,numba.tests.test_dataflow.TestDataFlow.test_var_swapping
numba-cache,0,0.0991456569900037,0,numba.tests.test_serialize.TestDispatcherPickling.test_call_nopython
numba-cache,0,0.0312115929991705,0,numba.tests.test_serialize.TestDispatcherPickling.test_call_nopython
numba-cache,0,0.0030353309994097,0,numba.tests.test_serialize.TestDispatcherPickling.test_call_nopython
numba-cache,0,0.0003692540049087,0,numba.tests.test_serialize.TestDispatcherPickling.test_call_nopython
numba-cache,0,0.0002641430037328,0,numba.tests.test_serialize.TestDispatcherPickling.test_call_nopython
numba-cache,0,0.0003584289952414,0,numba.tests.test_serialize.TestDispatcherPickling.test_call_nopython
numba-cache,0,0.0002251010009786,0,numba.tests.test_serialize.TestDispatcherPickling.test_call_nopython
numba-cache,0,0.0001842429919634,0,numba.tests.test_serialize.TestDispatcherPickling.test_call_nopython
numba-cache,0,0.0001780270104063,0,numba.tests.test_serialize.TestDispatcherPickling.test_call_nopython
numba-cache,0,0.0001744650071486,0,numba.tests.test_serialize.TestDispatcherPickling.test_call_nopython
numba-cache,0,0.0001663629955146,0,numba.tests.test_serialize.TestDispatcherPickling.test_call_nopython
numba-cache,0,0.0001741159940138,0,numba.tests.test_serialize.TestDispatcherPickling.test_call_nopython
numba-cache,0,0.0001682500005699,0,numba.tests.test_serialize.TestDispatcherPickling.test_call_nopython
numba-cache,0,0.0001712529920041,0,numba.tests.test_serialize.TestDispatcherPickling.test_call_nopython
numba-cache,0,0.0032401069911429,0,numba.tests.test_serialize.TestDispatcherPickling.test_call_nopython
numba-cache,0,0.0002612790121929,0,numba.tests.test_serialize.TestDispatcherPickling.test_call_nopython
numba-cache,0,0.0001841030025389,0,numba.tests.test_serialize.TestDispatcherPickling.test_call_nopython
numba-cache,0,0.0001588209997862,0,numba.tests.test_serialize.TestDispatcherPickling.test_call_nopython
numba-cache,0,0.0001504389947513,0,numba.tests.test_serialize.TestDispatcherPickling.test_call_nopython
numba-cache,0,0.0001621730043552,0,numba.tests.test_serialize.TestDispatcherPickling.test_call_nopython
numba-cache,0,0.0001646869932301,0,numba.tests.test_serialize.TestDispatcherPickling.test_call_nopython
numba-cache,0,0.0001792140101315,0,numba.tests.test_serialize.TestDispatcherPickling.test_call_nopython
numba-cache,0,0.0001407309900969,0,numba.tests.test_serialize.TestDispatcherPickling.test_call_nopython
numba-cache,0,0.0001473669981351,0,numba.tests.test_serialize.TestDispatcherPickling.test_call_nopython
numba-cache,0,0.0001448519906261,0,numba.tests.test_serialize.TestDispatcherPickling.test_call_nopython
numba-cache,0,0.0001440839987481,0,numba.tests.test_serialize.TestDispatcherPickling.test_call_nopython
numba-cache,1,0.0684953930031042,1,numba.tests.test_serialize.TestDispatcherPickling.test_call_nopython
numba-cache,1,0.0017774849984562,1,numba.tests.test_serialize.TestDispatcherPickling.test_call_nopython
numba-cache,1,0.0043648599967127,0,numba.tests.test_serialize.TestDispatcherPickling.test_call_nopython
numba-cache,1,0.0003581509954528,0,numba.tests.test_serialize.TestDispatcherPickling.test_call_nopython
numba-cache,1,0.0002416540082776,0,numba.tests.test_serialize.TestDispatcherPickling.test_call_nopython
numba-cache,1,0.0003581510100048,0,numba.tests.test_serialize.TestDispatcherPickling.test_call_nopython
numba-cache,1,0.0004150029999436,0,numba.tests.test_serialize.TestDispatcherPickling.test_call_nopython
numba-cache,1,0.0004087870038347,0,numba.tests.test_serialize.TestDispatcherPickling.test_call_nopython
numba-cache,1,0.0002797190099954,0,numba.tests.test_serialize.TestDispatcherPickling.test_call_nopython
numba-cache,1,0.0003436929982854,0,numba.tests.test_serialize.TestDispatcherPickling.test_call_nopython
numba-cache,1,0.0004799559974344,0,numba.tests.test_serialize.TestDispatcherPickling.test_call_nopython
numba-cache,1,0.0005583189922617,0,numba.tests.test_serialize.TestDispatcherPickling.test_call_nopython
numba-cache,1,0.0003375469968887,0,numba.tests.test_serialize.TestDispatcherPickling.test_call_nopython
numba-cache,1,0.0003243480023229,0,numba.tests.test_serialize.TestDispatcherPickling.test_call_nopython
numba-cache,1,0.0033333599858451,0,numba.tests.test_serialize.TestDispatcherPickling.test_call_nopython
numba-cache,1,0.0004064120003022,0,numba.tests.test_serialize.TestDispatcherPickling.test_call_nopython
numba-cache,1,0.0003457889979472,0,numba.tests.test_serialize.TestDispatcherPickling.test_call_nopython
numba-cache,1,0.000300182000501,0,numba.tests.test_serialize.TestDispatcherPickling.test_call_nopython
numba-cache,1,0.0003144299989799,0,numba.tests.test_serialize.TestDispatcherPickling.test_call_nopython
numba-cache,1,0.0003334969951538,0,numba.tests.test_serialize.TestDispatcherPickling.test_call_nopython
numba-cache,1,0.0004946230037603,0,numba.tests.test_serialize.TestDispatcherPickling.test_call_nopython
numba-cache,1,0.000403058991651,0,numba.tests.test_serialize.TestDispatcherPickling.test_call_nopython
numba-cache,1,0.0001479260099586,0,numba.tests.test_serialize.TestDispatcherPickling.test_call_nopython
numba-cache,1,0.0001630820042919,0,numba.tests.test_serialize.TestDispatcherPickling.test_call_nopython
numba-cache,1,0.0001515570038463,0,numba.tests.test_serialize.TestDispatcherPickling.test_call_nopython
numba-cache,1,0.0001551900058984,0,numba.tests.test_serialize.TestDispatcherPickling.test_call_nopython
numba-nocache,0,0.1009295659896452,0,numba.tests.test_serialize.TestDispatcherPickling.test_call_nopython
numba-nocache,0,0.0294088660011766,0,numba.tests.test_serialize.TestDispatcherPickling.test_call_nopython
numba-nocache,0,0.0036468100006459,0,numba.tests.test_serialize.TestDispatcherPickling.test_call_nopython
numba-nocache,0,0.000235507992329,0,numba.tests.test_serialize.TestDispatcherPickling.test_call_nopython
numba-nocache,0,5.915701331105083e-05,0,numba.tests.test_serialize.TestDispatcherPickling.test_call_nopython
numba-nocache,0,5.014700582250953e-05,0,numba.tests.test_serialize.TestDispatcherPickling.test_call_nopython
numba-nocache,0,4.267299664206803e-05,0,numba.tests.test_serialize.TestDispatcherPickling.test_call_nopython
numba-nocache,0,6.52330054435879e-05,0,numba.tests.test_serialize.TestDispatcherPickling.test_call_nopython
numba-nocache,0,4.763199831359088e-05,0,numba.tests.test_serialize.TestDispatcherPickling.test_call_nopython
numba-nocache,0,7.74549989728257e-05,0,numba.tests.test_serialize.TestDispatcherPickling.test_call_nopython
numba-nocache,0,5.964501178823412e-05,0,numba.tests.test_serialize.TestDispatcherPickling.test_call_nopython
numba-nocache,0,0.0001150299940491,0,numba.tests.test_serialize.TestDispatcherPickling.test_call_nopython
numba-nocache,0,6.9143992732279e-05,0,numba.tests.test_serialize.TestDispatcherPickling.test_call_nopython
numba-nocache,0,5.454699567053467e-05,0,numba.tests.test_serialize.TestDispatcherPickling.test_call_nopython
numba-nocache,0,0.0030324779945658,0,numba.tests.test_serialize.TestDispatcherPickling.test_call_nopython
numba-nocache,0,6.250900332815945e-05,0,numba.tests.test_serialize.TestDispatcherPickling.test_call_nopython
numba-nocache,0,4.630499461200088e-05,0,numba.tests.test_serialize.TestDispatcherPickling.test_call_nopython
numba-nocache,0,4.581599205266684e-05,0,numba.tests.test_serialize.TestDispatcherPickling.test_call_nopython
numba-nocache,0,3.967099473811686e-05,0,numba.tests.test_serialize.TestDispatcherPickling.test_call_nopython
numba-nocache,0,4.421100311446935e-05,0,numba.tests.test_serialize.TestDispatcherPickling.test_call_nopython
numba-nocache,0,4.826099029742181e-05,0,numba.tests.test_serialize.TestDispatcherPickling.test_call_nopython
numba-nocache,0,4.5117994886823e-05,0,numba.tests.test_serialize.TestDispatcherPickling.test_call_nopython
numba-nocache,0,4.21150034526363e-05,0,numba.tests.test_serialize.TestDispatcherPickling.test_call_nopython
numba-nocache,0,4.365100176073611e-05,0,numba.tests.test_serialize.TestDispatcherPickling.test_call_nopython
numba-nocache,0,3.8623009459115565e-05,0,numba.tests.test_serialize.TestDispatcherPickling.test_call_nopython
numba-nocache,0,4.302299930714071e-05,0,numba.tests.test_serialize.TestDispatcherPickling.test_call_nopython
numba-cache,0,0.0675695579993771,0,numba.tests.test_sets.TestFloatSets.test_intersection
numba-cache,0,4.874999285675585e-05,0,numba.tests.test_sets.TestFloatSets.test_intersection
numba-cache,0,0.0717376550019253,0,numba.tests.test_sets.TestFloatSets.test_intersection
numba-cache,0,4.33710083598271e-05,0,numba.tests.test_sets.TestFloatSets.test_intersection
numba-cache,0,8.31119978101924e-05,0,numba.tests.test_sets.TestFloatSets.test_intersection
numba-cache,0,4.260400601197034e-05,0,numba.tests.test_sets.TestFloatSets.test_intersection
numba-cache,0,8.052699558902532e-05,0,numba.tests.test_sets.TestFloatSets.test_intersection
numba-cache,0,4.344199260231108e-05,0,numba.tests.test_sets.TestFloatSets.test_intersection
numba-cache,0,3.946101060137153e-05,0,numba.tests.test_sets.TestFloatSets.test_intersection
numba-cache,0,5.866700666956604e-05,0,numba.tests.test_sets.TestFloatSets.test_intersection
numba-cache,0,9.261099330615252e-05,0,numba.tests.test_sets.TestFloatSets.test_intersection
numba-cache,0,6.963199120946229e-05,0,numba.tests.test_sets.TestFloatSets.test_intersection
numba-cache,0,7.892100256867707e-05,0,numba.tests.test_sets.TestFloatSets.test_intersection
numba-cache,0,8.143500599544495e-05,0,numba.tests.test_sets.TestFloatSets.test_intersection
numba-cache,0,0.2594064300064929,0,numba.tests.test_sets.TestFloatSets.test_intersection
numba-cache,0,3.994899452663958e-05,0,numba.tests.test_sets.TestFloatSets.test_intersection
numba-cache,0,5.370799044612795e-05,0,numba.tests.test_sets.TestFloatSets.test_intersection
numba-cache,0,0.0050388160016154,0,numba.tests.test_sets.TestFloatSets.test_intersection
numba-cache,0,0.0199616640020394,0,numba.tests.test_sets.TestFloatSets.test_intersection
numba-cache,0,4.1485996916890144e-05,0,numba.tests.test_sets.TestFloatSets.test_intersection
numba-cache,0,0.0208063320023939,0,numba.tests.test_sets.TestFloatSets.test_intersection
numba-cache,0,6.439500430133194e-05,0,numba.tests.test_sets.TestFloatSets.test_intersection
numba-cache,0,0.0711263989942381,0,numba.tests.test_sets.TestFloatSets.test_intersection
numba-cache,0,4.092699964530766e-05,0,numba.tests.test_sets.TestFloatSets.test_intersection
numba-cache,0,0.0339601529994979,0,numba.tests.test_sets.TestFloatSets.test_intersection
numba-cache,0,4.756200360134244e-05,0,numba.tests.test_sets.TestFloatSets.test_intersection
numba-cache,0,8.325200178660452e-05,0,numba.tests.test_sets.TestFloatSets.test_intersection
numba-cache,0,4.651400377042592e-05,0,numba.tests.test_sets.TestFloatSets.test_intersection
numba-cache,0,0.1648967410001205,0,numba.tests.test_sets.TestFloatSets.test_intersection
numba-cache,0,4.791100218426436e-05,0,numba.tests.test_sets.TestFloatSets.test_intersection
numba-cache,0,4.826100484933704e-05,0,numba.tests.test_sets.TestFloatSets.test_intersection
numba-cache,0,8.883900591172278e-05,0,numba.tests.test_sets.TestFloatSets.test_intersection
numba-cache,0,0.2002234210085589,0,numba.tests.test_sets.TestFloatSets.test_intersection
numba-cache,0,5.482599954120815e-05,0,numba.tests.test_sets.TestFloatSets.test_intersection
numba-cache,0,0.0035076719941571,0,numba.tests.test_sets.TestFloatSets.test_intersection
numba-cache,0,3.8622994907200336e-05,0,numba.tests.test_sets.TestFloatSets.test_intersection
numba-cache,0,4.162600089330226e-05,0,numba.tests.test_sets.TestFloatSets.test_intersection
numba-cache,0,3.624800592660904e-05,0,numba.tests.test_sets.TestFloatSets.test_intersection
numba-cache,0,0.0001065090036718,0,numba.tests.test_sets.TestFloatSets.test_intersection
numba-cache,0,0.0012369699979899,0,numba.tests.test_sets.TestFloatSets.test_intersection
numba-cache,0,0.000108814012492,0,numba.tests.test_sets.TestFloatSets.test_intersection
numba-cache,0,5.775901081506163e-05,0,numba.tests.test_sets.TestFloatSets.test_intersection
numba-cache,0,0.2954445200011832,0,numba.tests.test_sets.TestFloatSets.test_intersection
numba-cache,0,6.250801379792392e-05,0,numba.tests.test_sets.TestFloatSets.test_intersection
numba-cache,0,9.016599506139757e-05,0,numba.tests.test_sets.TestFloatSets.test_intersection
numba-cache,0,9.917600254993886e-05,0,numba.tests.test_sets.TestFloatSets.test_intersection
numba-cache,0,0.9349319519969868,0,numba.tests.test_sets.TestFloatSets.test_intersection
numba-cache,0,0.0618377009959658,0,numba.tests.test_sets.TestFloatSets.test_intersection
numba-cache,0,4.2464002035558224e-05,0,numba.tests.test_sets.TestFloatSets.test_intersection
numba-cache,0,0.0727956209884723,0,numba.tests.test_sets.TestFloatSets.test_intersection
numba-cache,0,4.183499549981207e-05,0,numba.tests.test_sets.TestFloatSets.test_intersection
numba-cache,0,4.483899101614952e-05,0,numba.tests.test_sets.TestFloatSets.test_intersection
numba-cache,0,4.497800546232611e-05,0,numba.tests.test_sets.TestFloatSets.test_intersection
numba-cache,0,8.499699470121413e-05,0,numba.tests.test_sets.TestFloatSets.test_intersection
numba-cache,0,7.24260025890544e-05,0,numba.tests.test_sets.TestFloatSets.test_intersection
numba-cache,0,8.122599683701992e-05,0,numba.tests.test_sets.TestFloatSets.test_intersection
numba-cache,0,4.414000432007015e-05,0,numba.tests.test_sets.TestFloatSets.test_intersection
numba-cache,0,0.00012208300177,0,numba.tests.test_sets.TestFloatSets.test_intersection
numba-cache,0,0.0001234809897141,0,numba.tests.test_sets.TestFloatSets.test_intersection
numba-cache,0,0.0001319310104008,0,numba.tests.test_sets.TestFloatSets.test_intersection
numba-cache,0,7.626799924764782e-05,0,numba.tests.test_sets.TestFloatSets.test_intersection
numba-cache,0,0.2630184449953958,0,numba.tests.test_sets.TestFloatSets.test_intersection
numba-cache,0,4.14160022046417e-05,0,numba.tests.test_sets.TestFloatSets.test_intersection
numba-cache,0,7.116900815162808e-05,0,numba.tests.test_sets.TestFloatSets.test_intersection
numba-cache,0,0.0042245289951097,0,numba.tests.test_sets.TestFloatSets.test_intersection
numba-cache,0,0.0198865840065991,0,numba.tests.test_sets.TestFloatSets.test_intersection
numba-cache,0,4.092699964530766e-05,0,numba.tests.test_sets.TestFloatSets.test_intersection
numba-cache,0,0.0224615159968379,0,numba.tests.test_sets.TestFloatSets.test_intersection
numba-cache,0,4.162600089330226e-05,0,numba.tests.test_sets.TestFloatSets.test_intersection
numba-cache,0,0.0276143840019358,0,numba.tests.test_sets.TestFloatSets.test_intersection
numba-cache,0,4.923899541608989e-05,0,numba.tests.test_sets.TestFloatSets.test_intersection
numba-cache,0,0.0001044139935402,0,numba.tests.test_sets.TestFloatSets.test_intersection
numba-cache,0,7.235599332489073e-05,0,numba.tests.test_sets.TestFloatSets.test_intersection
numba-cache,0,8.052699558902532e-05,0,numba.tests.test_sets.TestFloatSets.test_intersection
numba-cache,0,0.1532430549996206,0,numba.tests.test_sets.TestFloatSets.test_intersection
numba-cache,0,5.196301208343357e-05,0,numba.tests.test_sets.TestFloatSets.test_intersection
numba-cache,0,9.428600606042892e-05,0,numba.tests.test_sets.TestFloatSets.test_intersection
numba-cache,0,0.1988976110005751,0,numba.tests.test_sets.TestFloatSets.test_intersection
numba-cache,0,3.9111997466534376e-05,0,numba.tests.test_sets.TestFloatSets.test_intersection
numba-cache,0,4.595599602907896e-05,0,numba.tests.test_sets.TestFloatSets.test_intersection
numba-cache,0,7.535899931099266e-05,0,numba.tests.test_sets.TestFloatSets.test_intersection
numba-cache,0,0.2514354400045704,0,numba.tests.test_sets.TestFloatSets.test_intersection
numba-cache,0,4.204499418847263e-05,0,numba.tests.test_sets.TestFloatSets.test_intersection
numba-cache,0,0.0034260960092069,0,numba.tests.test_sets.TestFloatSets.test_intersection
numba-cache,0,4.483899101614952e-05,0,numba.tests.test_sets.TestFloatSets.test_intersection
numba-cache,0,4.902899672742933e-05,0,numba.tests.test_sets.TestFloatSets.test_intersection
numba-cache,0,5.559400597121567e-05,0,numba.tests.test_sets.TestFloatSets.test_intersection
numba-cache,0,0.0001005730009637,0,numba.tests.test_sets.TestFloatSets.test_intersection
numba-cache,0,4.7352994442917407e-05,0,numba.tests.test_sets.TestFloatSets.test_intersection
numba-cache,0,0.0001185220025945,0,numba.tests.test_sets.TestFloatSets.test_intersection
numba-cache,0,0.0001301849988522,0,numba.tests.test_sets.TestFloatSets.test_intersection
numba-cache,0,0.3613093070016475,0,numba.tests.test_sets.TestFloatSets.test_intersection
numba-cache,0,5.531500210054219e-05,0,numba.tests.test_sets.TestFloatSets.test_intersection
numba-cache,0,8.24129965621978e-05,0,numba.tests.test_sets.TestFloatSets.test_intersection
numba-cache,0,8.06680036475882e-05,0,numba.tests.test_sets.TestFloatSets.test_intersection
numba-cache,0,0.967216107994318,0,numba.tests.test_sets.TestFloatSets.test_intersection
numba-cache,0,0.0033203560014953,1,numba.tests.test_sets.TestFloatSets.test_intersection
numba-cache,0,4.923900996800512e-05,0,numba.tests.test_sets.TestFloatSets.test_intersection
numba-cache,0,5.943600262980908e-05,0,numba.tests.test_sets.TestFloatSets.test_intersection
numba-cache,0,8.031800098251551e-05,0,numba.tests.test_sets.TestFloatSets.test_intersection
numba-cache,0,0.0001523250102763,0,numba.tests.test_sets.TestFloatSets.test_intersection
numba-cache,0,0.0001145410060416,0,numba.tests.test_sets.TestFloatSets.test_intersection
numba-cache,0,0.2398383250110782,0,numba.tests.test_sets.TestFloatSets.test_intersection
numba-cache,1,0.0565927400020882,1,numba.tests.test_sets.TestFloatSets.test_intersection
numba-cache,1,0.004870099000982,1,numba.tests.test_sets.TestFloatSets.test_intersection
numba-cache,1,0.0042623320041457,1,numba.tests.test_sets.TestFloatSets.test_intersection
numba-nocache,0,0.0703373639989877,0,numba.tests.test_sets.TestFloatSets.test_intersection
numba-nocache,0,6.153099820949137e-05,0,numba.tests.test_sets.TestFloatSets.test_intersection
numba-nocache,0,0.0712031270086299,0,numba.tests.test_sets.TestFloatSets.test_intersection
numba-nocache,0,5.0076996558345854e-05,0,numba.tests.test_sets.TestFloatSets.test_intersection
numba-nocache,0,4.518798959907144e-05,0,numba.tests.test_sets.TestFloatSets.test_intersection
numba-nocache,0,4.483899101614952e-05,0,numba.tests.test_sets.TestFloatSets.test_intersection
numba-nocache,0,9.344899444840848e-05,0,numba.tests.test_sets.TestFloatSets.test_intersection
numba-nocache,0,3.953099076170474e-05,0,numba.tests.test_sets.TestFloatSets.test_intersection
numba-nocache,0,8.248299127444625e-05,0,numba.tests.test_sets.TestFloatSets.test_intersection
numba-nocache,0,8.55570106068626e-05,0,numba.tests.test_sets.TestFloatSets.test_intersection
numba-nocache,0,8.541699207853526e-05,0,numba.tests.test_sets.TestFloatSets.test_intersection
numba-nocache,0,9.526399662718175e-05,0,numba.tests.test_sets.TestFloatSets.test_intersection
numba-nocache,0,8.059799438342452e-05,0,numba.tests.test_sets.TestFloatSets.test_intersection
numba-nocache,0,8.443900151178241e-05,0,numba.tests.test_sets.TestFloatSets.test_intersection
numba-nocache,0,0.2724515580048319,0,numba.tests.test_sets.TestFloatSets.test_intersection
numba-nocache,0,4.435000300873071e-05,0,numba.tests.test_sets.TestFloatSets.test_intersection
numba-nocache,0,6.118199962656945e-05,0,numba.tests.test_sets.TestFloatSets.test_intersection
numba-nocache,0,0.0049483890034025,0,numba.tests.test_sets.TestFloatSets.test_intersection
numba-nocache,0,0.0197695289971306,0,numba.tests.test_sets.TestFloatSets.test_intersection
numba-nocache,0,4.9098991439677775e-05,0,numba.tests.test_sets.TestFloatSets.test_intersection
numba-nocache,0,0.0185128580051241,0,numba.tests.test_sets.TestFloatSets.test_intersection
numba-nocache,0,5.294100265018642e-05,0,numba.tests.test_sets.TestFloatSets.test_intersection
numba-nocache,0,0.0658179449965246,0,numba.tests.test_sets.TestFloatSets.test_intersection
numba-nocache,0,6.285800191108137e-05,0,numba.tests.test_sets.TestFloatSets.test_intersection
numba-nocache,0,0.0279435080010443,0,numba.tests.test_sets.TestFloatSets.test_intersection
numba-nocache,0,3.862200537696481e-05,0,numba.tests.test_sets.TestFloatSets.test_intersection
numba-nocache,0,6.208999548107386e-05,0,numba.tests.test_sets.TestFloatSets.test_intersection
numba-nocache,0,3.764400025829673e-05,0,numba.tests.test_sets.TestFloatSets.test_intersection
numba-nocache,0,0.1508447949890978,0,numba.tests.test_sets.TestFloatSets.test_intersection
numba-nocache,0,3.771499905269593e-05,0,numba.tests.test_sets.TestFloatSets.test_intersection
numba-nocache,0,5.32200065208599e-05,0,numba.tests.test_sets.TestFloatSets.test_intersection
numba-nocache,0,8.625499322079122e-05,0,numba.tests.test_sets.TestFloatSets.test_intersection
numba-nocache,0,0.186146177991759,0,numba.tests.test_sets.TestFloatSets.test_intersection
numba-nocache,0,3.994900907855481e-05,0,numba.tests.test_sets.TestFloatSets.test_intersection
numba-nocache,0,0.0027678460028255,0,numba.tests.test_sets.TestFloatSets.test_intersection
numba-nocache,0,3.820299752987921e-05,0,numba.tests.test_sets.TestFloatSets.test_intersection
numba-nocache,0,3.820299752987921e-05,0,numba.tests.test_sets.TestFloatSets.test_intersection
numba-nocache,0,3.624799137469381e-05,0,numba.tests.test_sets.TestFloatSets.test_intersection
numba-nocache,0,8.772099681664258e-05,0,numba.tests.test_sets.TestFloatSets.test_intersection
numba-nocache,0,8.269300451502204e-05,0,numba.tests.test_sets.TestFloatSets.test_intersection
numba-nocache,0,7.368299702648073e-05,0,numba.tests.test_sets.TestFloatSets.test_intersection
numba-nocache,0,3.624800592660904e-05,0,numba.tests.test_sets.TestFloatSets.test_intersection
numba-nocache,0,0.2749585429992294,0,numba.tests.test_sets.TestFloatSets.test_intersection
numba-nocache,0,3.722500696312636e-05,0,numba.tests.test_sets.TestFloatSets.test_intersection
numba-nocache,0,9.254099859390408e-05,0,numba.tests.test_sets.TestFloatSets.test_intersection
numba-nocache,0,0.0001014799927361,0,numba.tests.test_sets.TestFloatSets.test_intersection
numba-nocache,0,0.953807162004523,0,numba.tests.test_sets.TestFloatSets.test_intersection
numba-nocache,0,0.0633520979899913,0,numba.tests.test_sets.TestFloatSets.test_intersection
numba-nocache,0,4.896000609733164e-05,0,numba.tests.test_sets.TestFloatSets.test_intersection
numba-nocache,0,0.0780767849937547,0,numba.tests.test_sets.TestFloatSets.test_intersection
numba-nocache,0,6.292799662332982e-05,0,numba.tests.test_sets.TestFloatSets.test_intersection
numba-nocache,0,9.889699867926538e-05,0,numba.tests.test_sets.TestFloatSets.test_intersection
numba-nocache,0,8.136600081343204e-05,0,numba.tests.test_sets.TestFloatSets.test_intersection
numba-nocache,0,0.0001002930075628,0,numba.tests.test_sets.TestFloatSets.test_intersection
numba-nocache,0,4.707399057224393e-05,0,numba.tests.test_sets.TestFloatSets.test_intersection
numba-nocache,0,4.1346007492393255e-05,0,numba.tests.test_sets.TestFloatSets.test_intersection
numba-nocache,0,3.967000520788133e-05,0,numba.tests.test_sets.TestFloatSets.test_intersection
numba-nocache,0,8.779100608080626e-05,0,numba.tests.test_sets.TestFloatSets.test_intersection
numba-nocache,0,6.907399802003056e-05,0,numba.tests.test_sets.TestFloatSets.test_intersection
numba-nocache,0,5.957498797215521e-05,0,numba.tests.test_sets.TestFloatSets.test_intersection
numba-nocache,0,0.0001007129903882,0,numba.tests.test_sets.TestFloatSets.test_intersection
numba-nocache,0,0.285282475000713,0,numba.tests.test_sets.TestFloatSets.test_intersection
numba-nocache,0,6.495299749076366e-05,0,numba.tests.test_sets.TestFloatSets.test_intersection
numba-nocache,0,5.615300324279815e-05,0,numba.tests.test_sets.TestFloatSets.test_intersection
numba-nocache,0,0.0046202699886634,0,numba.tests.test_sets.TestFloatSets.test_intersection
numba-nocache,0,0.0288068969966843,0,numba.tests.test_sets.TestFloatSets.test_intersection
numba-nocache,0,0.0001011319982353,0,numba.tests.test_sets.TestFloatSets.test_intersection
numba-nocache,0,0.0248404189915163,0,numba.tests.test_sets.TestFloatSets.test_intersection
numba-nocache,0,5.412798782344908e-05,0,numba.tests.test_sets.TestFloatSets.test_intersection
numba-nocache,0,0.0271973140042973,0,numba.tests.test_sets.TestFloatSets.test_intersection
numba-nocache,0,5.748000694438815e-05,0,numba.tests.test_sets.TestFloatSets.test_intersection
numba-nocache,0,8.960800187196583e-05,0,numba.tests.test_sets.TestFloatSets.test_intersection
numba-nocache,0,0.0001061599905369,0,numba.tests.test_sets.TestFloatSets.test_intersection
numba-nocache,0,9.861700527835636e-05,0,numba.tests.test_sets.TestFloatSets.test_intersection
numba-nocache,0,0.1516717269987566,0,numba.tests.test_sets.TestFloatSets.test_intersection
numba-nocache,0,4.1485996916890144e-05,0,numba.tests.test_sets.TestFloatSets.test_intersection
numba-nocache,0,3.9739999920129776e-05,0,numba.tests.test_sets.TestFloatSets.test_intersection
numba-nocache,0,0.1996926270076073,0,numba.tests.test_sets.TestFloatSets.test_intersection
numba-nocache,0,3.8762009353376925e-05,0,numba.tests.test_sets.TestFloatSets.test_intersection
numba-nocache,0,0.0001002939970931,0,numba.tests.test_sets.TestFloatSets.test_intersection
numba-nocache,0,9.205201058648528e-05,0,numba.tests.test_sets.TestFloatSets.test_intersection
numba-nocache,0,0.2549054560076911,0,numba.tests.test_sets.TestFloatSets.test_intersection
numba-nocache,0,6.006400508340448e-05,0,numba.tests.test_sets.TestFloatSets.test_intersection
numba-nocache,0,0.0032104359997902,0,numba.tests.test_sets.TestFloatSets.test_intersection
numba-nocache,0,4.8820002120919526e-05,0,numba.tests.test_sets.TestFloatSets.test_intersection
numba-nocache,0,0.000134864996653,0,numba.tests.test_sets.TestFloatSets.test_intersection
numba-nocache,0,5.063599382992834e-05,0,numba.tests.test_sets.TestFloatSets.test_intersection
numba-nocache,0,6.886500341352075e-05,0,numba.tests.test_sets.TestFloatSets.test_intersection
numba-nocache,0,3.624800592660904e-05,0,numba.tests.test_sets.TestFloatSets.test_intersection
numba-nocache,0,4.043799708597362e-05,0,numba.tests.test_sets.TestFloatSets.test_intersection
numba-nocache,0,4.518700006883592e-05,0,numba.tests.test_sets.TestFloatSets.test_intersection
numba-nocache,0,0.3750540550099686,0,numba.tests.test_sets.TestFloatSets.test_intersection
numba-nocache,0,4.6165005187504e-05,0,numba.tests.test_sets.TestFloatSets.test_intersection
numba-nocache,0,0.000128579995362,0,numba.tests.test_sets.TestFloatSets.test_intersection
numba-nocache,0,9.142298949882388e-05,0,numba.tests.test_sets.TestFloatSets.test_intersection
numba-nocache,0,1.01912105800875,0,numba.tests.test_sets.TestFloatSets.test_intersection
numba-nocache,0,0.0777629139920463,0,numba.tests.test_sets.TestFloatSets.test_intersection
numba-nocache,0,3.8134006899781525e-05,0,numba.tests.test_sets.TestFloatSets.test_intersection
numba-nocache,0,5.636300193145871e-05,0,numba.tests.test_sets.TestFloatSets.test_intersection
numba-nocache,0,9.694100299384444e-05,0,numba.tests.test_sets.TestFloatSets.test_intersection
numba-nocache,0,0.0001364019990433,0,numba.tests.test_sets.TestFloatSets.test_intersection
numba-nocache,0,9.673100430518387e-05,0,numba.tests.test_sets.TestFloatSets.test_intersection
numba-nocache,0,0.3131156330055091,0,numba.tests.test_sets.TestFloatSets.test_intersection
numba-cache,0,0.1008249360020272,0,numba.tests.test_unpack_sequence.TestUnpack.test_unpack_tuple_too_small
numba-cache,0,0.0375840409978991,0,numba.tests.test_unpack_sequence.TestUnpack.test_unpack_tuple_too_small
numba-cache,0,0.0039237199962371,0,numba.tests.test_unpack_sequence.TestUnpack.test_unpack_tuple_too_small
numba-cache,0,0.0033098800049629,0,numba.tests.test_unpack_sequence.TestUnpack.test_unpack_tuple_too_small
numba-cache,1,0.1050153359974501,0,numba.tests.test_unpack_sequence.TestUnpack.test_unpack_tuple_too_small
numba-cache,1,0.0375665989995468,0,numba.tests.test_unpack_sequence.TestUnpack.test_unpack_tuple_too_small
numba-cache,1,0.0038071000017225,0,numba.tests.test_unpack_sequence.TestUnpack.test_unpack_tuple_too_small
numba-cache,1,0.0041936060006264,0,numba.tests.test_unpack_sequence.TestUnpack.test_unpack_tuple_too_small
numba-nocache,0,0.1050828709994675,0,numba.tests.test_unpack_sequence.TestUnpack.test_unpack_tuple_too_small
numba-nocache,0,0.0379425339924637,0,numba.tests.test_unpack_sequence.TestUnpack.test_unpack_tuple_too_small
numba-nocache,0,0.004242772993166,0,numba.tests.test_unpack_sequence.TestUnpack.test_unpack_tuple_too_small
numba-nocache,0,0.0032675670081516,0,numba.tests.test_unpack_sequence.TestUnpack.test_unpack_tuple_too_small
numba-cache,0,0.0038817449967609,1,numba.tests.test_withlifting.TestLiftObj.test_objmode_jitclass
numba-cache,0,0.0001978630025405,0,numba.tests.test_withlifting.TestLiftObj.test_objmode_jitclass
numba-cache,0,0.0002225159987574,0,numba.tests.test_withlifting.TestLiftObj.test_objmode_jitclass
numba-cache,0,0.0001417099992977,0,numba.tests.test_withlifting.TestLiftObj.test_objmode_jitclass
numba-cache,0,0.081607159008854,0,numba.tests.test_withlifting.TestLiftObj.test_objmode_jitclass
numba-cache,0,4.7772002290003e-05,0,numba.tests.test_withlifting.TestLiftObj.test_objmode_jitclass
numba-cache,0,0.0258969010028522,0,numba.tests.test_withlifting.TestLiftObj.test_objmode_jitclass
numba-cache,0,6.097200093790889e-05,0,numba.tests.test_withlifting.TestLiftObj.test_objmode_jitclass
numba-cache,0,6.718799704685807e-05,0,numba.tests.test_withlifting.TestLiftObj.test_objmode_jitclass
numba-cache,0,3.7645004340447485e-05,0,numba.tests.test_withlifting.TestLiftObj.test_objmode_jitclass
numba-cache,0,9.819700790103524e-05,0,numba.tests.test_withlifting.TestLiftObj.test_objmode_jitclass
numba-cache,0,0.1627644669933943,0,numba.tests.test_withlifting.TestLiftObj.test_objmode_jitclass
numba-cache,0,5.1053997594863176e-05,0,numba.tests.test_withlifting.TestLiftObj.test_objmode_jitclass
numba-cache,0,4.6444998588413e-05,0,numba.tests.test_withlifting.TestLiftObj.test_objmode_jitclass
numba-cache,0,0.2270765279972693,0,numba.tests.test_withlifting.TestLiftObj.test_objmode_jitclass
numba-cache,0,0.0001225729938596,0,numba.tests.test_withlifting.TestLiftObj.test_objmode_jitclass
numba-cache,0,0.0349088860093615,0,numba.tests.test_withlifting.TestLiftObj.test_objmode_jitclass
numba-cache,0,0.0429534889990463,0,numba.tests.test_withlifting.TestLiftObj.test_objmode_jitclass
numba-cache,0,0.0536683590034954,0,numba.tests.test_withlifting.TestLiftObj.test_objmode_jitclass
numba-cache,0,4.085799446329474e-05,0,numba.tests.test_withlifting.TestLiftObj.test_objmode_jitclass
numba-cache,0,3.526998625602573e-05,0,numba.tests.test_withlifting.TestLiftObj.test_objmode_jitclass
numba-cache,0,5.978500121273101e-05,0,numba.tests.test_withlifting.TestLiftObj.test_objmode_jitclass
numba-cache,0,3.142899367958307e-05,0,numba.tests.test_withlifting.TestLiftObj.test_objmode_jitclass
numba-cache,0,0.0916954080021241,0,numba.tests.test_withlifting.TestLiftObj.test_objmode_jitclass
numba-cache,0,0.5133734999981243,0,numba.tests.test_withlifting.TestLiftObj.test_objmode_jitclass
numba-cache,0,0.0865486160037107,0,numba.tests.test_withlifting.TestLiftObj.test_objmode_jitclass
numba-cache,0,3.659698995761573e-05,0,numba.tests.test_withlifting.TestLiftObj.test_objmode_jitclass
numba-cache,0,3.2477008062414825e-05,0,numba.tests.test_withlifting.TestLiftObj.test_objmode_jitclass
numba-cache,0,0.1306568709987914,0,numba.tests.test_withlifting.TestLiftObj.test_objmode_jitclass
numba-cache,0,8.017900108825415e-05,0,numba.tests.test_withlifting.TestLiftObj.test_objmode_jitclass
numba-cache,0,8.304200309794396e-05,0,numba.tests.test_withlifting.TestLiftObj.test_objmode_jitclass
numba-cache,0,8.492800407111645e-05,0,numba.tests.test_withlifting.TestLiftObj.test_objmode_jitclass
numba-cache,0,0.0001311630039708,0,numba.tests.test_withlifting.TestLiftObj.test_objmode_jitclass
numba-cache,0,4.686399188358337e-05,0,numba.tests.test_withlifting.TestLiftObj.test_objmode_jitclass
numba-cache,0,0.0785369070072192,0,numba.tests.test_withlifting.TestLiftObj.test_objmode_jitclass
numba-cache,0,0.0001155880017904,0,numba.tests.test_withlifting.TestLiftObj.test_objmode_jitclass
numba-cache,0,0.1371909340086858,0,numba.tests.test_withlifting.TestLiftObj.test_objmode_jitclass
numba-cache,0,0.0314037280040793,0,numba.tests.test_withlifting.TestLiftObj.test_objmode_jitclass
numba-cache,0,6.732800102327019e-05,0,numba.tests.test_withlifting.TestLiftObj.test_objmode_jitclass
numba-cache,0,0.0732786479929927,0,numba.tests.test_withlifting.TestLiftObj.test_objmode_jitclass
numba-cache,1,0.0051367569976719,1,numba.tests.test_withlifting.TestLiftObj.test_objmode_jitclass
numba-cache,1,4.337199789006263e-05,0,numba.tests.test_withlifting.TestLiftObj.test_objmode_jitclass
numba-cache,1,4.057800106238574e-05,0,numba.tests.test_withlifting.TestLiftObj.test_objmode_jitclass
numba-cache,1,0.0684077409969177,0,numba.tests.test_withlifting.TestLiftObj.test_objmode_jitclass
numba-cache,1,4.930800059810281e-05,0,numba.tests.test_withlifting.TestLiftObj.test_objmode_jitclass
numba-cache,1,0.0334370380005566,0,numba.tests.test_withlifting.TestLiftObj.test_objmode_jitclass
numba-cache,1,0.0390343340113759,0,numba.tests.test_withlifting.TestLiftObj.test_objmode_jitclass
numba-cache,1,0.0526708200050052,0,numba.tests.test_withlifting.TestLiftObj.test_objmode_jitclass
numba-cache,1,4.400100442580879e-05,0,numba.tests.test_withlifting.TestLiftObj.test_objmode_jitclass
numba-cache,1,3.666800330393016e-05,0,numba.tests.test_withlifting.TestLiftObj.test_objmode_jitclass
numba-cache,1,9.295999188907444e-05,0,numba.tests.test_withlifting.TestLiftObj.test_objmode_jitclass
numba-cache,1,3.4711993066594005e-05,0,numba.tests.test_withlifting.TestLiftObj.test_objmode_jitclass
numba-cache,1,0.0914482730004238,0,numba.tests.test_withlifting.TestLiftObj.test_objmode_jitclass
numba-cache,1,0.3420212409982923,0,numba.tests.test_withlifting.TestLiftObj.test_objmode_jitclass
numba-cache,1,0.0816611420013941,0,numba.tests.test_withlifting.TestLiftObj.test_objmode_jitclass
numba-cache,1,3.7156001781113446e-05,0,numba.tests.test_withlifting.TestLiftObj.test_objmode_jitclass
numba-cache,1,3.289600135758519e-05,0,numba.tests.test_withlifting.TestLiftObj.test_objmode_jitclass
numba-cache,1,0.12681763600267,0,numba.tests.test_withlifting.TestLiftObj.test_objmode_jitclass
numba-cache,1,0.0001283700112253,0,numba.tests.test_withlifting.TestLiftObj.test_objmode_jitclass
numba-cache,1,8.122599683701992e-05,0,numba.tests.test_withlifting.TestLiftObj.test_objmode_jitclass
numba-cache,1,5.671200051438064e-05,0,numba.tests.test_withlifting.TestLiftObj.test_objmode_jitclass
numba-cache,1,8.541700663045049e-05,0,numba.tests.test_withlifting.TestLiftObj.test_objmode_jitclass
numba-cache,1,3.680700319819152e-05,0,numba.tests.test_withlifting.TestLiftObj.test_objmode_jitclass
numba-cache,1,0.0794504949881229,0,numba.tests.test_withlifting.TestLiftObj.test_objmode_jitclass
numba-cache,1,4.518798959907144e-05,0,numba.tests.test_withlifting.TestLiftObj.test_objmode_jitclass
numba-cache,1,0.1351494639966404,0,numba.tests.test_withlifting.TestLiftObj.test_objmode_jitclass
numba-cache,1,0.0017849580035544,1,numba.tests.test_withlifting.TestLiftObj.test_objmode_jitclass
numba-cache,1,3.994999860879034e-05,0,numba.tests.test_withlifting.TestLiftObj.test_objmode_jitclass
numba-cache,1,0.0441216420003911,0,numba.tests.test_withlifting.TestLiftObj.test_objmode_jitclass
numba-nocache,0,0.0329122909897705,0,numba.tests.test_withlifting.TestLiftObj.test_objmode_jitclass
numba-nocache,0,0.0002332029980607,0,numba.tests.test_withlifting.TestLiftObj.test_objmode_jitclass
numba-nocache,0,0.0001845929946284,0,numba.tests.test_withlifting.TestLiftObj.test_objmode_jitclass
numba-nocache,0,0.0001125159906223,0,numba.tests.test_withlifting.TestLiftObj.test_objmode_jitclass
numba-nocache,0,0.0976888190052704,0,numba.tests.test_withlifting.TestLiftObj.test_objmode_jitclass
numba-nocache,0,4.14160022046417e-05,0,numba.tests.test_withlifting.TestLiftObj.test_objmode_jitclass
numba-nocache,0,0.0238347620033891,0,numba.tests.test_withlifting.TestLiftObj.test_objmode_jitclass
numba-nocache,0,4.092800372745842e-05,0,numba.tests.test_withlifting.TestLiftObj.test_objmode_jitclass
numba-nocache,0,5.538499681279063e-05,0,numba.tests.test_withlifting.TestLiftObj.test_objmode_jitclass
numba-nocache,0,3.6666999221779406e-05,0,numba.tests.test_withlifting.TestLiftObj.test_objmode_jitclass
numba-nocache,0,0.0001048330013873,0,numba.tests.test_withlifting.TestLiftObj.test_objmode_jitclass
numba-nocache,0,0.1741160009987652,0,numba.tests.test_withlifting.TestLiftObj.test_objmode_jitclass
numba-nocache,0,4.630499461200088e-05,0,numba.tests.test_withlifting.TestLiftObj.test_objmode_jitclass
numba-nocache,0,4.2325002141296864e-05,0,numba.tests.test_withlifting.TestLiftObj.test_objmode_jitclass
numba-nocache,0,0.2346974590036552,0,numba.tests.test_withlifting.TestLiftObj.test_objmode_jitclass
numba-nocache,0,6.32070004940033e-05,0,numba.tests.test_withlifting.TestLiftObj.test_objmode_jitclass
numba-nocache,0,0.0436232179927174,0,numba.tests.test_withlifting.TestLiftObj.test_objmode_jitclass
numba-nocache,0,0.0575941679999232,0,numba.tests.test_withlifting.TestLiftObj.test_objmode_jitclass
numba-nocache,0,0.0622631180012831,0,numba.tests.test_withlifting.TestLiftObj.test_objmode_jitclass
numba-nocache,0,7.417199958581477e-05,0,numba.tests.test_withlifting.TestLiftObj.test_objmode_jitclass
numba-nocache,0,7.438199827447534e-05,0,numba.tests.test_withlifting.TestLiftObj.test_objmode_jitclass
numba-nocache,0,0.0001229920017067,0,numba.tests.test_withlifting.TestLiftObj.test_objmode_jitclass
numba-nocache,0,8.346200047526509e-05,0,numba.tests.test_withlifting.TestLiftObj.test_objmode_jitclass
numba-nocache,0,0.1173574249987723,0,numba.tests.test_withlifting.TestLiftObj.test_objmode_jitclass
numba-nocache,0,0.579781605003518,0,numba.tests.test_withlifting.TestLiftObj.test_objmode_jitclass
numba-nocache,0,0.1205025579984067,0,numba.tests.test_withlifting.TestLiftObj.test_objmode_jitclass
numba-nocache,0,6.146100349724293e-05,0,numba.tests.test_withlifting.TestLiftObj.test_objmode_jitclass
numba-nocache,0,6.195000605657697e-05,0,numba.tests.test_withlifting.TestLiftObj.test_objmode_jitclass
numba-nocache,0,0.1687355690082768,0,numba.tests.test_withlifting.TestLiftObj.test_objmode_jitclass
numba-nocache,0,0.0001046240067807,0,numba.tests.test_withlifting.TestLiftObj.test_objmode_jitclass
numba-nocache,0,9.83380014076829e-05,0,numba.tests.test_withlifting.TestLiftObj.test_objmode_jitclass
numba-nocache,0,0.0001155890058726,0,numba.tests.test_withlifting.TestLiftObj.test_objmode_jitclass
numba-nocache,0,9.680099901743232e-05,0,numba.tests.test_withlifting.TestLiftObj.test_objmode_jitclass
numba-nocache,0,3.1499002943746746e-05,0,numba.tests.test_withlifting.TestLiftObj.test_objmode_jitclass
numba-nocache,0,0.0834842460026266,0,numba.tests.test_withlifting.TestLiftObj.test_objmode_jitclass
numba-nocache,0,7.640800322405994e-05,0,numba.tests.test_withlifting.TestLiftObj.test_objmode_jitclass
numba-nocache,0,0.1528290819987887,0,numba.tests.test_withlifting.TestLiftObj.test_objmode_jitclass
numba-nocache,0,0.0351086870068684,0,numba.tests.test_withlifting.TestLiftObj.test_objmode_jitclass
numba-nocache,0,0.0001074180036084,0,numba.tests.test_withlifting.TestLiftObj.test_objmode_jitclass
numba-nocache,0,0.092124700997374,0,numba.tests.test_withlifting.TestLiftObj.test_objmode_jitclass
numba-cache,0,0.0892044259962858,0,numba.tests.test_analysis.TestBranchPrune.test_single_if_else
numba-cache,0,0.0412807050015544,0,numba.tests.test_analysis.TestBranchPrune.test_single_if_else
numba-cache,0,0.0305327289970591,0,numba.tests.test_analysis.TestBranchPrune.test_single_if_else
numba-cache,0,0.0263663780060596,0,numba.tests.test_analysis.TestBranchPrune.test_single_if_else
numba-cache,0,0.0266900260030524,0,numba.tests.test_analysis.TestBranchPrune.test_single_if_else
numba-cache,0,0.0282808860065415,0,numba.tests.test_analysis.TestBranchPrune.test_single_if_else
numba-cache,0,0.0274758869927609,0,numba.tests.test_analysis.TestBranchPrune.test_single_if_else
numba-cache,0,0.029810213993187,0,numba.tests.test_analysis.TestBranchPrune.test_single_if_else
numba-cache,0,0.0281095630052732,0,numba.tests.test_analysis.TestBranchPrune.test_single_if_else
numba-cache,0,0.0283925630064914,0,numba.tests.test_analysis.TestBranchPrune.test_single_if_else
numba-cache,1,0.0905290800001239,0,numba.tests.test_analysis.TestBranchPrune.test_single_if_else
numba-cache,1,0.027717028002371,0,numba.tests.test_analysis.TestBranchPrune.test_single_if_else
numba-cache,1,0.0313175349874654,0,numba.tests.test_analysis.TestBranchPrune.test_single_if_else
numba-cache,1,0.0253152250079438,0,numba.tests.test_analysis.TestBranchPrune.test_single_if_else
numba-cache,1,0.0305567439936567,0,numba.tests.test_analysis.TestBranchPrune.test_single_if_else
numba-cache,1,0.0292599140084348,0,numba.tests.test_analysis.TestBranchPrune.test_single_if_else
numba-cache,1,0.0285867040074663,0,numba.tests.test_analysis.TestBranchPrune.test_single_if_else
numba-cache,1,0.0308655859989812,0,numba.tests.test_analysis.TestBranchPrune.test_single_if_else
numba-cache,1,0.0282877100107725,0,numba.tests.test_analysis.TestBranchPrune.test_single_if_else
numba-cache,1,0.0296227439976064,0,numba.tests.test_analysis.TestBranchPrune.test_single_if_else
numba-nocache,0,0.0985225250042276,0,numba.tests.test_analysis.TestBranchPrune.test_single_if_else
numba-nocache,0,0.0300417760008713,0,numba.tests.test_analysis.TestBranchPrune.test_single_if_else
numba-nocache,0,0.0355622429924551,0,numba.tests.test_analysis.TestBranchPrune.test_single_if_else
numba-nocache,0,0.0288584399968385,0,numba.tests.test_analysis.TestBranchPrune.test_single_if_else
numba-nocache,0,0.0301033080031629,0,numba.tests.test_analysis.TestBranchPrune.test_single_if_else
numba-nocache,0,0.031693124998128,0,numba.tests.test_analysis.TestBranchPrune.test_single_if_else
numba-nocache,0,0.0292941860097926,0,numba.tests.test_analysis.TestBranchPrune.test_single_if_else
numba-nocache,0,0.0327279070043005,0,numba.tests.test_analysis.TestBranchPrune.test_single_if_else
numba-nocache,0,0.0280513439938658,0,numba.tests.test_analysis.TestBranchPrune.test_single_if_else
numba-nocache,0,0.0332086300040828,0,numba.tests.test_analysis.TestBranchPrune.test_single_if_else
numba-cache,0,0.0440205340128159,0,numba.tests.test_function_type.TestFunctionType.test_in_choose_out
numba-cache,0,0.0019812760001514,1,numba.tests.test_function_type.TestFunctionType.test_in_choose_out
numba-cache,0,0.0024413950013695,1,numba.tests.test_function_type.TestFunctionType.test_in_choose_out
numba-cache,0,0.0026421200018376,1,numba.tests.test_function_type.TestFunctionType.test_in_choose_out
numba-cache,0,0.0022621800017077,1,numba.tests.test_function_type.TestFunctionType.test_in_choose_out
numba-cache,0,0.001913111002068,1,numba.tests.test_function_type.TestFunctionType.test_in_choose_out
numba-cache,0,0.0041753600089577,0,numba.tests.test_function_type.TestFunctionType.test_in_choose_out
numba-cache,0,0.0027765659906435,0,numba.tests.test_function_type.TestFunctionType.test_in_choose_out
numba-cache,0,0.0499158229940803,0,numba.tests.test_function_type.TestFunctionType.test_in_choose_out
numba-cache,0,0.0024145049974322,1,numba.tests.test_function_type.TestFunctionType.test_in_choose_out
numba-cache,0,0.0022209040034795,1,numba.tests.test_function_type.TestFunctionType.test_in_choose_out
numba-cache,0,0.0417841249873163,0,numba.tests.test_function_type.TestFunctionType.test_in_choose_out
numba-cache,0,0.0021312270109774,1,numba.tests.test_function_type.TestFunctionType.test_in_choose_out
numba-cache,0,0.0019965710089309,1,numba.tests.test_function_type.TestFunctionType.test_in_choose_out
numba-cache,0,0.0283091720048105,0,numba.tests.test_function_type.TestFunctionType.test_in_choose_out
numba-cache,0,0.0297915669943904,0,numba.tests.test_function_type.TestFunctionType.test_in_choose_out
numba-cache,0,0.0394834619946777,0,numba.tests.test_function_type.TestFunctionType.test_in_choose_out
numba-cache,0,0.0019120630022371,1,numba.tests.test_function_type.TestFunctionType.test_in_choose_out
numba-cache,0,0.0019538279884727,1,numba.tests.test_function_type.TestFunctionType.test_in_choose_out
numba-cache,0,0.0013864320062566,1,numba.tests.test_function_type.TestFunctionType.test_in_choose_out
numba-cache,0,0.0015736089990241,1,numba.tests.test_function_type.TestFunctionType.test_in_choose_out
numba-cache,0,0.039772049000021,0,numba.tests.test_function_type.TestFunctionType.test_in_choose_out
numba-cache,0,0.002775309010758,1,numba.tests.test_function_type.TestFunctionType.test_in_choose_out
numba-cache,0,0.0035423130029812,1,numba.tests.test_function_type.TestFunctionType.test_in_choose_out
numba-cache,0,0.0042783780081663,1,numba.tests.test_function_type.TestFunctionType.test_in_choose_out
numba-cache,0,0.0036207450029905,1,numba.tests.test_function_type.TestFunctionType.test_in_choose_out
numba-cache,0,0.0023906189890112,1,numba.tests.test_function_type.TestFunctionType.test_in_choose_out
numba-cache,0,0.0037192919990047,1,numba.tests.test_function_type.TestFunctionType.test_in_choose_out
numba-cache,0,0.0022144779941299,1,numba.tests.test_function_type.TestFunctionType.test_in_choose_out
numba-cache,0,0.0018939739966299,1,numba.tests.test_function_type.TestFunctionType.test_in_choose_out
numba-cache,1,0.030429003003519,0,numba.tests.test_function_type.TestFunctionType.test_in_choose_out
numba-cache,1,0.0284912300121504,0,numba.tests.test_function_type.TestFunctionType.test_in_choose_out
numba-cache,1,0.0309755180060165,0,numba.tests.test_function_type.TestFunctionType.test_in_choose_out
numba-cache,1,0.0284376610070467,0,numba.tests.test_function_type.TestFunctionType.test_in_choose_out
numba-cache,1,0.1215630549995694,1,numba.tests.test_function_type.TestFunctionType.test_in_choose_out
numba-cache,1,0.0019453860004432,1,numba.tests.test_function_type.TestFunctionType.test_in_choose_out
numba-cache,1,0.0022353709937306,1,numba.tests.test_function_type.TestFunctionType.test_in_choose_out
numba-cache,1,0.0023521460097981,1,numba.tests.test_function_type.TestFunctionType.test_in_choose_out
numba-cache,1,0.002209878002759,1,numba.tests.test_function_type.TestFunctionType.test_in_choose_out
numba-cache,1,0.0020548980101011,1,numba.tests.test_function_type.TestFunctionType.test_in_choose_out
numba-cache,1,0.00336898000387,0,numba.tests.test_function_type.TestFunctionType.test_in_choose_out
numba-cache,1,0.0037265720020513,0,numba.tests.test_function_type.TestFunctionType.test_in_choose_out
numba-cache,1,0.0523503830045228,0,numba.tests.test_function_type.TestFunctionType.test_in_choose_out
numba-cache,1,0.0021101430029375,1,numba.tests.test_function_type.TestFunctionType.test_in_choose_out
numba-cache,1,0.002029825001955,1,numba.tests.test_function_type.TestFunctionType.test_in_choose_out
numba-cache,1,0.0400913250050507,0,numba.tests.test_function_type.TestFunctionType.test_in_choose_out
numba-cache,1,0.0021934649994364,1,numba.tests.test_function_type.TestFunctionType.test_in_choose_out
numba-cache,1,0.002198075002525,1,numba.tests.test_function_type.TestFunctionType.test_in_choose_out
numba-cache,1,0.0014159809943521,1,numba.tests.test_function_type.TestFunctionType.test_in_choose_out
numba-cache,1,0.0015326879947679,1,numba.tests.test_function_type.TestFunctionType.test_in_choose_out
numba-cache,1,0.0406721339968498,0,numba.tests.test_function_type.TestFunctionType.test_in_choose_out
numba-cache,1,0.0022732949873898,1,numba.tests.test_function_type.TestFunctionType.test_in_choose_out
numba-cache,1,0.0018755430064629,1,numba.tests.test_function_type.TestFunctionType.test_in_choose_out
numba-cache,1,0.0014448260044446,1,numba.tests.test_function_type.TestFunctionType.test_in_choose_out
numba-cache,1,0.0015473539970116,1,numba.tests.test_function_type.TestFunctionType.test_in_choose_out
numba-cache,1,0.0406649400101741,0,numba.tests.test_function_type.TestFunctionType.test_in_choose_out
numba-cache,1,0.0022327170008793,1,numba.tests.test_function_type.TestFunctionType.test_in_choose_out
numba-cache,1,0.0021967479988234,1,numba.tests.test_function_type.TestFunctionType.test_in_choose_out
numba-cache,1,0.002096732991049,1,numba.tests.test_function_type.TestFunctionType.test_in_choose_out
numba-cache,1,0.0019675950024975,1,numba.tests.test_function_type.TestFunctionType.test_in_choose_out
numba-cache,1,0.002257580999867,1,numba.tests.test_function_type.TestFunctionType.test_in_choose_out
numba-cache,1,0.0023057710059219,1,numba.tests.test_function_type.TestFunctionType.test_in_choose_out
numba-cache,1,0.002453068998875,1,numba.tests.test_function_type.TestFunctionType.test_in_choose_out
numba-cache,1,0.0022343220043694,1,numba.tests.test_function_type.TestFunctionType.test_in_choose_out
numba-nocache,0,0.0463268079911358,0,numba.tests.test_function_type.TestFunctionType.test_in_choose_out
numba-nocache,0,0.044186006009113,0,numba.tests.test_function_type.TestFunctionType.test_in_choose_out
numba-nocache,0,0.0455940240062773,0,numba.tests.test_function_type.TestFunctionType.test_in_choose_out
numba-nocache,0,0.0381820230104494,0,numba.tests.test_function_type.TestFunctionType.test_in_choose_out
numba-nocache,0,0.0369347810046747,0,numba.tests.test_function_type.TestFunctionType.test_in_choose_out
numba-nocache,0,0.0376672159909503,0,numba.tests.test_function_type.TestFunctionType.test_in_choose_out
numba-nocache,0,0.0028481639892561,0,numba.tests.test_function_type.TestFunctionType.test_in_choose_out
numba-nocache,0,0.003091354999924,0,numba.tests.test_function_type.TestFunctionType.test_in_choose_out
numba-nocache,0,0.0491508769919164,0,numba.tests.test_function_type.TestFunctionType.test_in_choose_out
numba-nocache,0,0.0001134930062107,0,numba.tests.test_function_type.TestFunctionType.test_in_choose_out
numba-nocache,0,6.446499901358038e-05,0,numba.tests.test_function_type.TestFunctionType.test_in_choose_out
numba-nocache,0,0.0434460980031872,0,numba.tests.test_function_type.TestFunctionType.test_in_choose_out
numba-nocache,0,0.0001301860029343,0,numba.tests.test_function_type.TestFunctionType.test_in_choose_out
numba-nocache,0,0.0001765619963407,0,numba.tests.test_function_type.TestFunctionType.test_in_choose_out
numba-nocache,0,0.0480938149994472,0,numba.tests.test_function_type.TestFunctionType.test_in_choose_out
numba-nocache,0,0.0359701900015352,0,numba.tests.test_function_type.TestFunctionType.test_in_choose_out
numba-nocache,0,0.0343105999927502,0,numba.tests.test_function_type.TestFunctionType.test_in_choose_out
numba-nocache,0,0.0368587230041157,0,numba.tests.test_function_type.TestFunctionType.test_in_choose_out
numba-nocache,0,0.0264930959965568,0,numba.tests.test_function_type.TestFunctionType.test_in_choose_out
numba-nocache,0,0.0275808180012973,0,numba.tests.test_function_type.TestFunctionType.test_in_choose_out
numba-nocache,0,0.0378085769916651,0,numba.tests.test_function_type.TestFunctionType.test_in_choose_out
numba-nocache,0,0.0369572000054176,0,numba.tests.test_function_type.TestFunctionType.test_in_choose_out
numba-nocache,0,0.0408773719973396,0,numba.tests.test_function_type.TestFunctionType.test_in_choose_out
numba-nocache,0,0.0327131700032623,0,numba.tests.test_function_type.TestFunctionType.test_in_choose_out
numba-nocache,0,0.0257121899921912,0,numba.tests.test_function_type.TestFunctionType.test_in_choose_out
numba-nocache,0,0.0374314990040147,0,numba.tests.test_function_type.TestFunctionType.test_in_choose_out
numba-nocache,0,0.0353446139924926,0,numba.tests.test_function_type.TestFunctionType.test_in_choose_out
numba-nocache,0,0.0380283700069412,0,numba.tests.test_function_type.TestFunctionType.test_in_choose_out
numba-nocache,0,0.0436790209932951,0,numba.tests.test_function_type.TestFunctionType.test_in_choose_out
numba-nocache,0,0.0418018029886297,0,numba.tests.test_function_type.TestFunctionType.test_in_choose_out
numba-nocache,0,0.0483882700063986,0,numba.tests.test_function_type.TestFunctionType.test_in_choose_out
numba-nocache,0,0.0384197660023346,0,numba.tests.test_function_type.TestFunctionType.test_in_choose_out
numba-nocache,0,0.0366475189948687,0,numba.tests.test_function_type.TestFunctionType.test_in_choose_out
numba-nocache,0,0.0372638779954286,0,numba.tests.test_function_type.TestFunctionType.test_in_choose_out
numba-cache,0,0.1069528669904684,0,numba.tests.test_array_reductions.TestArrayReductions.test_array_var_global_int32_3d
numba-cache,0,0.0001583319972269,0,numba.tests.test_array_reductions.TestArrayReductions.test_array_var_global_int32_3d
numba-cache,0,0.0209731140057556,0,numba.tests.test_array_reductions.TestArrayReductions.test_array_var_global_int32_3d
numba-cache,0,4.344199260231108e-05,0,numba.tests.test_array_reductions.TestArrayReductions.test_array_var_global_int32_3d
numba-cache,0,0.000132280998514,0,numba.tests.test_array_reductions.TestArrayReductions.test_array_var_global_int32_3d
numba-cache,0,5.810899892821908e-05,0,numba.tests.test_array_reductions.TestArrayReductions.test_array_var_global_int32_3d
numba-cache,0,0.0001346549979643,0,numba.tests.test_array_reductions.TestArrayReductions.test_array_var_global_int32_3d
numba-cache,0,6.865499017294496e-05,0,numba.tests.test_array_reductions.TestArrayReductions.test_array_var_global_int32_3d
numba-cache,0,9.400799171999096e-05,0,numba.tests.test_array_reductions.TestArrayReductions.test_array_var_global_int32_3d
numba-cache,0,0.2206681109964847,0,numba.tests.test_array_reductions.TestArrayReductions.test_array_var_global_int32_3d
numba-cache,0,0.000118730997201,0,numba.tests.test_array_reductions.TestArrayReductions.test_array_var_global_int32_3d
numba-cache,0,6.159998883958906e-05,0,numba.tests.test_array_reductions.TestArrayReductions.test_array_var_global_int32_3d
numba-cache,0,0.3389616329950513,0,numba.tests.test_array_reductions.TestArrayReductions.test_array_var_global_int32_3d
numba-cache,1,0.0560714379971614,1,numba.tests.test_array_reductions.TestArrayReductions.test_array_var_global_int32_3d
numba-nocache,0,0.1104912400041939,0,numba.tests.test_array_reductions.TestArrayReductions.test_array_var_global_int32_3d
numba-nocache,0,0.0001351450046058,0,numba.tests.test_array_reductions.TestArrayReductions.test_array_var_global_int32_3d
numba-nocache,0,0.019012089993339,0,numba.tests.test_array_reductions.TestArrayReductions.test_array_var_global_int32_3d
numba-nocache,0,5.294100265018642e-05,0,numba.tests.test_array_reductions.TestArrayReductions.test_array_var_global_int32_3d
numba-nocache,0,0.0002283140056533,0,numba.tests.test_array_reductions.TestArrayReductions.test_array_var_global_int32_3d
numba-nocache,0,0.0001602870033821,0,numba.tests.test_array_reductions.TestArrayReductions.test_array_var_global_int32_3d
numba-nocache,0,0.0002352279989281,0,numba.tests.test_array_reductions.TestArrayReductions.test_array_var_global_int32_3d
numba-nocache,0,0.0001326300116488,0,numba.tests.test_array_reductions.TestArrayReductions.test_array_var_global_int32_3d
numba-nocache,0,0.0001188710011774,0,numba.tests.test_array_reductions.TestArrayReductions.test_array_var_global_int32_3d
numba-nocache,0,0.2394289180083433,0,numba.tests.test_array_reductions.TestArrayReductions.test_array_var_global_int32_3d
numba-nocache,0,3.7645004340447485e-05,0,numba.tests.test_array_reductions.TestArrayReductions.test_array_var_global_int32_3d
numba-nocache,0,4.043900116812438e-05,0,numba.tests.test_array_reductions.TestArrayReductions.test_array_var_global_int32_3d
numba-nocache,0,0.3597168510023039,0,numba.tests.test_array_reductions.TestArrayReductions.test_array_var_global_int32_3d
numba-cache,0,0.0028986499964958,1,numba.tests.test_listobject.TestListObjectDelitem.test_list_multiple_delitem_slice
numba-cache,0,7.80830014264211e-05,0,numba.tests.test_listobject.TestListObjectDelitem.test_list_multiple_delitem_slice
numba-cache,0,0.0557934399985242,0,numba.tests.test_listobject.TestListObjectDelitem.test_list_multiple_delitem_slice
numba-cache,0,4.239400732330978e-05,0,numba.tests.test_listobject.TestListObjectDelitem.test_list_multiple_delitem_slice
numba-cache,0,0.0223061879951274,0,numba.tests.test_listobject.TestListObjectDelitem.test_list_multiple_delitem_slice
numba-cache,0,4.064801032654941e-05,0,numba.tests.test_listobject.TestListObjectDelitem.test_list_multiple_delitem_slice
numba-cache,0,0.0001145410060416,0,numba.tests.test_listobject.TestListObjectDelitem.test_list_multiple_delitem_slice
numba-cache,0,0.0001107690040953,0,numba.tests.test_listobject.TestListObjectDelitem.test_list_multiple_delitem_slice
numba-cache,0,0.0001005029916996,0,numba.tests.test_listobject.TestListObjectDelitem.test_list_multiple_delitem_slice
numba-cache,0,0.1194183970073936,0,numba.tests.test_listobject.TestListObjectDelitem.test_list_multiple_delitem_slice
numba-cache,0,5.559400597121567e-05,0,numba.tests.test_listobject.TestListObjectDelitem.test_list_multiple_delitem_slice
numba-cache,0,0.0262479970115236,0,numba.tests.test_listobject.TestListObjectDelitem.test_list_multiple_delitem_slice
numba-cache,0,6.006400508340448e-05,0,numba.tests.test_listobject.TestListObjectDelitem.test_list_multiple_delitem_slice
numba-cache,0,0.0253212639945559,0,numba.tests.test_listobject.TestListObjectDelitem.test_list_multiple_delitem_slice
numba-cache,0,3.9250997360795736e-05,0,numba.tests.test_listobject.TestListObjectDelitem.test_list_multiple_delitem_slice
numba-cache,0,0.0251653760060435,0,numba.tests.test_listobject.TestListObjectDelitem.test_list_multiple_delitem_slice
numba-cache,0,6.530199607368559e-05,0,numba.tests.test_listobject.TestListObjectDelitem.test_list_multiple_delitem_slice
numba-cache,0,9.64520004345104e-05,0,numba.tests.test_listobject.TestListObjectDelitem.test_list_multiple_delitem_slice
numba-cache,0,4.5676002628169954e-05,0,numba.tests.test_listobject.TestListObjectDelitem.test_list_multiple_delitem_slice
numba-cache,0,5.063600838184357e-05,0,numba.tests.test_listobject.TestListObjectDelitem.test_list_multiple_delitem_slice
numba-cache,0,5.573400994762778e-05,0,numba.tests.test_listobject.TestListObjectDelitem.test_list_multiple_delitem_slice
numba-cache,0,6.879499414935708e-05,0,numba.tests.test_listobject.TestListObjectDelitem.test_list_multiple_delitem_slice
numba-cache,0,3.464100882411003e-05,0,numba.tests.test_listobject.TestListObjectDelitem.test_list_multiple_delitem_slice
numba-cache,0,3.059000300709158e-05,0,numba.tests.test_listobject.TestListObjectDelitem.test_list_multiple_delitem_slice
numba-cache,0,9.680099901743232e-05,0,numba.tests.test_listobject.TestListObjectDelitem.test_list_multiple_delitem_slice
numba-cache,0,3.289600135758519e-05,0,numba.tests.test_listobject.TestListObjectDelitem.test_list_multiple_delitem_slice
numba-cache,0,4.099799843970686e-05,0,numba.tests.test_listobject.TestListObjectDelitem.test_list_multiple_delitem_slice
numba-cache,0,3.1499002943746746e-05,0,numba.tests.test_listobject.TestListObjectDelitem.test_list_multiple_delitem_slice
numba-cache,0,5.7340002967976034e-05,0,numba.tests.test_listobject.TestListObjectDelitem.test_list_multiple_delitem_slice
numba-cache,0,3.5759003367275e-05,0,numba.tests.test_listobject.TestListObjectDelitem.test_list_multiple_delitem_slice
numba-cache,0,0.2480441240040818,0,numba.tests.test_listobject.TestListObjectDelitem.test_list_multiple_delitem_slice
numba-cache,0,6.32070004940033e-05,0,numba.tests.test_listobject.TestListObjectDelitem.test_list_multiple_delitem_slice
numba-cache,0,0.0016513419977854,1,numba.tests.test_listobject.TestListObjectDelitem.test_list_multiple_delitem_slice
numba-cache,0,4.448900290299207e-05,0,numba.tests.test_listobject.TestListObjectDelitem.test_list_multiple_delitem_slice
numba-cache,0,3.722500696312636e-05,0,numba.tests.test_listobject.TestListObjectDelitem.test_list_multiple_delitem_slice
numba-cache,0,3.820398706011474e-05,0,numba.tests.test_listobject.TestListObjectDelitem.test_list_multiple_delitem_slice
numba-cache,0,3.7156001781113446e-05,0,numba.tests.test_listobject.TestListObjectDelitem.test_list_multiple_delitem_slice
numba-cache,0,3.219700010959059e-05,0,numba.tests.test_listobject.TestListObjectDelitem.test_list_multiple_delitem_slice
numba-cache,0,8.541699207853526e-05,0,numba.tests.test_listobject.TestListObjectDelitem.test_list_multiple_delitem_slice
numba-cache,0,6.006499461364001e-05,0,numba.tests.test_listobject.TestListObjectDelitem.test_list_multiple_delitem_slice
numba-cache,0,0.4400029389944393,0,numba.tests.test_listobject.TestListObjectDelitem.test_list_multiple_delitem_slice
numba-cache,1,0.0565460119978524,1,numba.tests.test_listobject.TestListObjectDelitem.test_list_multiple_delitem_slice
numba-nocache,0,0.0368858220026595,0,numba.tests.test_listobject.TestListObjectDelitem.test_list_multiple_delitem_slice
numba-nocache,0,5.34290011273697e-05,0,numba.tests.test_listobject.TestListObjectDelitem.test_list_multiple_delitem_slice
numba-nocache,0,0.0528976299974601,0,numba.tests.test_listobject.TestListObjectDelitem.test_list_multiple_delitem_slice
numba-nocache,0,8.464900020044297e-05,0,numba.tests.test_listobject.TestListObjectDelitem.test_list_multiple_delitem_slice
numba-nocache,0,0.0234071190061513,0,numba.tests.test_listobject.TestListObjectDelitem.test_list_multiple_delitem_slice
numba-nocache,0,4.0996994357556105e-05,0,numba.tests.test_listobject.TestListObjectDelitem.test_list_multiple_delitem_slice
numba-nocache,0,7.822399493306875e-05,0,numba.tests.test_listobject.TestListObjectDelitem.test_list_multiple_delitem_slice
numba-nocache,0,8.304198854602873e-05,0,numba.tests.test_listobject.TestListObjectDelitem.test_list_multiple_delitem_slice
numba-nocache,0,5.859701195731759e-05,0,numba.tests.test_listobject.TestListObjectDelitem.test_list_multiple_delitem_slice
numba-nocache,0,0.1065135179960634,0,numba.tests.test_listobject.TestListObjectDelitem.test_list_multiple_delitem_slice
numba-nocache,0,3.94609960494563e-05,0,numba.tests.test_listobject.TestListObjectDelitem.test_list_multiple_delitem_slice
numba-nocache,0,0.0207777000032365,0,numba.tests.test_listobject.TestListObjectDelitem.test_list_multiple_delitem_slice
numba-nocache,0,5.768898699898273e-05,0,numba.tests.test_listobject.TestListObjectDelitem.test_list_multiple_delitem_slice
numba-nocache,0,0.0200022420031018,0,numba.tests.test_listobject.TestListObjectDelitem.test_list_multiple_delitem_slice
numba-nocache,0,3.81339923478663e-05,0,numba.tests.test_listobject.TestListObjectDelitem.test_list_multiple_delitem_slice
numba-nocache,0,0.0201422060054028,0,numba.tests.test_listobject.TestListObjectDelitem.test_list_multiple_delitem_slice
numba-nocache,0,3.855300019495189e-05,0,numba.tests.test_listobject.TestListObjectDelitem.test_list_multiple_delitem_slice
numba-nocache,0,4.874999285675585e-05,0,numba.tests.test_listobject.TestListObjectDelitem.test_list_multiple_delitem_slice
numba-nocache,0,3.380299312993884e-05,0,numba.tests.test_listobject.TestListObjectDelitem.test_list_multiple_delitem_slice
numba-nocache,0,3.387399192433804e-05,0,numba.tests.test_listobject.TestListObjectDelitem.test_list_multiple_delitem_slice
numba-nocache,0,3.14290082314983e-05,0,numba.tests.test_listobject.TestListObjectDelitem.test_list_multiple_delitem_slice
numba-nocache,0,8.380999497603625e-05,0,numba.tests.test_listobject.TestListObjectDelitem.test_list_multiple_delitem_slice
numba-nocache,0,4.043900116812438e-05,0,numba.tests.test_listobject.TestListObjectDelitem.test_list_multiple_delitem_slice
numba-nocache,0,4.539699875749648e-05,0,numba.tests.test_listobject.TestListObjectDelitem.test_list_multiple_delitem_slice
numba-nocache,0,7.962000381667167e-05,0,numba.tests.test_listobject.TestListObjectDelitem.test_list_multiple_delitem_slice
numba-nocache,0,3.387399192433804e-05,0,numba.tests.test_listobject.TestListObjectDelitem.test_list_multiple_delitem_slice
numba-nocache,0,4.567700671032071e-05,0,numba.tests.test_listobject.TestListObjectDelitem.test_list_multiple_delitem_slice
numba-nocache,0,4.204499418847263e-05,0,numba.tests.test_listobject.TestListObjectDelitem.test_list_multiple_delitem_slice
numba-nocache,0,4.707399057224393e-05,0,numba.tests.test_listobject.TestListObjectDelitem.test_list_multiple_delitem_slice
numba-nocache,0,3.240699879825115e-05,0,numba.tests.test_listobject.TestListObjectDelitem.test_list_multiple_delitem_slice
numba-nocache,0,0.2162228749948553,0,numba.tests.test_listobject.TestListObjectDelitem.test_list_multiple_delitem_slice
numba-nocache,0,3.946101060137153e-05,0,numba.tests.test_listobject.TestListObjectDelitem.test_list_multiple_delitem_slice
numba-nocache,0,0.018883929005824,0,numba.tests.test_listobject.TestListObjectDelitem.test_list_multiple_delitem_slice
numba-nocache,0,4.057800106238574e-05,0,numba.tests.test_listobject.TestListObjectDelitem.test_list_multiple_delitem_slice
numba-nocache,0,3.5689998185262084e-05,0,numba.tests.test_listobject.TestListObjectDelitem.test_list_multiple_delitem_slice
numba-nocache,0,3.855300019495189e-05,0,numba.tests.test_listobject.TestListObjectDelitem.test_list_multiple_delitem_slice
numba-nocache,0,3.7156001781113446e-05,0,numba.tests.test_listobject.TestListObjectDelitem.test_list_multiple_delitem_slice
numba-nocache,0,3.820299752987921e-05,0,numba.tests.test_listobject.TestListObjectDelitem.test_list_multiple_delitem_slice
numba-nocache,0,0.0001345860073342,0,numba.tests.test_listobject.TestListObjectDelitem.test_list_multiple_delitem_slice
numba-nocache,0,6.104199565015733e-05,0,numba.tests.test_listobject.TestListObjectDelitem.test_list_multiple_delitem_slice
numba-nocache,0,0.4618529400031548,0,numba.tests.test_listobject.TestListObjectDelitem.test_list_multiple_delitem_slice
numba-cache,0,0.0543802590109407,0,numba.tests.test_array_methods.TestArrayMethods.test_fill
numba-cache,0,4.344199260231108e-05,0,numba.tests.test_array_methods.TestArrayMethods.test_fill
numba-cache,0,4.239400732330978e-05,0,numba.tests.test_array_methods.TestArrayMethods.test_fill
numba-cache,0,0.0001705539907561,0,numba.tests.test_array_methods.TestArrayMethods.test_fill
numba-cache,0,0.1698034860019106,0,numba.tests.test_array_methods.TestArrayMethods.test_fill
numba-cache,0,0.047684791003121,0,numba.tests.test_array_methods.TestArrayMethods.test_fill
numba-cache,0,4.162600089330226e-05,0,numba.tests.test_array_methods.TestArrayMethods.test_fill
numba-cache,0,4.665499727707356e-05,0,numba.tests.test_array_methods.TestArrayMethods.test_fill
numba-cache,0,8.052699558902532e-05,0,numba.tests.test_array_methods.TestArrayMethods.test_fill
numba-cache,0,0.1041793049953412,0,numba.tests.test_array_methods.TestArrayMethods.test_fill
numba-cache,0,0.0488767839997308,0,numba.tests.test_array_methods.TestArrayMethods.test_fill
numba-cache,0,4.1485996916890144e-05,0,numba.tests.test_array_methods.TestArrayMethods.test_fill
numba-cache,0,7.661600830033422e-05,0,numba.tests.test_array_methods.TestArrayMethods.test_fill
numba-cache,0,0.0001002929930109,0,numba.tests.test_array_methods.TestArrayMethods.test_fill
numba-cache,0,0.1290082530031213,0,numba.tests.test_array_methods.TestArrayMethods.test_fill
numba-cache,0,0.0521097669989103,0,numba.tests.test_array_methods.TestArrayMethods.test_fill
numba-cache,0,6.634999590460211e-05,0,numba.tests.test_array_methods.TestArrayMethods.test_fill
numba-cache,0,3.5759003367275e-05,0,numba.tests.test_array_methods.TestArrayMethods.test_fill
numba-cache,0,7.284499588422477e-05,0,numba.tests.test_array_methods.TestArrayMethods.test_fill
numba-cache,0,0.1267087069863919,0,numba.tests.test_array_methods.TestArrayMethods.test_fill
numba-cache,0,0.0667665860091801,0,numba.tests.test_array_methods.TestArrayMethods.test_fill
numba-cache,0,9.85469960141927e-05,0,numba.tests.test_array_methods.TestArrayMethods.test_fill
numba-cache,0,0.0001454110024496,0,numba.tests.test_array_methods.TestArrayMethods.test_fill
numba-cache,0,0.0001182429987238,0,numba.tests.test_array_methods.TestArrayMethods.test_fill
numba-cache,0,0.1455361380067188,0,numba.tests.test_array_methods.TestArrayMethods.test_fill
numba-cache,0,0.0648501929972553,0,numba.tests.test_array_methods.TestArrayMethods.test_fill
numba-cache,0,7.340400770772249e-05,0,numba.tests.test_array_methods.TestArrayMethods.test_fill
numba-cache,0,6.81649980833754e-05,0,numba.tests.test_array_methods.TestArrayMethods.test_fill
numba-cache,0,0.0001912970037665,0,numba.tests.test_array_methods.TestArrayMethods.test_fill
numba-cache,0,0.1441221169952768,0,numba.tests.test_array_methods.TestArrayMethods.test_fill
numba-cache,0,0.069415759993717,0,numba.tests.test_array_methods.TestArrayMethods.test_fill
numba-cache,0,4.0229002479463816e-05,0,numba.tests.test_array_methods.TestArrayMethods.test_fill
numba-cache,0,3.9530001231469214e-05,0,numba.tests.test_array_methods.TestArrayMethods.test_fill
numba-cache,0,8.583599992562085e-05,0,numba.tests.test_array_methods.TestArrayMethods.test_fill
numba-cache,0,0.1453772469976684,0,numba.tests.test_array_methods.TestArrayMethods.test_fill
numba-cache,1,0.0567602869996335,1,numba.tests.test_array_methods.TestArrayMethods.test_fill
numba-cache,1,0.0021512700041057,1,numba.tests.test_array_methods.TestArrayMethods.test_fill
numba-cache,1,0.0023497609945479,1,numba.tests.test_array_methods.TestArrayMethods.test_fill
numba-cache,1,0.0023797220055712,1,numba.tests.test_array_methods.TestArrayMethods.test_fill
numba-cache,1,0.002489862992661,1,numba.tests.test_array_methods.TestArrayMethods.test_fill
numba-cache,1,0.0028327159961918,1,numba.tests.test_array_methods.TestArrayMethods.test_fill
numba-cache,1,0.0023762299970258,1,numba.tests.test_array_methods.TestArrayMethods.test_fill
numba-nocache,0,0.051322479994269,0,numba.tests.test_array_methods.TestArrayMethods.test_fill
numba-nocache,0,4.064799577463418e-05,0,numba.tests.test_array_methods.TestArrayMethods.test_fill
numba-nocache,0,6.970300455577672e-05,0,numba.tests.test_array_methods.TestArrayMethods.test_fill
numba-nocache,0,8.066699956543744e-05,0,numba.tests.test_array_methods.TestArrayMethods.test_fill
numba-nocache,0,0.1588820250035496,0,numba.tests.test_array_methods.TestArrayMethods.test_fill
numba-nocache,0,0.045218761995784,0,numba.tests.test_array_methods.TestArrayMethods.test_fill
numba-nocache,0,4.267400072421879e-05,0,numba.tests.test_array_methods.TestArrayMethods.test_fill
numba-nocache,0,3.967000520788133e-05,0,numba.tests.test_array_methods.TestArrayMethods.test_fill
numba-nocache,0,7.752499368507415e-05,0,numba.tests.test_array_methods.TestArrayMethods.test_fill
numba-nocache,0,0.0973756470048101,0,numba.tests.test_array_methods.TestArrayMethods.test_fill
numba-nocache,0,0.0479739670117851,0,numba.tests.test_array_methods.TestArrayMethods.test_fill
numba-nocache,0,3.820299752987921e-05,0,numba.tests.test_array_methods.TestArrayMethods.test_fill
numba-nocache,0,7.480000203941017e-05,0,numba.tests.test_array_methods.TestArrayMethods.test_fill
numba-nocache,0,0.0001097219937946,0,numba.tests.test_array_methods.TestArrayMethods.test_fill
numba-nocache,0,0.1328526119905291,0,numba.tests.test_array_methods.TestArrayMethods.test_fill
numba-nocache,0,0.066205708993948,0,numba.tests.test_array_methods.TestArrayMethods.test_fill
numba-nocache,0,0.0001215259981108,0,numba.tests.test_array_methods.TestArrayMethods.test_fill
numba-nocache,0,0.0001076969929272,0,numba.tests.test_array_methods.TestArrayMethods.test_fill
numba-nocache,0,0.0001570750027894,0,numba.tests.test_array_methods.TestArrayMethods.test_fill
numba-nocache,0,0.1506197650014655,0,numba.tests.test_array_methods.TestArrayMethods.test_fill
numba-nocache,0,0.0648831769940443,0,numba.tests.test_array_methods.TestArrayMethods.test_fill
numba-nocache,0,4.0018989238888025e-05,0,numba.tests.test_array_methods.TestArrayMethods.test_fill
numba-nocache,0,4.0368002373725176e-05,0,numba.tests.test_array_methods.TestArrayMethods.test_fill
numba-nocache,0,8.92590032890439e-05,0,numba.tests.test_array_methods.TestArrayMethods.test_fill
numba-nocache,0,0.1491901639965362,0,numba.tests.test_array_methods.TestArrayMethods.test_fill
numba-nocache,0,0.0694602149887941,0,numba.tests.test_array_methods.TestArrayMethods.test_fill
numba-nocache,0,4.176599031779915e-05,0,numba.tests.test_array_methods.TestArrayMethods.test_fill
numba-nocache,0,6.781599950045347e-05,0,numba.tests.test_array_methods.TestArrayMethods.test_fill
numba-nocache,0,0.0001685290044406,0,numba.tests.test_array_methods.TestArrayMethods.test_fill
numba-nocache,0,0.1522235500015085,0,numba.tests.test_array_methods.TestArrayMethods.test_fill
numba-nocache,0,0.075356642002589,0,numba.tests.test_array_methods.TestArrayMethods.test_fill
numba-nocache,0,4.148601146880537e-05,0,numba.tests.test_array_methods.TestArrayMethods.test_fill
numba-nocache,0,6.250900332815945e-05,0,numba.tests.test_array_methods.TestArrayMethods.test_fill
numba-nocache,0,9.009600034914912e-05,0,numba.tests.test_array_methods.TestArrayMethods.test_fill
numba-nocache,0,0.1580057840037625,0,numba.tests.test_array_methods.TestArrayMethods.test_fill
numba-cache,0,0.0524046389909926,0,numba.tests.test_function_type.TestMiscIssues.test_function_with_none_argument
numba-cache,1,0.0027764940023189,1,numba.tests.test_function_type.TestMiscIssues.test_function_with_none_argument
numba-nocache,0,0.0473840800113976,0,numba.tests.test_function_type.TestMiscIssues.test_function_with_none_argument
numba-cache,0,0.0030168230005074,1,numba.tests.test_dyn_array.TestNdOnes.test_1d_dtype_str_alternative_spelling
numba-cache,0,6.621000648010522e-05,0,numba.tests.test_dyn_array.TestNdOnes.test_1d_dtype_str_alternative_spelling
numba-cache,0,6.104199565015733e-05,0,numba.tests.test_dyn_array.TestNdOnes.test_1d_dtype_str_alternative_spelling
numba-cache,0,0.0001030870043905,0,numba.tests.test_dyn_array.TestNdOnes.test_1d_dtype_str_alternative_spelling
numba-cache,0,0.0722580479923635,0,numba.tests.test_dyn_array.TestNdOnes.test_1d_dtype_str_alternative_spelling
numba-cache,0,5.559399141930044e-05,0,numba.tests.test_dyn_array.TestNdOnes.test_1d_dtype_str_alternative_spelling
numba-cache,0,0.0001331889943685,0,numba.tests.test_dyn_array.TestNdOnes.test_1d_dtype_str_alternative_spelling
numba-cache,0,0.1398605020076502,0,numba.tests.test_dyn_array.TestNdOnes.test_1d_dtype_str_alternative_spelling
numba-cache,0,5.1055001677013934e-05,0,numba.tests.test_dyn_array.TestNdOnes.test_1d_dtype_str_alternative_spelling
numba-cache,0,3.792499774135649e-05,0,numba.tests.test_dyn_array.TestNdOnes.test_1d_dtype_str_alternative_spelling
numba-cache,0,0.2614657889935188,0,numba.tests.test_dyn_array.TestNdOnes.test_1d_dtype_str_alternative_spelling
numba-cache,0,0.0432091810071142,0,numba.tests.test_dyn_array.TestNdOnes.test_1d_dtype_str_alternative_spelling
numba-cache,0,7.906099199317396e-05,0,numba.tests.test_dyn_array.TestNdOnes.test_1d_dtype_str_alternative_spelling
numba-cache,0,8.094699296634644e-05,0,numba.tests.test_dyn_array.TestNdOnes.test_1d_dtype_str_alternative_spelling
numba-cache,0,0.1048645940027199,0,numba.tests.test_dyn_array.TestNdOnes.test_1d_dtype_str_alternative_spelling
numba-cache,0,5.454699567053467e-05,0,numba.tests.test_dyn_array.TestNdOnes.test_1d_dtype_str_alternative_spelling
numba-cache,0,3.7086007068865e-05,0,numba.tests.test_dyn_array.TestNdOnes.test_1d_dtype_str_alternative_spelling
numba-cache,0,0.1720700670121004,0,numba.tests.test_dyn_array.TestNdOnes.test_1d_dtype_str_alternative_spelling
numba-cache,1,0.059287794996635,1,numba.tests.test_dyn_array.TestNdOnes.test_1d_dtype_str_alternative_spelling
numba-cache,1,0.0026382070063846,1,numba.tests.test_dyn_array.TestNdOnes.test_1d_dtype_str_alternative_spelling
numba-nocache,0,0.0417657649959437,0,numba.tests.test_dyn_array.TestNdOnes.test_1d_dtype_str_alternative_spelling
numba-nocache,0,4.756299313157797e-05,0,numba.tests.test_dyn_array.TestNdOnes.test_1d_dtype_str_alternative_spelling
numba-nocache,0,5.4126998293213546e-05,0,numba.tests.test_dyn_array.TestNdOnes.test_1d_dtype_str_alternative_spelling
numba-nocache,0,8.646400237921625e-05,0,numba.tests.test_dyn_array.TestNdOnes.test_1d_dtype_str_alternative_spelling
numba-nocache,0,0.103843381992192,0,numba.tests.test_dyn_array.TestNdOnes.test_1d_dtype_str_alternative_spelling
numba-nocache,0,5.426800635177642e-05,0,numba.tests.test_dyn_array.TestNdOnes.test_1d_dtype_str_alternative_spelling
numba-nocache,0,7.91309867054224e-05,0,numba.tests.test_dyn_array.TestNdOnes.test_1d_dtype_str_alternative_spelling
numba-nocache,0,0.1646737580012995,0,numba.tests.test_dyn_array.TestNdOnes.test_1d_dtype_str_alternative_spelling
numba-nocache,0,4.001999332103878e-05,0,numba.tests.test_dyn_array.TestNdOnes.test_1d_dtype_str_alternative_spelling
numba-nocache,0,6.704899715259671e-05,0,numba.tests.test_dyn_array.TestNdOnes.test_1d_dtype_str_alternative_spelling
numba-nocache,0,0.2835811200056923,0,numba.tests.test_dyn_array.TestNdOnes.test_1d_dtype_str_alternative_spelling
numba-nocache,0,0.0355938110005809,0,numba.tests.test_dyn_array.TestNdOnes.test_1d_dtype_str_alternative_spelling
numba-nocache,0,4.106700362171978e-05,0,numba.tests.test_dyn_array.TestNdOnes.test_1d_dtype_str_alternative_spelling
numba-nocache,0,5.90859999647364e-05,0,numba.tests.test_dyn_array.TestNdOnes.test_1d_dtype_str_alternative_spelling
numba-nocache,0,0.094613109002239,0,numba.tests.test_dyn_array.TestNdOnes.test_1d_dtype_str_alternative_spelling
numba-nocache,0,4.155599162913859e-05,0,numba.tests.test_dyn_array.TestNdOnes.test_1d_dtype_str_alternative_spelling
numba-nocache,0,4.0857004933059216e-05,0,numba.tests.test_dyn_array.TestNdOnes.test_1d_dtype_str_alternative_spelling
numba-nocache,0,0.1545444749935995,0,numba.tests.test_dyn_array.TestNdOnes.test_1d_dtype_str_alternative_spelling
numba-cache,0,0.039624333003303,0,numba.tests.test_listobject.TestImmutable.test_append_fails
numba-cache,0,5.335899186320603e-05,0,numba.tests.test_listobject.TestImmutable.test_append_fails
numba-cache,0,0.045838869002182,0,numba.tests.test_listobject.TestImmutable.test_append_fails
numba-cache,0,0.000177538007847,0,numba.tests.test_listobject.TestImmutable.test_append_fails
numba-cache,0,6.58610078971833e-05,0,numba.tests.test_listobject.TestImmutable.test_append_fails
numba-cache,0,0.0001456900063203,0,numba.tests.test_listobject.TestImmutable.test_append_fails
numba-cache,0,0.000205755000934,0,numba.tests.test_listobject.TestImmutable.test_append_fails
numba-cache,0,0.1360323260014411,0,numba.tests.test_listobject.TestImmutable.test_append_fails
numba-cache,0,5.2521005272865295e-05,0,numba.tests.test_listobject.TestImmutable.test_append_fails
numba-cache,0,0.0214915510005084,0,numba.tests.test_listobject.TestImmutable.test_append_fails
numba-cache,0,4.183599958196282e-05,0,numba.tests.test_listobject.TestImmutable.test_append_fails
numba-cache,0,0.0024934260000009,1,numba.tests.test_listobject.TestImmutable.test_append_fails
numba-cache,0,5.168300413060933e-05,0,numba.tests.test_listobject.TestImmutable.test_append_fails
numba-cache,0,5.231201066635549e-05,0,numba.tests.test_listobject.TestImmutable.test_append_fails
numba-cache,0,5.810799484606832e-05,0,numba.tests.test_listobject.TestImmutable.test_append_fails
numba-cache,0,0.0001166360016213,0,numba.tests.test_listobject.TestImmutable.test_append_fails
numba-cache,0,0.0001416400045854,0,numba.tests.test_listobject.TestImmutable.test_append_fails
numba-cache,0,7.668598846066743e-05,0,numba.tests.test_listobject.TestImmutable.test_append_fails
numba-cache,0,0.2775465459999395,0,numba.tests.test_listobject.TestImmutable.test_append_fails
numba-cache,1,0.0641841999895405,1,numba.tests.test_listobject.TestImmutable.test_append_fails
numba-nocache,0,0.0336480080004548,0,numba.tests.test_listobject.TestImmutable.test_append_fails
numba-nocache,0,4.2323998059146106e-05,0,numba.tests.test_listobject.TestImmutable.test_append_fails
numba-nocache,0,0.0410092340025585,0,numba.tests.test_listobject.TestImmutable.test_append_fails
numba-nocache,0,0.0001431769924238,0,numba.tests.test_listobject.TestImmutable.test_append_fails
numba-nocache,0,3.81339923478663e-05,0,numba.tests.test_listobject.TestImmutable.test_append_fails
numba-nocache,0,0.0001350749953417,0,numba.tests.test_listobject.TestImmutable.test_append_fails
numba-nocache,0,0.0001555390044813,0,numba.tests.test_listobject.TestImmutable.test_append_fails
numba-nocache,0,0.1214211920014349,0,numba.tests.test_listobject.TestImmutable.test_append_fails
numba-nocache,0,3.876301343552768e-05,0,numba.tests.test_listobject.TestImmutable.test_append_fails
numba-nocache,0,0.0199335170036647,0,numba.tests.test_listobject.TestImmutable.test_append_fails
numba-nocache,0,4.0018989238888025e-05,0,numba.tests.test_listobject.TestImmutable.test_append_fails
numba-nocache,0,0.0447288889990886,0,numba.tests.test_listobject.TestImmutable.test_append_fails
numba-nocache,0,4.372200055513531e-05,0,numba.tests.test_listobject.TestImmutable.test_append_fails
numba-nocache,0,3.589899279177189e-05,0,numba.tests.test_listobject.TestImmutable.test_append_fails
numba-nocache,0,3.366400778759271e-05,0,numba.tests.test_listobject.TestImmutable.test_append_fails
numba-nocache,0,3.7645004340447485e-05,0,numba.tests.test_listobject.TestImmutable.test_append_fails
numba-nocache,0,8.297199383378029e-05,0,numba.tests.test_listobject.TestImmutable.test_append_fails
numba-nocache,0,0.0001112580066546,0,numba.tests.test_listobject.TestImmutable.test_append_fails
numba-nocache,0,0.2997370140074054,0,numba.tests.test_listobject.TestImmutable.test_append_fails
numba-cache,0,0.0996600430080434,0,numba.tests.test_builtins.TestBuiltins.test_min_unary_non_iterable_npm
numba-cache,1,0.0645161580032436,1,numba.tests.test_builtins.TestBuiltins.test_min_unary_non_iterable_npm
numba-nocache,0,0.099552487998153,0,numba.tests.test_builtins.TestBuiltins.test_min_unary_non_iterable_npm
numba-cache,0,0.0956777249957667,0,numba.tests.test_analysis.TestBranchPrune.test_single_if_const_val
numba-cache,0,0.0242834130040137,0,numba.tests.test_analysis.TestBranchPrune.test_single_if_const_val
numba-cache,0,0.0242466759955277,0,numba.tests.test_analysis.TestBranchPrune.test_single_if_const_val
numba-cache,0,0.022441680994234,0,numba.tests.test_analysis.TestBranchPrune.test_single_if_const_val
numba-cache,1,0.0857647130033001,0,numba.tests.test_analysis.TestBranchPrune.test_single_if_const_val
numba-cache,1,0.02513595300843,0,numba.tests.test_analysis.TestBranchPrune.test_single_if_const_val
numba-cache,1,0.0264906060037901,0,numba.tests.test_analysis.TestBranchPrune.test_single_if_const_val
numba-cache,1,0.0226560770097421,0,numba.tests.test_analysis.TestBranchPrune.test_single_if_const_val
numba-nocache,0,0.0938330409990158,0,numba.tests.test_analysis.TestBranchPrune.test_single_if_const_val
numba-nocache,0,0.0263814179925248,0,numba.tests.test_analysis.TestBranchPrune.test_single_if_const_val
numba-nocache,0,0.0267909019894432,0,numba.tests.test_analysis.TestBranchPrune.test_single_if_const_val
numba-nocache,0,0.0241274700092617,0,numba.tests.test_analysis.TestBranchPrune.test_single_if_const_val
numba-cache,0,0.0233300009858794,0,numba.tests.test_array_reductions.TestArrayReductions.test_array_nanmean_int32_1d
numba-cache,0,4.735300899483264e-05,0,numba.tests.test_array_reductions.TestArrayReductions.test_array_nanmean_int32_1d
numba-cache,0,7.864199869800359e-05,0,numba.tests.test_array_reductions.TestArrayReductions.test_array_nanmean_int32_1d
numba-cache,0,6.376601231750101e-05,0,numba.tests.test_array_reductions.TestArrayReductions.test_array_nanmean_int32_1d
numba-cache,0,0.1300558119983179,0,numba.tests.test_array_reductions.TestArrayReductions.test_array_nanmean_int32_1d
numba-cache,0,4.714301030617207e-05,0,numba.tests.test_array_reductions.TestArrayReductions.test_array_nanmean_int32_1d
numba-cache,0,4.679500125348568e-05,0,numba.tests.test_array_reductions.TestArrayReductions.test_array_nanmean_int32_1d
numba-cache,0,0.2282279409992043,0,numba.tests.test_array_reductions.TestArrayReductions.test_array_nanmean_int32_1d
numba-cache,1,0.0598038570024073,1,numba.tests.test_array_reductions.TestArrayReductions.test_array_nanmean_int32_1d
numba-nocache,0,0.0194679500127676,0,numba.tests.test_array_reductions.TestArrayReductions.test_array_nanmean_int32_1d
numba-nocache,0,4.330198862589896e-05,0,numba.tests.test_array_reductions.TestArrayReductions.test_array_nanmean_int32_1d
numba-nocache,0,0.0001551899913465,0,numba.tests.test_array_reductions.TestArrayReductions.test_array_nanmean_int32_1d
numba-nocache,0,0.000111746994662,0,numba.tests.test_array_reductions.TestArrayReductions.test_array_nanmean_int32_1d
numba-nocache,0,0.1260708650079323,0,numba.tests.test_array_reductions.TestArrayReductions.test_array_nanmean_int32_1d
numba-nocache,0,3.911201201844961e-05,0,numba.tests.test_array_reductions.TestArrayReductions.test_array_nanmean_int32_1d
numba-nocache,0,3.7645004340447485e-05,0,numba.tests.test_array_reductions.TestArrayReductions.test_array_nanmean_int32_1d
numba-nocache,0,0.2248989499930758,0,numba.tests.test_array_reductions.TestArrayReductions.test_array_nanmean_int32_1d
numba-cache,0,0.0022495390003314,1,numba.tests.test_unicode.TestUnicode.test_not
numba-cache,0,4.225400334689766e-05,0,numba.tests.test_unicode.TestUnicode.test_not
numba-cache,0,6.516301073133945e-05,0,numba.tests.test_unicode.TestUnicode.test_not
numba-cache,0,0.0420485469949198,0,numba.tests.test_unicode.TestUnicode.test_not
numba-cache,0,4.002000787295401e-05,0,numba.tests.test_unicode.TestUnicode.test_not
numba-cache,0,3.624799137469381e-05,0,numba.tests.test_unicode.TestUnicode.test_not
numba-cache,0,0.142998360999627,0,numba.tests.test_unicode.TestUnicode.test_not
numba-cache,1,0.0652561329916352,1,numba.tests.test_unicode.TestUnicode.test_not
numba-nocache,0,0.0266070770012447,0,numba.tests.test_unicode.TestUnicode.test_not
numba-nocache,0,6.523200136143714e-05,0,numba.tests.test_unicode.TestUnicode.test_not
numba-nocache,0,0.0001114679907914,0,numba.tests.test_unicode.TestUnicode.test_not
numba-nocache,0,0.0594706179981585,0,numba.tests.test_unicode.TestUnicode.test_not
numba-nocache,0,3.8134006899781525e-05,0,numba.tests.test_unicode.TestUnicode.test_not
numba-nocache,0,3.471100353635848e-05,0,numba.tests.test_unicode.TestUnicode.test_not
numba-nocache,0,0.1566005600034259,0,numba.tests.test_unicode.TestUnicode.test_not
numba-cache,0,0.0682623900065664,0,numba.tests.test_builtins.TestBuiltins.test_max_empty_tuple
numba-cache,1,0.0747834729991154,0,numba.tests.test_builtins.TestBuiltins.test_max_empty_tuple
numba-nocache,0,0.0727643790014553,0,numba.tests.test_builtins.TestBuiltins.test_max_empty_tuple
numba-cache,0,0.0539412960060872,0,numba.tests.test_np_functions.TestNPFunctions.test_setdiff1d_3
numba-cache,0,6.537199078593403e-05,0,numba.tests.test_np_functions.TestNPFunctions.test_setdiff1d_3
numba-cache,0,4.1346997022628784e-05,0,numba.tests.test_np_functions.TestNPFunctions.test_setdiff1d_3
numba-cache,0,0.160785060012131,0,numba.tests.test_np_functions.TestNPFunctions.test_setdiff1d_3
numba-cache,0,0.0233537440071813,0,numba.tests.test_np_functions.TestNPFunctions.test_setdiff1d_3
numba-cache,0,4.050799179822207e-05,0,numba.tests.test_np_functions.TestNPFunctions.test_setdiff1d_3
numba-cache,0,4.4419997720979154e-05,0,numba.tests.test_np_functions.TestNPFunctions.test_setdiff1d_3
numba-cache,0,0.0670580299920402,0,numba.tests.test_np_functions.TestNPFunctions.test_setdiff1d_3
numba-cache,0,0.0021306670096237,1,numba.tests.test_np_functions.TestNPFunctions.test_setdiff1d_3
numba-cache,0,6.062199827283621e-05,0,numba.tests.test_np_functions.TestNPFunctions.test_setdiff1d_3
numba-cache,0,0.0319894890126306,0,numba.tests.test_np_functions.TestNPFunctions.test_setdiff1d_3
numba-cache,0,5.056499503552914e-05,0,numba.tests.test_np_functions.TestNPFunctions.test_setdiff1d_3
numba-cache,0,6.872399535495788e-05,0,numba.tests.test_np_functions.TestNPFunctions.test_setdiff1d_3
numba-cache,0,7.58480018703267e-05,0,numba.tests.test_np_functions.TestNPFunctions.test_setdiff1d_3
numba-cache,0,0.0906866709992755,0,numba.tests.test_np_functions.TestNPFunctions.test_setdiff1d_3
numba-cache,0,4.253399674780667e-05,0,numba.tests.test_np_functions.TestNPFunctions.test_setdiff1d_3
numba-cache,0,0.0001027370017254,0,numba.tests.test_np_functions.TestNPFunctions.test_setdiff1d_3
numba-cache,0,4.679399717133492e-05,0,numba.tests.test_np_functions.TestNPFunctions.test_setdiff1d_3
numba-cache,0,8.429899753537029e-05,0,numba.tests.test_np_functions.TestNPFunctions.test_setdiff1d_3
numba-cache,0,0.0001074169995263,0,numba.tests.test_np_functions.TestNPFunctions.test_setdiff1d_3
numba-cache,0,0.1490583900013007,0,numba.tests.test_np_functions.TestNPFunctions.test_setdiff1d_3
numba-cache,0,4.0368002373725176e-05,0,numba.tests.test_np_functions.TestNPFunctions.test_setdiff1d_3
numba-cache,0,4.057899059262127e-05,0,numba.tests.test_np_functions.TestNPFunctions.test_setdiff1d_3
numba-cache,0,0.0829029279993847,0,numba.tests.test_np_functions.TestNPFunctions.test_setdiff1d_3
numba-cache,0,3.89709894079715e-05,0,numba.tests.test_np_functions.TestNPFunctions.test_setdiff1d_3
numba-cache,0,0.0255436379957245,0,numba.tests.test_np_functions.TestNPFunctions.test_setdiff1d_3
numba-cache,0,6.760700489394367e-05,0,numba.tests.test_np_functions.TestNPFunctions.test_setdiff1d_3
numba-cache,0,0.0001413599966326,0,numba.tests.test_np_functions.TestNPFunctions.test_setdiff1d_3
numba-cache,0,0.0367366449936525,0,numba.tests.test_np_functions.TestNPFunctions.test_setdiff1d_3
numba-cache,0,3.904099867213517e-05,0,numba.tests.test_np_functions.TestNPFunctions.test_setdiff1d_3
numba-cache,0,6.683899846393615e-05,0,numba.tests.test_np_functions.TestNPFunctions.test_setdiff1d_3
numba-cache,0,3.953100531361997e-05,0,numba.tests.test_np_functions.TestNPFunctions.test_setdiff1d_3
numba-cache,0,4.050799179822207e-05,0,numba.tests.test_np_functions.TestNPFunctions.test_setdiff1d_3
numba-cache,0,8.967700705397874e-05,0,numba.tests.test_np_functions.TestNPFunctions.test_setdiff1d_3
numba-cache,0,4.483800148591399e-05,0,numba.tests.test_np_functions.TestNPFunctions.test_setdiff1d_3
numba-cache,0,3.8273006794042885e-05,0,numba.tests.test_np_functions.TestNPFunctions.test_setdiff1d_3
numba-cache,0,0.000113563000923,0,numba.tests.test_np_functions.TestNPFunctions.test_setdiff1d_3
numba-cache,0,8.660400635562837e-05,0,numba.tests.test_np_functions.TestNPFunctions.test_setdiff1d_3
numba-cache,0,4.700399585999549e-05,0,numba.tests.test_np_functions.TestNPFunctions.test_setdiff1d_3
numba-cache,0,9.498499275650828e-05,0,numba.tests.test_np_functions.TestNPFunctions.test_setdiff1d_3
numba-cache,0,3.7156001781113446e-05,0,numba.tests.test_np_functions.TestNPFunctions.test_setdiff1d_3
numba-cache,0,6.620999192818999e-05,0,numba.tests.test_np_functions.TestNPFunctions.test_setdiff1d_3
numba-cache,0,3.4850992960855365e-05,0,numba.tests.test_np_functions.TestNPFunctions.test_setdiff1d_3
numba-cache,0,5.824799882248044e-05,0,numba.tests.test_np_functions.TestNPFunctions.test_setdiff1d_3
numba-cache,0,3.527000080794096e-05,0,numba.tests.test_np_functions.TestNPFunctions.test_setdiff1d_3
numba-cache,0,0.0001005020021693,0,numba.tests.test_np_functions.TestNPFunctions.test_setdiff1d_3
numba-cache,0,0.0001660840061958,0,numba.tests.test_np_functions.TestNPFunctions.test_setdiff1d_3
numba-cache,0,9.177200263366105e-05,0,numba.tests.test_np_functions.TestNPFunctions.test_setdiff1d_3
numba-cache,0,9.638200572226197e-05,0,numba.tests.test_np_functions.TestNPFunctions.test_setdiff1d_3
numba-cache,0,4.015899321530014e-05,0,numba.tests.test_np_functions.TestNPFunctions.test_setdiff1d_3
numba-cache,0,3.478099824860692e-05,0,numba.tests.test_np_functions.TestNPFunctions.test_setdiff1d_3
numba-cache,0,6.055300764273852e-05,0,numba.tests.test_np_functions.TestNPFunctions.test_setdiff1d_3
numba-cache,0,6.29969872534275e-05,0,numba.tests.test_np_functions.TestNPFunctions.test_setdiff1d_3
numba-cache,0,4.169500607531518e-05,0,numba.tests.test_np_functions.TestNPFunctions.test_setdiff1d_3
numba-cache,0,7.228599861264229e-05,0,numba.tests.test_np_functions.TestNPFunctions.test_setdiff1d_3
numba-cache,0,6.816600216552615e-05,0,numba.tests.test_np_functions.TestNPFunctions.test_setdiff1d_3
numba-cache,0,3.5828998079523444e-05,0,numba.tests.test_np_functions.TestNPFunctions.test_setdiff1d_3
numba-cache,0,0.0001007820101222,0,numba.tests.test_np_functions.TestNPFunctions.test_setdiff1d_3
numba-cache,0,7.095999899320304e-05,0,numba.tests.test_np_functions.TestNPFunctions.test_setdiff1d_3
numba-cache,0,8.583599992562085e-05,0,numba.tests.test_np_functions.TestNPFunctions.test_setdiff1d_3
numba-cache,0,6.348700844682753e-05,0,numba.tests.test_np_functions.TestNPFunctions.test_setdiff1d_3
numba-cache,0,7.836300937924534e-05,0,numba.tests.test_np_functions.TestNPFunctions.test_setdiff1d_3
numba-cache,0,4.267400072421879e-05,0,numba.tests.test_np_functions.TestNPFunctions.test_setdiff1d_3
numba-cache,0,0.4165689009969355,0,numba.tests.test_np_functions.TestNPFunctions.test_setdiff1d_3
numba-cache,0,4.064799577463418e-05,0,numba.tests.test_np_functions.TestNPFunctions.test_setdiff1d_3
numba-cache,0,9.519400191493332e-05,0,numba.tests.test_np_functions.TestNPFunctions.test_setdiff1d_3
numba-cache,0,8.346200047526509e-05,0,numba.tests.test_np_functions.TestNPFunctions.test_setdiff1d_3
numba-cache,0,5.587399937212467e-05,0,numba.tests.test_np_functions.TestNPFunctions.test_setdiff1d_3
numba-cache,0,6.844599556643516e-05,0,numba.tests.test_np_functions.TestNPFunctions.test_setdiff1d_3
numba-cache,0,3.541000478435308e-05,0,numba.tests.test_np_functions.TestNPFunctions.test_setdiff1d_3
numba-cache,0,6.704800762236118e-05,0,numba.tests.test_np_functions.TestNPFunctions.test_setdiff1d_3
numba-cache,0,5.056599911767989e-05,0,numba.tests.test_np_functions.TestNPFunctions.test_setdiff1d_3
numba-cache,0,3.631800063885749e-05,0,numba.tests.test_np_functions.TestNPFunctions.test_setdiff1d_3
numba-cache,0,9.861700527835636e-05,0,numba.tests.test_np_functions.TestNPFunctions.test_setdiff1d_3
numba-cache,0,3.701599780470133e-05,0,numba.tests.test_np_functions.TestNPFunctions.test_setdiff1d_3
numba-cache,0,0.170255624994752,0,numba.tests.test_np_functions.TestNPFunctions.test_setdiff1d_3
numba-cache,0,4.27430059062317e-05,0,numba.tests.test_np_functions.TestNPFunctions.test_setdiff1d_3
numba-cache,0,5.238098674453795e-05,0,numba.tests.test_np_functions.TestNPFunctions.test_setdiff1d_3
numba-cache,0,8.820999937597662e-05,0,numba.tests.test_np_functions.TestNPFunctions.test_setdiff1d_3
numba-cache,0,8.730200352147222e-05,0,numba.tests.test_np_functions.TestNPFunctions.test_setdiff1d_3
numba-cache,0,5.95760066062212e-05,0,numba.tests.test_np_functions.TestNPFunctions.test_setdiff1d_3
numba-cache,0,8.91880044946447e-05,0,numba.tests.test_np_functions.TestNPFunctions.test_setdiff1d_3
numba-cache,0,8.380999497603625e-05,0,numba.tests.test_np_functions.TestNPFunctions.test_setdiff1d_3
numba-cache,0,0.8737772830063477,0,numba.tests.test_np_functions.TestNPFunctions.test_setdiff1d_3
numba-cache,0,0.0001185220025945,0,numba.tests.test_np_functions.TestNPFunctions.test_setdiff1d_3
numba-cache,0,0.0001086039992514,0,numba.tests.test_np_functions.TestNPFunctions.test_setdiff1d_3
numba-cache,0,0.981418641997152,0,numba.tests.test_np_functions.TestNPFunctions.test_setdiff1d_3
numba-cache,0,0.0001755830016918,0,numba.tests.test_np_functions.TestNPFunctions.test_setdiff1d_3
numba-cache,0,0.000198909008759,0,numba.tests.test_np_functions.TestNPFunctions.test_setdiff1d_3
numba-cache,0,1.172970676998375,0,numba.tests.test_np_functions.TestNPFunctions.test_setdiff1d_3
numba-cache,0,4.113701288588345e-05,0,numba.tests.test_np_functions.TestNPFunctions.test_setdiff1d_3
numba-cache,0,0.0001067190023604,0,numba.tests.test_np_functions.TestNPFunctions.test_setdiff1d_3
numba-cache,0,0.034440730989445,0,numba.tests.test_np_functions.TestNPFunctions.test_setdiff1d_3
numba-cache,0,6.202000076882541e-05,0,numba.tests.test_np_functions.TestNPFunctions.test_setdiff1d_3
numba-cache,0,5.273100396152586e-05,0,numba.tests.test_np_functions.TestNPFunctions.test_setdiff1d_3
numba-cache,0,9.016599506139757e-05,0,numba.tests.test_np_functions.TestNPFunctions.test_setdiff1d_3
numba-cache,0,1.7226800860080402,0,numba.tests.test_np_functions.TestNPFunctions.test_setdiff1d_3
numba-cache,0,9.337899973616004e-05,0,numba.tests.test_np_functions.TestNPFunctions.test_setdiff1d_3
numba-cache,0,0.0001148199953604,0,numba.tests.test_np_functions.TestNPFunctions.test_setdiff1d_3
numba-cache,0,0.0161311810079496,0,numba.tests.test_np_functions.TestNPFunctions.test_setdiff1d_3
numba-cache,0,6.593100260943174e-05,0,numba.tests.test_np_functions.TestNPFunctions.test_setdiff1d_3
numba-cache,0,5.957500252407044e-05,0,numba.tests.test_np_functions.TestNPFunctions.test_setdiff1d_3
numba-cache,0,0.0516805819934234,0,numba.tests.test_np_functions.TestNPFunctions.test_setdiff1d_3
numba-cache,0,3.959999594371766e-05,0,numba.tests.test_np_functions.TestNPFunctions.test_setdiff1d_3
numba-cache,0,6.648999988101423e-05,0,numba.tests.test_np_functions.TestNPFunctions.test_setdiff1d_3
numba-cache,0,0.1060954069980653,0,numba.tests.test_np_functions.TestNPFunctions.test_setdiff1d_3
numba-cache,0,3.9878999814391136e-05,0,numba.tests.test_np_functions.TestNPFunctions.test_setdiff1d_3
numba-cache,0,7.682599243707955e-05,0,numba.tests.test_np_functions.TestNPFunctions.test_setdiff1d_3
numba-cache,0,0.0458140700065996,0,numba.tests.test_np_functions.TestNPFunctions.test_setdiff1d_3
numba-cache,0,4.902899672742933e-05,0,numba.tests.test_np_functions.TestNPFunctions.test_setdiff1d_3
numba-cache,0,4.427999374456704e-05,0,numba.tests.test_np_functions.TestNPFunctions.test_setdiff1d_3
numba-cache,0,3.4850992960855365e-05,0,numba.tests.test_np_functions.TestNPFunctions.test_setdiff1d_3
numba-cache,0,8.157499541994184e-05,0,numba.tests.test_np_functions.TestNPFunctions.test_setdiff1d_3
numba-cache,0,0.0925462120067095,0,numba.tests.test_np_functions.TestNPFunctions.test_setdiff1d_3
numba-cache,0,5.9644997236318886e-05,0,numba.tests.test_np_functions.TestNPFunctions.test_setdiff1d_3
numba-cache,0,0.0433012970024719,0,numba.tests.test_np_functions.TestNPFunctions.test_setdiff1d_3
numba-cache,0,0.0001102810056181,0,numba.tests.test_np_functions.TestNPFunctions.test_setdiff1d_3
numba-cache,0,0.050127787006204,0,numba.tests.test_np_functions.TestNPFunctions.test_setdiff1d_3
numba-cache,0,4.14870009990409e-05,0,numba.tests.test_np_functions.TestNPFunctions.test_setdiff1d_3
numba-cache,0,5.866700666956604e-05,0,numba.tests.test_np_functions.TestNPFunctions.test_setdiff1d_3
numba-cache,0,0.115436136999051,0,numba.tests.test_np_functions.TestNPFunctions.test_setdiff1d_3
numba-cache,0,4.064799577463418e-05,0,numba.tests.test_np_functions.TestNPFunctions.test_setdiff1d_3
numba-cache,0,0.039327641003183,0,numba.tests.test_np_functions.TestNPFunctions.test_setdiff1d_3
numba-cache,0,6.160100747365505e-05,0,numba.tests.test_np_functions.TestNPFunctions.test_setdiff1d_3
numba-cache,0,4.595601058099419e-05,0,numba.tests.test_np_functions.TestNPFunctions.test_setdiff1d_3
numba-cache,0,0.043430295001599,0,numba.tests.test_np_functions.TestNPFunctions.test_setdiff1d_3
numba-cache,0,6.341699918266386e-05,0,numba.tests.test_np_functions.TestNPFunctions.test_setdiff1d_3
numba-cache,0,0.0032132170017575,1,numba.tests.test_np_functions.TestNPFunctions.test_setdiff1d_3
numba-cache,0,4.204499418847263e-05,0,numba.tests.test_np_functions.TestNPFunctions.test_setdiff1d_3
numba-cache,0,6.628000119235367e-05,0,numba.tests.test_np_functions.TestNPFunctions.test_setdiff1d_3
numba-cache,0,6.194999150466174e-05,0,numba.tests.test_np_functions.TestNPFunctions.test_setdiff1d_3
numba-cache,0,5.866799619980157e-05,0,numba.tests.test_np_functions.TestNPFunctions.test_setdiff1d_3
numba-cache,0,0.000103295998997,0,numba.tests.test_np_functions.TestNPFunctions.test_setdiff1d_3
numba-cache,0,7.054000161588192e-05,0,numba.tests.test_np_functions.TestNPFunctions.test_setdiff1d_3
numba-cache,0,7.480100612156093e-05,0,numba.tests.test_np_functions.TestNPFunctions.test_setdiff1d_3
numba-cache,0,6.572100392077118e-05,0,numba.tests.test_np_functions.TestNPFunctions.test_setdiff1d_3
numba-cache,0,4.155599162913859e-05,0,numba.tests.test_np_functions.TestNPFunctions.test_setdiff1d_3
numba-cache,0,3.5689008655026555e-05,0,numba.tests.test_np_functions.TestNPFunctions.test_setdiff1d_3
numba-cache,0,4.679399717133492e-05,0,numba.tests.test_np_functions.TestNPFunctions.test_setdiff1d_3
numba-cache,0,4.225400334689766e-05,0,numba.tests.test_np_functions.TestNPFunctions.test_setdiff1d_3
numba-cache,0,6.055299309082329e-05,0,numba.tests.test_np_functions.TestNPFunctions.test_setdiff1d_3
numba-cache,0,0.0475194710015784,0,numba.tests.test_np_functions.TestNPFunctions.test_setdiff1d_3
numba-cache,0,5.335900641512126e-05,0,numba.tests.test_np_functions.TestNPFunctions.test_setdiff1d_3
numba-cache,0,8.304300718009472e-05,0,numba.tests.test_np_functions.TestNPFunctions.test_setdiff1d_3
numba-cache,0,0.1683928709971951,0,numba.tests.test_np_functions.TestNPFunctions.test_setdiff1d_3
numba-cache,0,6.0133999795652926e-05,0,numba.tests.test_np_functions.TestNPFunctions.test_setdiff1d_3
numba-cache,0,5.2521005272865295e-05,0,numba.tests.test_np_functions.TestNPFunctions.test_setdiff1d_3
numba-cache,0,0.2238779529870953,0,numba.tests.test_np_functions.TestNPFunctions.test_setdiff1d_3
numba-cache,0,0.0002107829932356,0,numba.tests.test_np_functions.TestNPFunctions.test_setdiff1d_3
numba-cache,0,0.0610838900029193,0,numba.tests.test_np_functions.TestNPFunctions.test_setdiff1d_3
numba-cache,0,4.344199260231108e-05,0,numba.tests.test_np_functions.TestNPFunctions.test_setdiff1d_3
numba-cache,0,4.721300501842052e-05,0,numba.tests.test_np_functions.TestNPFunctions.test_setdiff1d_3
numba-cache,0,4.5676002628169954e-05,0,numba.tests.test_np_functions.TestNPFunctions.test_setdiff1d_3
numba-cache,0,9.142300405073912e-05,0,numba.tests.test_np_functions.TestNPFunctions.test_setdiff1d_3
numba-cache,0,5.671200051438064e-05,0,numba.tests.test_np_functions.TestNPFunctions.test_setdiff1d_3
numba-cache,0,4.826099029742181e-05,0,numba.tests.test_np_functions.TestNPFunctions.test_setdiff1d_3
numba-cache,0,0.0001029470004141,0,numba.tests.test_np_functions.TestNPFunctions.test_setdiff1d_3
numba-cache,0,0.0001358419976895,0,numba.tests.test_np_functions.TestNPFunctions.test_setdiff1d_3
numba-cache,0,3.764400025829673e-05,0,numba.tests.test_np_functions.TestNPFunctions.test_setdiff1d_3
numba-cache,0,0.0001388460077578,0,numba.tests.test_np_functions.TestNPFunctions.test_setdiff1d_3
numba-cache,0,0.0001563770056236,0,numba.tests.test_np_functions.TestNPFunctions.test_setdiff1d_3
numba-cache,0,6.048299837857485e-05,0,numba.tests.test_np_functions.TestNPFunctions.test_setdiff1d_3
numba-cache,0,0.0002017730002989,0,numba.tests.test_np_functions.TestNPFunctions.test_setdiff1d_3
numba-cache,0,3.61780112143606e-05,0,numba.tests.test_np_functions.TestNPFunctions.test_setdiff1d_3
numba-cache,0,7.326400373131037e-05,0,numba.tests.test_np_functions.TestNPFunctions.test_setdiff1d_3
numba-cache,0,4.400000034365803e-05,0,numba.tests.test_np_functions.TestNPFunctions.test_setdiff1d_3
numba-cache,0,6.628000119235367e-05,0,numba.tests.test_np_functions.TestNPFunctions.test_setdiff1d_3
numba-cache,0,3.6177996662445366e-05,0,numba.tests.test_np_functions.TestNPFunctions.test_setdiff1d_3
numba-cache,0,8.436900679953396e-05,0,numba.tests.test_np_functions.TestNPFunctions.test_setdiff1d_3
numba-cache,0,3.708599251694977e-05,0,numba.tests.test_np_functions.TestNPFunctions.test_setdiff1d_3
numba-cache,0,3.191799623891711e-05,0,numba.tests.test_np_functions.TestNPFunctions.test_setdiff1d_3
numba-cache,0,0.0001369599922327,0,numba.tests.test_np_functions.TestNPFunctions.test_setdiff1d_3
numba-cache,0,8.814000466372818e-05,0,numba.tests.test_np_functions.TestNPFunctions.test_setdiff1d_3
numba-cache,0,5.238199082668871e-05,0,numba.tests.test_np_functions.TestNPFunctions.test_setdiff1d_3
numba-cache,0,0.0001453410077374,0,numba.tests.test_np_functions.TestNPFunctions.test_setdiff1d_3
numba-cache,0,4.393099516164512e-05,0,numba.tests.test_np_functions.TestNPFunctions.test_setdiff1d_3
numba-cache,0,4.3302003177814186e-05,0,numba.tests.test_np_functions.TestNPFunctions.test_setdiff1d_3
numba-cache,0,6.67690037516877e-05,0,numba.tests.test_np_functions.TestNPFunctions.test_setdiff1d_3
numba-cache,0,4.581600660458207e-05,0,numba.tests.test_np_functions.TestNPFunctions.test_setdiff1d_3
numba-cache,0,3.2755997381173074e-05,0,numba.tests.test_np_functions.TestNPFunctions.test_setdiff1d_3
numba-cache,0,4.183599958196282e-05,0,numba.tests.test_np_functions.TestNPFunctions.test_setdiff1d_3
numba-cache,0,3.191799623891711e-05,0,numba.tests.test_np_functions.TestNPFunctions.test_setdiff1d_3
numba-cache,0,3.9180988096632063e-05,0,numba.tests.test_np_functions.TestNPFunctions.test_setdiff1d_3
numba-cache,0,3.142899367958307e-05,0,numba.tests.test_np_functions.TestNPFunctions.test_setdiff1d_3
numba-cache,0,4.043799708597362e-05,0,numba.tests.test_np_functions.TestNPFunctions.test_setdiff1d_3
numba-cache,0,3.1010000384412706e-05,0,numba.tests.test_np_functions.TestNPFunctions.test_setdiff1d_3
numba-cache,0,0.2797917250136379,0,numba.tests.test_np_functions.TestNPFunctions.test_setdiff1d_3
numba-cache,0,4.707399057224393e-05,0,numba.tests.test_np_functions.TestNPFunctions.test_setdiff1d_3
numba-cache,0,8.91880044946447e-05,0,numba.tests.test_np_functions.TestNPFunctions.test_setdiff1d_3
numba-cache,0,4.344199260231108e-05,0,numba.tests.test_np_functions.TestNPFunctions.test_setdiff1d_3
numba-cache,0,3.4431999665685e-05,0,numba.tests.test_np_functions.TestNPFunctions.test_setdiff1d_3
numba-cache,0,8.297200838569552e-05,0,numba.tests.test_np_functions.TestNPFunctions.test_setdiff1d_3
numba-cache,0,3.485100751277059e-05,0,numba.tests.test_np_functions.TestNPFunctions.test_setdiff1d_3
numba-cache,0,8.248300582636148e-05,0,numba.tests.test_np_functions.TestNPFunctions.test_setdiff1d_3
numba-cache,0,0.0001254359958693,0,numba.tests.test_np_functions.TestNPFunctions.test_setdiff1d_3
numba-cache,0,3.492100222501904e-05,0,numba.tests.test_np_functions.TestNPFunctions.test_setdiff1d_3
numba-cache,0,9.456599946133792e-05,0,numba.tests.test_np_functions.TestNPFunctions.test_setdiff1d_3
numba-cache,0,3.429201024118811e-05,0,numba.tests.test_np_functions.TestNPFunctions.test_setdiff1d_3
numba-cache,0,0.1159931259899167,0,numba.tests.test_np_functions.TestNPFunctions.test_setdiff1d_3
numba-cache,0,0.0001032259897328,0,numba.tests.test_np_functions.TestNPFunctions.test_setdiff1d_3
numba-cache,0,9.903599857352674e-05,0,numba.tests.test_np_functions.TestNPFunctions.test_setdiff1d_3
numba-cache,0,9.295900235883892e-05,0,numba.tests.test_np_functions.TestNPFunctions.test_setdiff1d_3
numba-cache,0,8.939798863139004e-05,0,numba.tests.test_np_functions.TestNPFunctions.test_setdiff1d_3
numba-cache,0,5.9644997236318886e-05,0,numba.tests.test_np_functions.TestNPFunctions.test_setdiff1d_3
numba-cache,0,7.836299482733011e-05,0,numba.tests.test_np_functions.TestNPFunctions.test_setdiff1d_3
numba-cache,0,8.164599421434104e-05,0,numba.tests.test_np_functions.TestNPFunctions.test_setdiff1d_3
numba-cache,0,0.8590474810043816,0,numba.tests.test_np_functions.TestNPFunctions.test_setdiff1d_3
numba-cache,0,0.0001700650027487,0,numba.tests.test_np_functions.TestNPFunctions.test_setdiff1d_3
numba-cache,0,0.0001388460077578,0,numba.tests.test_np_functions.TestNPFunctions.test_setdiff1d_3
numba-cache,0,0.9800391939934344,0,numba.tests.test_np_functions.TestNPFunctions.test_setdiff1d_3
numba-cache,0,7.102898962330073e-05,0,numba.tests.test_np_functions.TestNPFunctions.test_setdiff1d_3
numba-cache,0,6.579101318493485e-05,0,numba.tests.test_np_functions.TestNPFunctions.test_setdiff1d_3
numba-cache,0,0.0054684139904566,0,numba.tests.test_np_functions.TestNPFunctions.test_setdiff1d_3
numba-cache,0,0.0239090569957625,0,numba.tests.test_np_functions.TestNPFunctions.test_setdiff1d_3
numba-cache,0,5.47560048289597e-05,0,numba.tests.test_np_functions.TestNPFunctions.test_setdiff1d_3
numba-cache,0,0.024235219010734,0,numba.tests.test_np_functions.TestNPFunctions.test_setdiff1d_3
numba-cache,0,4.497899499256164e-05,0,numba.tests.test_np_functions.TestNPFunctions.test_setdiff1d_3
numba-cache,0,0.0496916249976493,0,numba.tests.test_np_functions.TestNPFunctions.test_setdiff1d_3
numba-cache,0,6.25079992460087e-05,0,numba.tests.test_np_functions.TestNPFunctions.test_setdiff1d_3
numba-cache,0,0.0031326900061685,1,numba.tests.test_np_functions.TestNPFunctions.test_setdiff1d_3
numba-cache,0,4.861000343225896e-05,0,numba.tests.test_np_functions.TestNPFunctions.test_setdiff1d_3
numba-cache,0,0.0032232049998128,1,numba.tests.test_np_functions.TestNPFunctions.test_setdiff1d_3
numba-cache,0,5.293999856803566e-05,0,numba.tests.test_np_functions.TestNPFunctions.test_setdiff1d_3
numba-cache,0,7.033099245745689e-05,0,numba.tests.test_np_functions.TestNPFunctions.test_setdiff1d_3
numba-cache,0,7.277600525412709e-05,0,numba.tests.test_np_functions.TestNPFunctions.test_setdiff1d_3
numba-cache,0,0.0595758629933698,0,numba.tests.test_np_functions.TestNPFunctions.test_setdiff1d_3
numba-cache,0,4.902899672742933e-05,0,numba.tests.test_np_functions.TestNPFunctions.test_setdiff1d_3
numba-cache,0,0.0556243470055051,0,numba.tests.test_np_functions.TestNPFunctions.test_setdiff1d_3
numba-cache,0,4.323299799580127e-05,0,numba.tests.test_np_functions.TestNPFunctions.test_setdiff1d_3
numba-cache,0,0.0001011310087051,0,numba.tests.test_np_functions.TestNPFunctions.test_setdiff1d_3
numba-cache,0,4.819099558517337e-05,0,numba.tests.test_np_functions.TestNPFunctions.test_setdiff1d_3
numba-cache,0,7.396200089715421e-05,0,numba.tests.test_np_functions.TestNPFunctions.test_setdiff1d_3
numba-cache,0,4.043799708597362e-05,0,numba.tests.test_np_functions.TestNPFunctions.test_setdiff1d_3
numba-cache,0,3.282600664533675e-05,0,numba.tests.test_np_functions.TestNPFunctions.test_setdiff1d_3
numba-cache,0,4.190500476397574e-05,0,numba.tests.test_np_functions.TestNPFunctions.test_setdiff1d_3
numba-cache,0,4.972801252733916e-05,0,numba.tests.test_np_functions.TestNPFunctions.test_setdiff1d_3
numba-cache,0,0.2735652470000786,0,numba.tests.test_np_functions.TestNPFunctions.test_setdiff1d_3
numba-cache,0,7.91309867054224e-05,0,numba.tests.test_np_functions.TestNPFunctions.test_setdiff1d_3
numba-cache,0,0.004387470005895,0,numba.tests.test_np_functions.TestNPFunctions.test_setdiff1d_3
numba-cache,0,0.0272935969987884,0,numba.tests.test_np_functions.TestNPFunctions.test_setdiff1d_3
numba-cache,0,4.3302003177814186e-05,0,numba.tests.test_np_functions.TestNPFunctions.test_setdiff1d_3
numba-cache,0,0.0247842469980241,0,numba.tests.test_np_functions.TestNPFunctions.test_setdiff1d_3
numba-cache,0,4.1696010157465935e-05,0,numba.tests.test_np_functions.TestNPFunctions.test_setdiff1d_3
numba-cache,0,0.0001074169995263,0,numba.tests.test_np_functions.TestNPFunctions.test_setdiff1d_3
numba-cache,0,0.0001021089992718,0,numba.tests.test_np_functions.TestNPFunctions.test_setdiff1d_3
numba-cache,0,8.164500468410552e-05,0,numba.tests.test_np_functions.TestNPFunctions.test_setdiff1d_3
numba-cache,0,0.050800643992261,0,numba.tests.test_np_functions.TestNPFunctions.test_setdiff1d_3
numba-cache,0,3.8134006899781525e-05,0,numba.tests.test_np_functions.TestNPFunctions.test_setdiff1d_3
numba-cache,0,0.0032046970009105,0,numba.tests.test_np_functions.TestNPFunctions.test_setdiff1d_3
numba-cache,0,3.904200275428593e-05,0,numba.tests.test_np_functions.TestNPFunctions.test_setdiff1d_3
numba-cache,0,4.469900159165263e-05,0,numba.tests.test_np_functions.TestNPFunctions.test_setdiff1d_3
numba-cache,0,3.331499465275556e-05,0,numba.tests.test_np_functions.TestNPFunctions.test_setdiff1d_3
numba-cache,0,0.0001449919946026,0,numba.tests.test_np_functions.TestNPFunctions.test_setdiff1d_3
numba-cache,0,4.225499287713319e-05,0,numba.tests.test_np_functions.TestNPFunctions.test_setdiff1d_3
numba-cache,0,3.527000080794096e-05,0,numba.tests.test_np_functions.TestNPFunctions.test_setdiff1d_3
numba-cache,0,3.247600398026407e-05,0,numba.tests.test_np_functions.TestNPFunctions.test_setdiff1d_3
numba-cache,0,0.0001206870074383,0,numba.tests.test_np_functions.TestNPFunctions.test_setdiff1d_3
numba-cache,0,0.1710537089966237,0,numba.tests.test_np_functions.TestNPFunctions.test_setdiff1d_3
numba-cache,0,4.099700890947133e-05,0,numba.tests.test_np_functions.TestNPFunctions.test_setdiff1d_3
numba-cache,0,0.0035344900097697,0,numba.tests.test_np_functions.TestNPFunctions.test_setdiff1d_3
numba-cache,0,4.560599336400628e-05,0,numba.tests.test_np_functions.TestNPFunctions.test_setdiff1d_3
numba-cache,0,6.006399053148925e-05,0,numba.tests.test_np_functions.TestNPFunctions.test_setdiff1d_3
numba-cache,0,5.084500298835337e-05,0,numba.tests.test_np_functions.TestNPFunctions.test_setdiff1d_3
numba-cache,0,4.630500916391611e-05,0,numba.tests.test_np_functions.TestNPFunctions.test_setdiff1d_3
numba-cache,0,6.928300717845559e-05,0,numba.tests.test_np_functions.TestNPFunctions.test_setdiff1d_3
numba-cache,0,3.610899148043245e-05,0,numba.tests.test_np_functions.TestNPFunctions.test_setdiff1d_3
numba-cache,0,3.6316996556706727e-05,0,numba.tests.test_np_functions.TestNPFunctions.test_setdiff1d_3
numba-cache,0,5.0914997700601816e-05,0,numba.tests.test_np_functions.TestNPFunctions.test_setdiff1d_3
numba-cache,0,9.966400102712214e-05,0,numba.tests.test_np_functions.TestNPFunctions.test_setdiff1d_3
numba-cache,0,0.5902858220069902,0,numba.tests.test_np_functions.TestNPFunctions.test_setdiff1d_3
numba-cache,0,3.918100264854729e-05,0,numba.tests.test_np_functions.TestNPFunctions.test_setdiff1d_3
numba-cache,0,0.0523975109972525,0,numba.tests.test_np_functions.TestNPFunctions.test_setdiff1d_3
numba-cache,0,6.9143992732279e-05,0,numba.tests.test_np_functions.TestNPFunctions.test_setdiff1d_3
numba-cache,0,0.146207511992543,0,numba.tests.test_np_functions.TestNPFunctions.test_setdiff1d_3
numba-cache,0,4.861000343225896e-05,0,numba.tests.test_np_functions.TestNPFunctions.test_setdiff1d_3
numba-cache,0,0.0412332080013584,0,numba.tests.test_np_functions.TestNPFunctions.test_setdiff1d_3
numba-cache,0,3.9601000025868416e-05,0,numba.tests.test_np_functions.TestNPFunctions.test_setdiff1d_3
numba-cache,0,0.0517435110086808,0,numba.tests.test_np_functions.TestNPFunctions.test_setdiff1d_3
numba-cache,0,4.0857004933059216e-05,0,numba.tests.test_np_functions.TestNPFunctions.test_setdiff1d_3
numba-cache,0,3.6038996768184006e-05,0,numba.tests.test_np_functions.TestNPFunctions.test_setdiff1d_3
numba-cache,0,4.658500256482512e-05,0,numba.tests.test_np_functions.TestNPFunctions.test_setdiff1d_3
numba-cache,0,0.1428785659954883,0,numba.tests.test_np_functions.TestNPFunctions.test_setdiff1d_3
numba-cache,0,5.671200051438064e-05,0,numba.tests.test_np_functions.TestNPFunctions.test_setdiff1d_3
numba-cache,0,9.030599903780968e-05,0,numba.tests.test_np_functions.TestNPFunctions.test_setdiff1d_3
numba-cache,0,9.526399662718175e-05,0,numba.tests.test_np_functions.TestNPFunctions.test_setdiff1d_3
numba-cache,0,5.9644997236318886e-05,0,numba.tests.test_np_functions.TestNPFunctions.test_setdiff1d_3
numba-cache,0,5.293999856803566e-05,0,numba.tests.test_np_functions.TestNPFunctions.test_setdiff1d_3
numba-cache,0,8.192501263692975e-05,0,numba.tests.test_np_functions.TestNPFunctions.test_setdiff1d_3
numba-cache,0,9.372799831908196e-05,0,numba.tests.test_np_functions.TestNPFunctions.test_setdiff1d_3
numba-cache,0,7.612800982315093e-05,0,numba.tests.test_np_functions.TestNPFunctions.test_setdiff1d_3
numba-cache,0,0.0001113280013669,0,numba.tests.test_np_functions.TestNPFunctions.test_setdiff1d_3
numba-cache,0,0.0001058810012182,0,numba.tests.test_np_functions.TestNPFunctions.test_setdiff1d_3
numba-cache,0,5.503599822986871e-05,0,numba.tests.test_np_functions.TestNPFunctions.test_setdiff1d_3
numba-cache,0,3.87619948014617e-05,0,numba.tests.test_np_functions.TestNPFunctions.test_setdiff1d_3
numba-cache,0,9.295900235883892e-05,0,numba.tests.test_np_functions.TestNPFunctions.test_setdiff1d_3
numba-cache,0,4.043799708597362e-05,0,numba.tests.test_np_functions.TestNPFunctions.test_setdiff1d_3
numba-cache,0,6.865400064270943e-05,0,numba.tests.test_np_functions.TestNPFunctions.test_setdiff1d_3
numba-cache,0,0.0001495309988968,0,numba.tests.test_np_functions.TestNPFunctions.test_setdiff1d_3
numba-cache,0,0.0001248769985977,0,numba.tests.test_np_functions.TestNPFunctions.test_setdiff1d_3
numba-cache,0,8.82800086401403e-05,0,numba.tests.test_np_functions.TestNPFunctions.test_setdiff1d_3
numba-cache,0,0.5419918740080902,0,numba.tests.test_np_functions.TestNPFunctions.test_setdiff1d_3
numba-cache,0,4.57459973404184e-05,0,numba.tests.test_np_functions.TestNPFunctions.test_setdiff1d_3
numba-cache,0,6.439400021918118e-05,0,numba.tests.test_np_functions.TestNPFunctions.test_setdiff1d_3
numba-cache,0,4.386100044939667e-05,0,numba.tests.test_np_functions.TestNPFunctions.test_setdiff1d_3
numba-cache,0,3.855300019495189e-05,0,numba.tests.test_np_functions.TestNPFunctions.test_setdiff1d_3
numba-cache,0,3.3873002394102514e-05,0,numba.tests.test_np_functions.TestNPFunctions.test_setdiff1d_3
numba-cache,0,0.0050397239974699,0,numba.tests.test_np_functions.TestNPFunctions.test_setdiff1d_3
numba-cache,0,0.02453875199717,0,numba.tests.test_np_functions.TestNPFunctions.test_setdiff1d_3
numba-cache,0,4.0090002585202456e-05,0,numba.tests.test_np_functions.TestNPFunctions.test_setdiff1d_3
numba-cache,0,0.0302094969956669,0,numba.tests.test_np_functions.TestNPFunctions.test_setdiff1d_3
numba-cache,0,4.379100573714823e-05,0,numba.tests.test_np_functions.TestNPFunctions.test_setdiff1d_3
numba-cache,0,0.027213697991101,0,numba.tests.test_np_functions.TestNPFunctions.test_setdiff1d_3
numba-cache,0,5.224198685027659e-05,0,numba.tests.test_np_functions.TestNPFunctions.test_setdiff1d_3
numba-cache,0,0.0031762010039528,0,numba.tests.test_np_functions.TestNPFunctions.test_setdiff1d_3
numba-cache,0,0.0264506749954307,0,numba.tests.test_np_functions.TestNPFunctions.test_setdiff1d_3
numba-cache,0,5.049598985351622e-05,0,numba.tests.test_np_functions.TestNPFunctions.test_setdiff1d_3
numba-cache,0,0.0344676899985643,0,numba.tests.test_np_functions.TestNPFunctions.test_setdiff1d_3
numba-cache,0,5.370799044612795e-05,0,numba.tests.test_np_functions.TestNPFunctions.test_setdiff1d_3
numba-cache,0,0.0001962559908861,0,numba.tests.test_np_functions.TestNPFunctions.test_setdiff1d_3
numba-cache,0,0.000131581997266,0,numba.tests.test_np_functions.TestNPFunctions.test_setdiff1d_3
numba-cache,0,0.0001386360090691,0,numba.tests.test_np_functions.TestNPFunctions.test_setdiff1d_3
numba-cache,0,0.0001048319973051,0,numba.tests.test_np_functions.TestNPFunctions.test_setdiff1d_3
numba-cache,0,8.304200309794396e-05,0,numba.tests.test_np_functions.TestNPFunctions.test_setdiff1d_3
numba-cache,0,8.485799480695277e-05,0,numba.tests.test_np_functions.TestNPFunctions.test_setdiff1d_3
numba-cache,0,0.1085647379950387,0,numba.tests.test_np_functions.TestNPFunctions.test_setdiff1d_3
numba-cache,0,5.573400994762778e-05,0,numba.tests.test_np_functions.TestNPFunctions.test_setdiff1d_3
numba-cache,0,0.0030486009927699,0,numba.tests.test_np_functions.TestNPFunctions.test_setdiff1d_3
numba-cache,0,3.771499905269593e-05,0,numba.tests.test_np_functions.TestNPFunctions.test_setdiff1d_3
numba-cache,0,5.014600174035877e-05,0,numba.tests.test_np_functions.TestNPFunctions.test_setdiff1d_3
numba-cache,0,3.429199568927288e-05,0,numba.tests.test_np_functions.TestNPFunctions.test_setdiff1d_3
numba-cache,0,5.2382005378603935e-05,0,numba.tests.test_np_functions.TestNPFunctions.test_setdiff1d_3
numba-cache,0,3.436300903558731e-05,0,numba.tests.test_np_functions.TestNPFunctions.test_setdiff1d_3
numba-cache,0,3.6177996662445366e-05,0,numba.tests.test_np_functions.TestNPFunctions.test_setdiff1d_3
numba-cache,0,3.240699879825115e-05,0,numba.tests.test_np_functions.TestNPFunctions.test_setdiff1d_3
numba-cache,0,0.000223773997277,0,numba.tests.test_np_functions.TestNPFunctions.test_setdiff1d_3
numba-cache,0,0.2838625309959752,0,numba.tests.test_np_functions.TestNPFunctions.test_setdiff1d_3
numba-cache,0,5.112399230711162e-05,0,numba.tests.test_np_functions.TestNPFunctions.test_setdiff1d_3
numba-cache,0,0.003477220001514,0,numba.tests.test_np_functions.TestNPFunctions.test_setdiff1d_3
numba-cache,0,3.7295001675374806e-05,0,numba.tests.test_np_functions.TestNPFunctions.test_setdiff1d_3
numba-cache,0,4.435000300873071e-05,0,numba.tests.test_np_functions.TestNPFunctions.test_setdiff1d_3
numba-cache,0,3.527000080794096e-05,0,numba.tests.test_np_functions.TestNPFunctions.test_setdiff1d_3
numba-cache,0,3.5828998079523444e-05,0,numba.tests.test_np_functions.TestNPFunctions.test_setdiff1d_3
numba-cache,0,8.897899533621967e-05,0,numba.tests.test_np_functions.TestNPFunctions.test_setdiff1d_3
numba-cache,0,0.000116146999062,0,numba.tests.test_np_functions.TestNPFunctions.test_setdiff1d_3
numba-cache,0,8.911799523048103e-05,0,numba.tests.test_np_functions.TestNPFunctions.test_setdiff1d_3
numba-cache,0,5.245101056061685e-05,0,numba.tests.test_np_functions.TestNPFunctions.test_setdiff1d_3
numba-cache,0,0.0001201279956148,0,numba.tests.test_np_functions.TestNPFunctions.test_setdiff1d_3
numba-cache,0,0.4547102759970585,0,numba.tests.test_np_functions.TestNPFunctions.test_setdiff1d_3
numba-cache,0,5.552500078920275e-05,0,numba.tests.test_np_functions.TestNPFunctions.test_setdiff1d_3
numba-cache,0,4.490801075007767e-05,0,numba.tests.test_np_functions.TestNPFunctions.test_setdiff1d_3
numba-cache,0,0.0001116070052376,0,numba.tests.test_np_functions.TestNPFunctions.test_setdiff1d_3
numba-cache,0,6.362600834108889e-05,0,numba.tests.test_np_functions.TestNPFunctions.test_setdiff1d_3
numba-cache,0,3.478099824860692e-05,0,numba.tests.test_np_functions.TestNPFunctions.test_setdiff1d_3
numba-cache,0,5.3987998398952186e-05,0,numba.tests.test_np_functions.TestNPFunctions.test_setdiff1d_3
numba-cache,0,3.687699791043997e-05,0,numba.tests.test_np_functions.TestNPFunctions.test_setdiff1d_3
numba-cache,0,3.338500391691923e-05,0,numba.tests.test_np_functions.TestNPFunctions.test_setdiff1d_3
numba-cache,0,3.6177996662445366e-05,0,numba.tests.test_np_functions.TestNPFunctions.test_setdiff1d_3
numba-cache,0,3.554900467861444e-05,0,numba.tests.test_np_functions.TestNPFunctions.test_setdiff1d_3
numba-cache,0,3.3383999834768474e-05,0,numba.tests.test_np_functions.TestNPFunctions.test_setdiff1d_3
numba-cache,0,3.142899367958307e-05,0,numba.tests.test_np_functions.TestNPFunctions.test_setdiff1d_3
numba-cache,0,3.5339995520189404e-05,0,numba.tests.test_np_functions.TestNPFunctions.test_setdiff1d_3
numba-cache,0,3.527000080794096e-05,0,numba.tests.test_np_functions.TestNPFunctions.test_setdiff1d_3
numba-cache,0,3.3383999834768474e-05,0,numba.tests.test_np_functions.TestNPFunctions.test_setdiff1d_3
numba-cache,0,3.366400778759271e-05,0,numba.tests.test_np_functions.TestNPFunctions.test_setdiff1d_3
numba-cache,0,9.303000115323812e-05,0,numba.tests.test_np_functions.TestNPFunctions.test_setdiff1d_3
numba-cache,0,0.0005444880080176,0,numba.tests.test_np_functions.TestNPFunctions.test_setdiff1d_3
numba-cache,0,8.827999408822507e-05,0,numba.tests.test_np_functions.TestNPFunctions.test_setdiff1d_3
numba-cache,0,6.718799704685807e-05,0,numba.tests.test_np_functions.TestNPFunctions.test_setdiff1d_3
numba-cache,0,8.380999497603625e-05,0,numba.tests.test_np_functions.TestNPFunctions.test_setdiff1d_3
numba-cache,0,9.009700443129988e-05,0,numba.tests.test_np_functions.TestNPFunctions.test_setdiff1d_3
numba-cache,0,6.139100878499448e-05,0,numba.tests.test_np_functions.TestNPFunctions.test_setdiff1d_3
numba-cache,0,1.7561317149957176,0,numba.tests.test_np_functions.TestNPFunctions.test_setdiff1d_3
numba-cache,0,5.482599954120815e-05,0,numba.tests.test_np_functions.TestNPFunctions.test_setdiff1d_3
numba-cache,0,9.728998702485114e-05,0,numba.tests.test_np_functions.TestNPFunctions.test_setdiff1d_3
numba-cache,0,8.269298996310681e-05,0,numba.tests.test_np_functions.TestNPFunctions.test_setdiff1d_3
numba-cache,0,0.0040951109986053,1,numba.tests.test_np_functions.TestNPFunctions.test_setdiff1d_3
numba-cache,0,4.050799179822207e-05,0,numba.tests.test_np_functions.TestNPFunctions.test_setdiff1d_3
numba-cache,0,0.0021352779876906,1,numba.tests.test_np_functions.TestNPFunctions.test_setdiff1d_3
numba-cache,0,4.169500607531518e-05,0,numba.tests.test_np_functions.TestNPFunctions.test_setdiff1d_3
numba-cache,0,0.0483140620053745,0,numba.tests.test_np_functions.TestNPFunctions.test_setdiff1d_3
numba-cache,0,0.0001660839916439,0,numba.tests.test_np_functions.TestNPFunctions.test_setdiff1d_3
numba-cache,0,0.000158820010256,0,numba.tests.test_np_functions.TestNPFunctions.test_setdiff1d_3
numba-cache,0,0.0001317220012424,0,numba.tests.test_np_functions.TestNPFunctions.test_setdiff1d_3
numba-cache,0,0.0001512070011813,0,numba.tests.test_np_functions.TestNPFunctions.test_setdiff1d_3
numba-cache,0,0.0001791440008673,0,numba.tests.test_np_functions.TestNPFunctions.test_setdiff1d_3
numba-cache,0,9.267999848816544e-05,0,numba.tests.test_np_functions.TestNPFunctions.test_setdiff1d_3
numba-cache,0,0.0001736970007186,0,numba.tests.test_np_functions.TestNPFunctions.test_setdiff1d_3
numba-cache,0,0.0002188840007875,0,numba.tests.test_np_functions.TestNPFunctions.test_setdiff1d_3
numba-cache,0,9.10740054678172e-05,0,numba.tests.test_np_functions.TestNPFunctions.test_setdiff1d_3
numba-cache,0,8.604599861428142e-05,0,numba.tests.test_np_functions.TestNPFunctions.test_setdiff1d_3
numba-cache,0,8.360001083929092e-05,0,numba.tests.test_np_functions.TestNPFunctions.test_setdiff1d_3
numba-cache,0,8.541699207853526e-05,0,numba.tests.test_np_functions.TestNPFunctions.test_setdiff1d_3
numba-cache,0,0.0001069279969669,0,numba.tests.test_np_functions.TestNPFunctions.test_setdiff1d_3
numba-cache,0,0.0001002929930109,0,numba.tests.test_np_functions.TestNPFunctions.test_setdiff1d_3
numba-cache,0,8.422898827120662e-05,0,numba.tests.test_np_functions.TestNPFunctions.test_setdiff1d_3
numba-cache,0,8.359999628737569e-05,0,numba.tests.test_np_functions.TestNPFunctions.test_setdiff1d_3
numba-cache,0,6.104199565015733e-05,0,numba.tests.test_np_functions.TestNPFunctions.test_setdiff1d_3
numba-cache,0,9.386699821334332e-05,0,numba.tests.test_np_functions.TestNPFunctions.test_setdiff1d_3
numba-cache,0,0.0001164260029327,0,numba.tests.test_np_functions.TestNPFunctions.test_setdiff1d_3
numba-cache,0,8.415899355895817e-05,0,numba.tests.test_np_functions.TestNPFunctions.test_setdiff1d_3
numba-cache,0,8.737199823372066e-05,0,numba.tests.test_np_functions.TestNPFunctions.test_setdiff1d_3
numba-cache,0,0.0001069979916792,0,numba.tests.test_np_functions.TestNPFunctions.test_setdiff1d_3
numba-cache,0,8.800099021755159e-05,0,numba.tests.test_np_functions.TestNPFunctions.test_setdiff1d_3
numba-cache,0,0.000115378992632,0,numba.tests.test_np_functions.TestNPFunctions.test_setdiff1d_3
numba-cache,0,0.0001177530066343,0,numba.tests.test_np_functions.TestNPFunctions.test_setdiff1d_3
numba-cache,0,8.394999895244837e-05,0,numba.tests.test_np_functions.TestNPFunctions.test_setdiff1d_3
numba-cache,0,0.0001001530035864,0,numba.tests.test_np_functions.TestNPFunctions.test_setdiff1d_3
numba-cache,0,8.995599637273699e-05,0,numba.tests.test_np_functions.TestNPFunctions.test_setdiff1d_3
numba-cache,0,8.381000952795148e-05,0,numba.tests.test_np_functions.TestNPFunctions.test_setdiff1d_3
numba-cache,0,0.0001403820060659,0,numba.tests.test_np_functions.TestNPFunctions.test_setdiff1d_3
numba-cache,0,8.583599992562085e-05,0,numba.tests.test_np_functions.TestNPFunctions.test_setdiff1d_3
numba-cache,0,6.858499546069652e-05,0,numba.tests.test_np_functions.TestNPFunctions.test_setdiff1d_3
numba-cache,0,8.283300849143416e-05,0,numba.tests.test_np_functions.TestNPFunctions.test_setdiff1d_3
numba-cache,0,0.0001177530066343,0,numba.tests.test_np_functions.TestNPFunctions.test_setdiff1d_3
numba-cache,0,7.710600038990378e-05,0,numba.tests.test_np_functions.TestNPFunctions.test_setdiff1d_3
numba-cache,0,8.576600521337241e-05,0,numba.tests.test_np_functions.TestNPFunctions.test_setdiff1d_3
numba-cache,0,8.339100168086588e-05,0,numba.tests.test_np_functions.TestNPFunctions.test_setdiff1d_3
numba-cache,0,5.9155994676984847e-05,0,numba.tests.test_np_functions.TestNPFunctions.test_setdiff1d_3
numba-cache,0,6.642000516876578e-05,0,numba.tests.test_np_functions.TestNPFunctions.test_setdiff1d_3
numba-cache,0,0.0001105600094888,0,numba.tests.test_np_functions.TestNPFunctions.test_setdiff1d_3
numba-cache,0,0.0001356329885311,0,numba.tests.test_np_functions.TestNPFunctions.test_setdiff1d_3
numba-cache,0,8.639400766696781e-05,0,numba.tests.test_np_functions.TestNPFunctions.test_setdiff1d_3
numba-cache,0,8.248300582636148e-05,0,numba.tests.test_np_functions.TestNPFunctions.test_setdiff1d_3
numba-cache,0,5.524500738829374e-05,0,numba.tests.test_np_functions.TestNPFunctions.test_setdiff1d_3
numba-cache,0,8.932800847105682e-05,0,numba.tests.test_np_functions.TestNPFunctions.test_setdiff1d_3
numba-cache,0,0.0001197090023197,0,numba.tests.test_np_functions.TestNPFunctions.test_setdiff1d_3
numba-cache,0,0.0001167759910458,0,numba.tests.test_np_functions.TestNPFunctions.test_setdiff1d_3
numba-cache,0,9.952498658094556e-05,0,numba.tests.test_np_functions.TestNPFunctions.test_setdiff1d_3
numba-cache,0,8.800100476946682e-05,0,numba.tests.test_np_functions.TestNPFunctions.test_setdiff1d_3
numba-cache,0,5.3288997150957584e-05,0,numba.tests.test_np_functions.TestNPFunctions.test_setdiff1d_3
numba-cache,0,0.6006525300035719,0,numba.tests.test_np_functions.TestNPFunctions.test_setdiff1d_3
numba-cache,0,5.852700269315392e-05,0,numba.tests.test_np_functions.TestNPFunctions.test_setdiff1d_3
numba-cache,0,4.1625986341387033e-05,0,numba.tests.test_np_functions.TestNPFunctions.test_setdiff1d_3
numba-cache,0,3.911100793629885e-05,0,numba.tests.test_np_functions.TestNPFunctions.test_setdiff1d_3
numba-cache,0,0.7092710459983209,0,numba.tests.test_np_functions.TestNPFunctions.test_setdiff1d_3
numba-cache,0,0.0001208960020449,0,numba.tests.test_np_functions.TestNPFunctions.test_setdiff1d_3
numba-cache,0,9.449599019717424e-05,0,numba.tests.test_np_functions.TestNPFunctions.test_setdiff1d_3
numba-cache,0,9.6871008281596e-05,0,numba.tests.test_np_functions.TestNPFunctions.test_setdiff1d_3
numba-cache,0,9.889599459711462e-05,0,numba.tests.test_np_functions.TestNPFunctions.test_setdiff1d_3
numba-cache,0,5.248536361992592,0,numba.tests.test_np_functions.TestNPFunctions.test_setdiff1d_3
numba-cache,0,4.623499989975244e-05,0,numba.tests.test_np_functions.TestNPFunctions.test_setdiff1d_3
numba-cache,0,5.531500210054219e-05,0,numba.tests.test_np_functions.TestNPFunctions.test_setdiff1d_3
numba-cache,0,3.666701377369464e-05,0,numba.tests.test_np_functions.TestNPFunctions.test_setdiff1d_3
numba-cache,0,4.113699833396822e-05,0,numba.tests.test_np_functions.TestNPFunctions.test_setdiff1d_3
numba-cache,0,3.540999023243785e-05,0,numba.tests.test_np_functions.TestNPFunctions.test_setdiff1d_3
numba-cache,0,4.106700362171978e-05,0,numba.tests.test_np_functions.TestNPFunctions.test_setdiff1d_3
numba-cache,0,7.833192819001852,0,numba.tests.test_np_functions.TestNPFunctions.test_setdiff1d_3
numba-cache,0,4.400000034365803e-05,0,numba.tests.test_np_functions.TestNPFunctions.test_setdiff1d_3
numba-cache,0,5.196299753151834e-05,0,numba.tests.test_np_functions.TestNPFunctions.test_setdiff1d_3
numba-cache,0,8.547993601008784,0,numba.tests.test_np_functions.TestNPFunctions.test_setdiff1d_3
numba-cache,0,0.0487776030058739,0,numba.tests.test_np_functions.TestNPFunctions.test_setdiff1d_3
numba-cache,0,4.183499549981207e-05,0,numba.tests.test_np_functions.TestNPFunctions.test_setdiff1d_3
numba-cache,0,4.00889985030517e-05,0,numba.tests.test_np_functions.TestNPFunctions.test_setdiff1d_3
numba-cache,0,0.1036024689965415,0,numba.tests.test_np_functions.TestNPFunctions.test_setdiff1d_3
numba-cache,0,0.0626844579965109,0,numba.tests.test_np_functions.TestNPFunctions.test_setdiff1d_3
numba-cache,0,5.3499010391533375e-05,0,numba.tests.test_np_functions.TestNPFunctions.test_setdiff1d_3
numba-cache,0,3.7086007068865e-05,0,numba.tests.test_np_functions.TestNPFunctions.test_setdiff1d_3
numba-cache,0,7.431200356222689e-05,0,numba.tests.test_np_functions.TestNPFunctions.test_setdiff1d_3
numba-cache,0,0.122936669999035,0,numba.tests.test_np_functions.TestNPFunctions.test_setdiff1d_3
numba-cache,0,0.0228148430032888,0,numba.tests.test_np_functions.TestNPFunctions.test_setdiff1d_3
numba-cache,0,3.7086007068865e-05,0,numba.tests.test_np_functions.TestNPFunctions.test_setdiff1d_3
numba-cache,0,5.063599382992834e-05,0,numba.tests.test_np_functions.TestNPFunctions.test_setdiff1d_3
numba-cache,0,0.0689811960037332,0,numba.tests.test_np_functions.TestNPFunctions.test_setdiff1d_3
numba-cache,0,0.0020103300048504,1,numba.tests.test_np_functions.TestNPFunctions.test_setdiff1d_3
numba-cache,0,4.805100616067648e-05,0,numba.tests.test_np_functions.TestNPFunctions.test_setdiff1d_3
numba-cache,0,5.063500429969281e-05,0,numba.tests.test_np_functions.TestNPFunctions.test_setdiff1d_3
numba-cache,0,0.0487879400025121,0,numba.tests.test_np_functions.TestNPFunctions.test_setdiff1d_3
numba-cache,0,0.0001222930004587,0,numba.tests.test_np_functions.TestNPFunctions.test_setdiff1d_3
numba-cache,0,0.0001586110010975,0,numba.tests.test_np_functions.TestNPFunctions.test_setdiff1d_3
numba-cache,0,0.1061723029997665,0,numba.tests.test_np_functions.TestNPFunctions.test_setdiff1d_3
numba-cache,0,5.391800368670374e-05,0,numba.tests.test_np_functions.TestNPFunctions.test_setdiff1d_3
numba-cache,0,5.091501225251705e-05,0,numba.tests.test_np_functions.TestNPFunctions.test_setdiff1d_3
numba-cache,0,0.0001823569909902,0,numba.tests.test_np_functions.TestNPFunctions.test_setdiff1d_3
numba-cache,0,0.1648518150032032,0,numba.tests.test_np_functions.TestNPFunctions.test_setdiff1d_3
numba-cache,0,0.000118730997201,0,numba.tests.test_np_functions.TestNPFunctions.test_setdiff1d_3
numba-cache,0,0.0035754179989453,1,numba.tests.test_np_functions.TestNPFunctions.test_setdiff1d_3
numba-cache,0,8.702299965079874e-05,0,numba.tests.test_np_functions.TestNPFunctions.test_setdiff1d_3
numba-cache,0,0.0001991890021599,0,numba.tests.test_np_functions.TestNPFunctions.test_setdiff1d_3
numba-cache,0,0.0001134929916588,0,numba.tests.test_np_functions.TestNPFunctions.test_setdiff1d_3
numba-cache,0,0.0001125859998865,0,numba.tests.test_np_functions.TestNPFunctions.test_setdiff1d_3
numba-cache,0,7.012099376879632e-05,0,numba.tests.test_np_functions.TestNPFunctions.test_setdiff1d_3
numba-cache,0,0.0887171990034403,0,numba.tests.test_np_functions.TestNPFunctions.test_setdiff1d_3
numba-cache,0,0.0002035890065599,0,numba.tests.test_np_functions.TestNPFunctions.test_setdiff1d_3
numba-cache,0,0.0001540709927212,0,numba.tests.test_np_functions.TestNPFunctions.test_setdiff1d_3
numba-cache,0,0.0812346839957172,0,numba.tests.test_np_functions.TestNPFunctions.test_setdiff1d_3
numba-cache,0,6.47429988021031e-05,0,numba.tests.test_np_functions.TestNPFunctions.test_setdiff1d_3
numba-cache,0,0.0292689370107837,0,numba.tests.test_np_functions.TestNPFunctions.test_setdiff1d_3
numba-cache,0,4.085800901520997e-05,0,numba.tests.test_np_functions.TestNPFunctions.test_setdiff1d_3
numba-cache,0,4.623499989975244e-05,0,numba.tests.test_np_functions.TestNPFunctions.test_setdiff1d_3
numba-cache,0,0.0299654699920211,0,numba.tests.test_np_functions.TestNPFunctions.test_setdiff1d_3
numba-cache,0,6.460401345975697e-05,0,numba.tests.test_np_functions.TestNPFunctions.test_setdiff1d_3
numba-cache,0,7.829300011508167e-05,0,numba.tests.test_np_functions.TestNPFunctions.test_setdiff1d_3
numba-cache,0,4.2323998059146106e-05,0,numba.tests.test_np_functions.TestNPFunctions.test_setdiff1d_3
numba-cache,0,3.3873002394102514e-05,0,numba.tests.test_np_functions.TestNPFunctions.test_setdiff1d_3
numba-cache,0,5.161299486644566e-05,0,numba.tests.test_np_functions.TestNPFunctions.test_setdiff1d_3
numba-cache,0,7.682599243707955e-05,0,numba.tests.test_np_functions.TestNPFunctions.test_setdiff1d_3
numba-cache,0,5.552399670705199e-05,0,numba.tests.test_np_functions.TestNPFunctions.test_setdiff1d_3
numba-cache,0,0.0001395449944538,0,numba.tests.test_np_functions.TestNPFunctions.test_setdiff1d_3
numba-cache,0,8.094699296634644e-05,0,numba.tests.test_np_functions.TestNPFunctions.test_setdiff1d_3
numba-cache,0,6.160000339150429e-05,0,numba.tests.test_np_functions.TestNPFunctions.test_setdiff1d_3
numba-cache,0,6.292799662332982e-05,0,numba.tests.test_np_functions.TestNPFunctions.test_setdiff1d_3
numba-cache,0,3.492100222501904e-05,0,numba.tests.test_np_functions.TestNPFunctions.test_setdiff1d_3
numba-cache,0,5.866699211765081e-05,0,numba.tests.test_np_functions.TestNPFunctions.test_setdiff1d_3
numba-cache,0,3.478101280052215e-05,0,numba.tests.test_np_functions.TestNPFunctions.test_setdiff1d_3
numba-cache,0,7.417199958581477e-05,0,numba.tests.test_np_functions.TestNPFunctions.test_setdiff1d_3
numba-cache,0,3.429199568927288e-05,0,numba.tests.test_np_functions.TestNPFunctions.test_setdiff1d_3
numba-cache,0,0.0001593100023455,0,numba.tests.test_np_functions.TestNPFunctions.test_setdiff1d_3
numba-cache,0,9.505500202067196e-05,0,numba.tests.test_np_functions.TestNPFunctions.test_setdiff1d_3
numba-cache,0,3.904200275428593e-05,0,numba.tests.test_np_functions.TestNPFunctions.test_setdiff1d_3
numba-cache,0,6.327700975816697e-05,0,numba.tests.test_np_functions.TestNPFunctions.test_setdiff1d_3
numba-cache,0,6.928299262654036e-05,0,numba.tests.test_np_functions.TestNPFunctions.test_setdiff1d_3
numba-cache,0,3.7784004234708846e-05,0,numba.tests.test_np_functions.TestNPFunctions.test_setdiff1d_3
numba-cache,0,8.485799480695277e-05,0,numba.tests.test_np_functions.TestNPFunctions.test_setdiff1d_3
numba-cache,0,3.918100264854729e-05,0,numba.tests.test_np_functions.TestNPFunctions.test_setdiff1d_3
numba-cache,0,5.098500696476549e-05,0,numba.tests.test_np_functions.TestNPFunctions.test_setdiff1d_3
numba-cache,0,0.0001250170025741,0,numba.tests.test_np_functions.TestNPFunctions.test_setdiff1d_3
numba-cache,0,0.0001046929974108,0,numba.tests.test_np_functions.TestNPFunctions.test_setdiff1d_3
numba-cache,0,4.700401041191071e-05,0,numba.tests.test_np_functions.TestNPFunctions.test_setdiff1d_3
numba-cache,0,6.243899406399578e-05,0,numba.tests.test_np_functions.TestNPFunctions.test_setdiff1d_3
numba-cache,0,3.429199568927288e-05,0,numba.tests.test_np_functions.TestNPFunctions.test_setdiff1d_3
numba-cache,0,9.875600517261772e-05,0,numba.tests.test_np_functions.TestNPFunctions.test_setdiff1d_3
numba-cache,0,6.565199873875827e-05,0,numba.tests.test_np_functions.TestNPFunctions.test_setdiff1d_3
numba-cache,0,9.142300405073912e-05,0,numba.tests.test_np_functions.TestNPFunctions.test_setdiff1d_3
numba-cache,0,6.774699431844056e-05,0,numba.tests.test_np_functions.TestNPFunctions.test_setdiff1d_3
numba-cache,0,0.3970244749943958,0,numba.tests.test_np_functions.TestNPFunctions.test_setdiff1d_3
numba-cache,0,4.44189936388284e-05,0,numba.tests.test_np_functions.TestNPFunctions.test_setdiff1d_3
numba-cache,0,0.0001188009919133,0,numba.tests.test_np_functions.TestNPFunctions.test_setdiff1d_3
numba-cache,0,0.0001528150023659,0,numba.tests.test_np_functions.TestNPFunctions.test_setdiff1d_3
numba-cache,0,6.579099863301963e-05,0,numba.tests.test_np_functions.TestNPFunctions.test_setdiff1d_3
numba-cache,0,8.68139904923737e-05,0,numba.tests.test_np_functions.TestNPFunctions.test_setdiff1d_3
numba-cache,0,6.495299749076366e-05,0,numba.tests.test_np_functions.TestNPFunctions.test_setdiff1d_3
numba-cache,0,7.396300497930497e-05,0,numba.tests.test_np_functions.TestNPFunctions.test_setdiff1d_3
numba-cache,0,5.363899981603026e-05,0,numba.tests.test_np_functions.TestNPFunctions.test_setdiff1d_3
numba-cache,0,4.400000034365803e-05,0,numba.tests.test_np_functions.TestNPFunctions.test_setdiff1d_3
numba-cache,0,0.0001489030109951,0,numba.tests.test_np_functions.TestNPFunctions.test_setdiff1d_3
numba-cache,0,0.0001030870043905,0,numba.tests.test_np_functions.TestNPFunctions.test_setdiff1d_3
numba-cache,0,0.2203755200025625,0,numba.tests.test_np_functions.TestNPFunctions.test_setdiff1d_3
numba-cache,0,9.247100388165563e-05,0,numba.tests.test_np_functions.TestNPFunctions.test_setdiff1d_3
numba-cache,0,0.0001158679951913,0,numba.tests.test_np_functions.TestNPFunctions.test_setdiff1d_3
numba-cache,0,8.76520061865449e-05,0,numba.tests.test_np_functions.TestNPFunctions.test_setdiff1d_3
numba-cache,0,7.71750055719167e-05,0,numba.tests.test_np_functions.TestNPFunctions.test_setdiff1d_3
numba-cache,0,4.525699478108436e-05,0,numba.tests.test_np_functions.TestNPFunctions.test_setdiff1d_3
numba-cache,0,9.107399091590196e-05,0,numba.tests.test_np_functions.TestNPFunctions.test_setdiff1d_3
numba-cache,0,8.765199163462967e-05,0,numba.tests.test_np_functions.TestNPFunctions.test_setdiff1d_3
numba-cache,0,0.90875572799996,0,numba.tests.test_np_functions.TestNPFunctions.test_setdiff1d_3
numba-cache,0,5.775901081506163e-05,0,numba.tests.test_np_functions.TestNPFunctions.test_setdiff1d_3
numba-cache,0,3.9391001337207854e-05,0,numba.tests.test_np_functions.TestNPFunctions.test_setdiff1d_3
numba-cache,0,1.0124393540027086,0,numba.tests.test_np_functions.TestNPFunctions.test_setdiff1d_3
numba-cache,0,0.0001530939916847,0,numba.tests.test_np_functions.TestNPFunctions.test_setdiff1d_3
numba-cache,0,0.0001566559949424,0,numba.tests.test_np_functions.TestNPFunctions.test_setdiff1d_3
numba-cache,0,1.2005435030005174,0,numba.tests.test_np_functions.TestNPFunctions.test_setdiff1d_3
numba-cache,0,4.658399848267436e-05,0,numba.tests.test_np_functions.TestNPFunctions.test_setdiff1d_3
numba-cache,0,8.094700751826167e-05,0,numba.tests.test_np_functions.TestNPFunctions.test_setdiff1d_3
numba-cache,0,0.0341770779923535,0,numba.tests.test_np_functions.TestNPFunctions.test_setdiff1d_3
numba-cache,0,4.2184998164884746e-05,0,numba.tests.test_np_functions.TestNPFunctions.test_setdiff1d_3
numba-cache,0,5.1055001677013934e-05,0,numba.tests.test_np_functions.TestNPFunctions.test_setdiff1d_3
numba-cache,0,9.6871008281596e-05,0,numba.tests.test_np_functions.TestNPFunctions.test_setdiff1d_3
numba-cache,0,1.6660805349965813,0,numba.tests.test_np_functions.TestNPFunctions.test_setdiff1d_3
numba-cache,0,4.637500387616456e-05,0,numba.tests.test_np_functions.TestNPFunctions.test_setdiff1d_3
numba-cache,0,3.90419882023707e-05,0,numba.tests.test_np_functions.TestNPFunctions.test_setdiff1d_3
numba-cache,0,0.0156956459977664,0,numba.tests.test_np_functions.TestNPFunctions.test_setdiff1d_3
numba-cache,0,4.532700404524803e-05,0,numba.tests.test_np_functions.TestNPFunctions.test_setdiff1d_3
numba-cache,0,3.806399763561785e-05,0,numba.tests.test_np_functions.TestNPFunctions.test_setdiff1d_3
numba-cache,0,6.753699562978e-05,0,numba.tests.test_np_functions.TestNPFunctions.test_setdiff1d_3
numba-cache,0,5.063599382992834e-05,0,numba.tests.test_np_functions.TestNPFunctions.test_setdiff1d_3
numba-cache,0,6.41149963485077e-05,0,numba.tests.test_np_functions.TestNPFunctions.test_setdiff1d_3
numba-cache,0,8.101601270027459e-05,0,numba.tests.test_np_functions.TestNPFunctions.test_setdiff1d_3
numba-cache,0,0.0001180330000352,0,numba.tests.test_np_functions.TestNPFunctions.test_setdiff1d_3
numba-cache,0,7.095899491105229e-05,0,numba.tests.test_np_functions.TestNPFunctions.test_setdiff1d_3
numba-cache,0,0.0467300470045302,0,numba.tests.test_np_functions.TestNPFunctions.test_setdiff1d_3
numba-cache,0,4.141699173487723e-05,0,numba.tests.test_np_functions.TestNPFunctions.test_setdiff1d_3
numba-cache,0,5.726999370381236e-05,0,numba.tests.test_np_functions.TestNPFunctions.test_setdiff1d_3
numba-cache,0,0.0001516260090284,0,numba.tests.test_np_functions.TestNPFunctions.test_setdiff1d_3
numba-cache,0,0.0001123760011978,0,numba.tests.test_np_functions.TestNPFunctions.test_setdiff1d_3
numba-cache,0,5.1404000259935856e-05,0,numba.tests.test_np_functions.TestNPFunctions.test_setdiff1d_3
numba-cache,0,9.044499893207104e-05,0,numba.tests.test_np_functions.TestNPFunctions.test_setdiff1d_3
numba-cache,0,6.390499765984714e-05,0,numba.tests.test_np_functions.TestNPFunctions.test_setdiff1d_3
numba-cache,0,5.629300721921027e-05,0,numba.tests.test_np_functions.TestNPFunctions.test_setdiff1d_3
numba-cache,0,6.579099863301963e-05,0,numba.tests.test_np_functions.TestNPFunctions.test_setdiff1d_3
numba-cache,0,4.71439998364076e-05,0,numba.tests.test_np_functions.TestNPFunctions.test_setdiff1d_3
numba-cache,0,6.250900332815945e-05,0,numba.tests.test_np_functions.TestNPFunctions.test_setdiff1d_3
numba-cache,0,7.528999412897974e-05,0,numba.tests.test_np_functions.TestNPFunctions.test_setdiff1d_3
numba-cache,0,9.568300447426736e-05,0,numba.tests.test_np_functions.TestNPFunctions.test_setdiff1d_3
numba-cache,0,9.491499804425985e-05,0,numba.tests.test_np_functions.TestNPFunctions.test_setdiff1d_3
numba-cache,0,8.394999895244837e-05,0,numba.tests.test_np_functions.TestNPFunctions.test_setdiff1d_3
numba-cache,0,4.574700142256916e-05,0,numba.tests.test_np_functions.TestNPFunctions.test_setdiff1d_3
numba-cache,0,0.054317884001648,0,numba.tests.test_np_functions.TestNPFunctions.test_setdiff1d_3
numba-cache,0,5.133400554768741e-05,0,numba.tests.test_np_functions.TestNPFunctions.test_setdiff1d_3
numba-cache,0,0.063418425997952,0,numba.tests.test_np_functions.TestNPFunctions.test_setdiff1d_3
numba-cache,0,5.517499812413007e-05,0,numba.tests.test_np_functions.TestNPFunctions.test_setdiff1d_3
numba-cache,0,4.295300459489226e-05,0,numba.tests.test_np_functions.TestNPFunctions.test_setdiff1d_3
numba-cache,0,3.5339995520189404e-05,0,numba.tests.test_np_functions.TestNPFunctions.test_setdiff1d_3
numba-cache,0,8.800100476946682e-05,0,numba.tests.test_np_functions.TestNPFunctions.test_setdiff1d_3
numba-cache,0,4.106700362171978e-05,0,numba.tests.test_np_functions.TestNPFunctions.test_setdiff1d_3
numba-cache,0,4.9937007133848965e-05,0,numba.tests.test_np_functions.TestNPFunctions.test_setdiff1d_3
numba-cache,0,7.054000161588192e-05,0,numba.tests.test_np_functions.TestNPFunctions.test_setdiff1d_3
numba-cache,0,5.182200402487069e-05,0,numba.tests.test_np_functions.TestNPFunctions.test_setdiff1d_3
numba-cache,0,4.120699304621667e-05,0,numba.tests.test_np_functions.TestNPFunctions.test_setdiff1d_3
numba-cache,0,0.0001004329969873,0,numba.tests.test_np_functions.TestNPFunctions.test_setdiff1d_3
numba-cache,0,6.669899448752403e-05,0,numba.tests.test_np_functions.TestNPFunctions.test_setdiff1d_3
numba-cache,0,3.387400647625327e-05,0,numba.tests.test_np_functions.TestNPFunctions.test_setdiff1d_3
numba-cache,0,7.019100303296e-05,0,numba.tests.test_np_functions.TestNPFunctions.test_setdiff1d_3
numba-cache,0,6.488300277851522e-05,0,numba.tests.test_np_functions.TestNPFunctions.test_setdiff1d_3
numba-cache,0,5.803800013381988e-05,0,numba.tests.test_np_functions.TestNPFunctions.test_setdiff1d_3
numba-cache,0,3.687699791043997e-05,0,numba.tests.test_np_functions.TestNPFunctions.test_setdiff1d_3
numba-cache,0,4.595599602907896e-05,0,numba.tests.test_np_functions.TestNPFunctions.test_setdiff1d_3
numba-cache,0,3.170799755025655e-05,0,numba.tests.test_np_functions.TestNPFunctions.test_setdiff1d_3
numba-cache,0,0.0001010609994409,0,numba.tests.test_np_functions.TestNPFunctions.test_setdiff1d_3
numba-cache,0,6.271799793466926e-05,0,numba.tests.test_np_functions.TestNPFunctions.test_setdiff1d_3
numba-cache,0,3.429199568927288e-05,0,numba.tests.test_np_functions.TestNPFunctions.test_setdiff1d_3
numba-cache,0,0.0001238289987668,0,numba.tests.test_np_functions.TestNPFunctions.test_setdiff1d_3
numba-cache,0,0.0001133540063165,0,numba.tests.test_np_functions.TestNPFunctions.test_setdiff1d_3
numba-cache,0,6.397500692401081e-05,0,numba.tests.test_np_functions.TestNPFunctions.test_setdiff1d_3
numba-cache,0,7.738498970866203e-05,0,numba.tests.test_np_functions.TestNPFunctions.test_setdiff1d_3
numba-cache,0,3.380299312993884e-05,0,numba.tests.test_np_functions.TestNPFunctions.test_setdiff1d_3
numba-cache,0,0.0001807509979698,0,numba.tests.test_np_functions.TestNPFunctions.test_setdiff1d_3
numba-cache,0,3.5828998079523444e-05,0,numba.tests.test_np_functions.TestNPFunctions.test_setdiff1d_3
numba-cache,0,3.701599780470133e-05,0,numba.tests.test_np_functions.TestNPFunctions.test_setdiff1d_3
numba-cache,0,3.2894997275434434e-05,0,numba.tests.test_np_functions.TestNPFunctions.test_setdiff1d_3
numba-cache,0,4.092699964530766e-05,0,numba.tests.test_np_functions.TestNPFunctions.test_setdiff1d_3
numba-cache,0,3.198700142093003e-05,0,numba.tests.test_np_functions.TestNPFunctions.test_setdiff1d_3
numba-cache,0,7.361300231423229e-05,0,numba.tests.test_np_functions.TestNPFunctions.test_setdiff1d_3
numba-cache,0,3.1916992156766355e-05,0,numba.tests.test_np_functions.TestNPFunctions.test_setdiff1d_3
numba-cache,0,4.665400774683803e-05,0,numba.tests.test_np_functions.TestNPFunctions.test_setdiff1d_3
numba-cache,0,4.609600000549108e-05,0,numba.tests.test_np_functions.TestNPFunctions.test_setdiff1d_3
numba-cache,0,0.2756730069959303,0,numba.tests.test_np_functions.TestNPFunctions.test_setdiff1d_3
numba-cache,0,5.3987998398952186e-05,0,numba.tests.test_np_functions.TestNPFunctions.test_setdiff1d_3
numba-cache,0,0.000120897006127,0,numba.tests.test_np_functions.TestNPFunctions.test_setdiff1d_3
numba-cache,0,9.435699030291288e-05,0,numba.tests.test_np_functions.TestNPFunctions.test_setdiff1d_3
numba-cache,0,9.051499364431947e-05,0,numba.tests.test_np_functions.TestNPFunctions.test_setdiff1d_3
numba-cache,0,0.0001083239912986,0,numba.tests.test_np_functions.TestNPFunctions.test_setdiff1d_3
numba-cache,0,8.869900193531066e-05,0,numba.tests.test_np_functions.TestNPFunctions.test_setdiff1d_3
numba-cache,0,0.000128298997879,0,numba.tests.test_np_functions.TestNPFunctions.test_setdiff1d_3
numba-cache,0,0.0001138420047936,0,numba.tests.test_np_functions.TestNPFunctions.test_setdiff1d_3
numba-cache,0,5.587399937212467e-05,0,numba.tests.test_np_functions.TestNPFunctions.test_setdiff1d_3
numba-cache,0,0.0001595890062162,0,numba.tests.test_np_functions.TestNPFunctions.test_setdiff1d_3
numba-cache,0,0.0001871069980552,0,numba.tests.test_np_functions.TestNPFunctions.test_setdiff1d_3
numba-cache,0,0.1339901339961215,0,numba.tests.test_np_functions.TestNPFunctions.test_setdiff1d_3
numba-cache,0,6.292799662332982e-05,0,numba.tests.test_np_functions.TestNPFunctions.test_setdiff1d_3
numba-cache,0,0.0001000839984044,0,numba.tests.test_np_functions.TestNPFunctions.test_setdiff1d_3
numba-cache,0,5.6222008424811065e-05,0,numba.tests.test_np_functions.TestNPFunctions.test_setdiff1d_3
numba-cache,0,0.0001049720012815,0,numba.tests.test_np_functions.TestNPFunctions.test_setdiff1d_3
numba-cache,0,4.867999814450741e-05,0,numba.tests.test_np_functions.TestNPFunctions.test_setdiff1d_3
numba-cache,0,0.0002117609983542,0,numba.tests.test_np_functions.TestNPFunctions.test_setdiff1d_3
numba-cache,0,9.784899884834886e-05,0,numba.tests.test_np_functions.TestNPFunctions.test_setdiff1d_3
numba-cache,0,0.8811495180125348,0,numba.tests.test_np_functions.TestNPFunctions.test_setdiff1d_3
numba-cache,0,0.0001932529994519,0,numba.tests.test_np_functions.TestNPFunctions.test_setdiff1d_3
numba-cache,0,0.0001852910063462,0,numba.tests.test_np_functions.TestNPFunctions.test_setdiff1d_3
numba-cache,0,1.0418960949900793,0,numba.tests.test_np_functions.TestNPFunctions.test_setdiff1d_3
numba-cache,0,7.410299440380186e-05,0,numba.tests.test_np_functions.TestNPFunctions.test_setdiff1d_3
numba-cache,0,6.153099820949137e-05,0,numba.tests.test_np_functions.TestNPFunctions.test_setdiff1d_3
numba-cache,0,8.534699736628681e-05,0,numba.tests.test_np_functions.TestNPFunctions.test_setdiff1d_3
numba-cache,0,8.744200749788433e-05,0,numba.tests.test_np_functions.TestNPFunctions.test_setdiff1d_3
numba-cache,0,0.0001019690098473,0,numba.tests.test_np_functions.TestNPFunctions.test_setdiff1d_3
numba-cache,0,0.0001235509989783,0,numba.tests.test_np_functions.TestNPFunctions.test_setdiff1d_3
numba-cache,0,0.0001069279969669,0,numba.tests.test_np_functions.TestNPFunctions.test_setdiff1d_3
numba-cache,0,2.3270915869943565,0,numba.tests.test_np_functions.TestNPFunctions.test_setdiff1d_3
numba-cache,0,7.878198812250048e-05,0,numba.tests.test_np_functions.TestNPFunctions.test_setdiff1d_3
numba-cache,0,6.020399450790137e-05,0,numba.tests.test_np_functions.TestNPFunctions.test_setdiff1d_3
numba-cache,0,4.665400774683803e-05,0,numba.tests.test_np_functions.TestNPFunctions.test_setdiff1d_3
numba-cache,0,5.4267002269625664e-05,0,numba.tests.test_np_functions.TestNPFunctions.test_setdiff1d_3
numba-cache,0,3.708599251694977e-05,0,numba.tests.test_np_functions.TestNPFunctions.test_setdiff1d_3
numba-cache,0,3.848300548270345e-05,0,numba.tests.test_np_functions.TestNPFunctions.test_setdiff1d_3
numba-cache,0,4.883950481002103,0,numba.tests.test_np_functions.TestNPFunctions.test_setdiff1d_3
numba-cache,0,5.9016994782723486e-05,0,numba.tests.test_np_functions.TestNPFunctions.test_setdiff1d_3
numba-cache,0,5.566400068346411e-05,0,numba.tests.test_np_functions.TestNPFunctions.test_setdiff1d_3
numba-cache,0,5.649856774994987,0,numba.tests.test_np_functions.TestNPFunctions.test_setdiff1d_3
numba-cache,0,0.0001087439886759,0,numba.tests.test_np_functions.TestNPFunctions.test_setdiff1d_3
numba-cache,0,5.063500429969281e-05,0,numba.tests.test_np_functions.TestNPFunctions.test_setdiff1d_3
numba-cache,0,4.9448004574514925e-05,0,numba.tests.test_np_functions.TestNPFunctions.test_setdiff1d_3
numba-cache,0,3.527000080794096e-05,0,numba.tests.test_np_functions.TestNPFunctions.test_setdiff1d_3
numba-cache,0,0.0001241790014319,0,numba.tests.test_np_functions.TestNPFunctions.test_setdiff1d_3
numba-cache,0,4.6653993194922805e-05,0,numba.tests.test_np_functions.TestNPFunctions.test_setdiff1d_3
numba-cache,0,5.671200051438064e-05,0,numba.tests.test_np_functions.TestNPFunctions.test_setdiff1d_3
numba-cache,0,0.0001038549962686,0,numba.tests.test_np_functions.TestNPFunctions.test_setdiff1d_3
numba-cache,0,6.25079992460087e-05,0,numba.tests.test_np_functions.TestNPFunctions.test_setdiff1d_3
numba-cache,0,5.6851000408642e-05,0,numba.tests.test_np_functions.TestNPFunctions.test_setdiff1d_3
numba-cache,0,4.70730010420084e-05,0,numba.tests.test_np_functions.TestNPFunctions.test_setdiff1d_3
numba-cache,0,5.238100129645318e-05,0,numba.tests.test_np_functions.TestNPFunctions.test_setdiff1d_3
numba-cache,0,0.050321463990258,0,numba.tests.test_np_functions.TestNPFunctions.test_setdiff1d_3
numba-cache,0,5.035600042901933e-05,0,numba.tests.test_np_functions.TestNPFunctions.test_setdiff1d_3
numba-cache,0,4.958698991686106e-05,0,numba.tests.test_np_functions.TestNPFunctions.test_setdiff1d_3
numba-cache,0,0.0001430369884474,0,numba.tests.test_np_functions.TestNPFunctions.test_setdiff1d_3
numba-cache,0,0.0001692969963187,0,numba.tests.test_np_functions.TestNPFunctions.test_setdiff1d_3
numba-cache,0,9.184199734590948e-05,0,numba.tests.test_np_functions.TestNPFunctions.test_setdiff1d_3
numba-cache,0,9.631199645809828e-05,0,numba.tests.test_np_functions.TestNPFunctions.test_setdiff1d_3
numba-cache,0,0.0001128650037571,0,numba.tests.test_np_functions.TestNPFunctions.test_setdiff1d_3
numba-cache,0,9.10740054678172e-05,0,numba.tests.test_np_functions.TestNPFunctions.test_setdiff1d_3
numba-cache,0,7.005099905654788e-05,0,numba.tests.test_np_functions.TestNPFunctions.test_setdiff1d_3
numba-cache,0,4.092798917554319e-05,0,numba.tests.test_np_functions.TestNPFunctions.test_setdiff1d_3
numba-cache,0,3.7645004340447485e-05,0,numba.tests.test_np_functions.TestNPFunctions.test_setdiff1d_3
numba-cache,0,4.0718005038797855e-05,0,numba.tests.test_np_functions.TestNPFunctions.test_setdiff1d_3
numba-cache,0,7.682599243707955e-05,0,numba.tests.test_np_functions.TestNPFunctions.test_setdiff1d_3
numba-cache,0,0.0001116079947678,0,numba.tests.test_np_functions.TestNPFunctions.test_setdiff1d_3
numba-cache,0,0.0001155190111603,0,numba.tests.test_np_functions.TestNPFunctions.test_setdiff1d_3
numba-cache,0,8.639499719720334e-05,0,numba.tests.test_np_functions.TestNPFunctions.test_setdiff1d_3
numba-cache,0,0.0001685289898887,0,numba.tests.test_np_functions.TestNPFunctions.test_setdiff1d_3
numba-cache,0,9.456599946133792e-05,0,numba.tests.test_np_functions.TestNPFunctions.test_setdiff1d_3
numba-cache,0,9.18420118978247e-05,0,numba.tests.test_np_functions.TestNPFunctions.test_setdiff1d_3
numba-cache,0,1.1210100750031415,0,numba.tests.test_np_functions.TestNPFunctions.test_setdiff1d_3
numba-cache,0,5.293999856803566e-05,0,numba.tests.test_np_functions.TestNPFunctions.test_setdiff1d_3
numba-cache,0,0.0001139820087701,0,numba.tests.test_np_functions.TestNPFunctions.test_setdiff1d_3
numba-cache,0,4.770200757775456e-05,0,numba.tests.test_np_functions.TestNPFunctions.test_setdiff1d_3
numba-cache,0,6.0623002354986966e-05,0,numba.tests.test_np_functions.TestNPFunctions.test_setdiff1d_3
numba-cache,0,3.820400161202997e-05,0,numba.tests.test_np_functions.TestNPFunctions.test_setdiff1d_3
numba-cache,0,4.00889985030517e-05,0,numba.tests.test_np_functions.TestNPFunctions.test_setdiff1d_3
numba-cache,0,1.926006203997531,0,numba.tests.test_np_functions.TestNPFunctions.test_setdiff1d_3
numba-cache,0,4.427999374456704e-05,0,numba.tests.test_np_functions.TestNPFunctions.test_setdiff1d_3
numba-cache,0,3.7645004340447485e-05,0,numba.tests.test_np_functions.TestNPFunctions.test_setdiff1d_3
numba-cache,0,2.679721378997783,0,numba.tests.test_np_functions.TestNPFunctions.test_setdiff1d_3
numba-cache,0,8.492798951920122e-05,0,numba.tests.test_np_functions.TestNPFunctions.test_setdiff1d_3
numba-cache,0,7.878198812250048e-05,0,numba.tests.test_np_functions.TestNPFunctions.test_setdiff1d_3
numba-cache,0,0.0001081860100384,0,numba.tests.test_np_functions.TestNPFunctions.test_setdiff1d_3
numba-cache,0,5.999401037115604e-05,0,numba.tests.test_np_functions.TestNPFunctions.test_setdiff1d_3
numba-cache,0,8.541700663045049e-05,0,numba.tests.test_np_functions.TestNPFunctions.test_setdiff1d_3
numba-cache,0,5.189199873711914e-05,0,numba.tests.test_np_functions.TestNPFunctions.test_setdiff1d_3
numba-cache,0,0.0001370300014968,0,numba.tests.test_np_functions.TestNPFunctions.test_setdiff1d_3
numba-cache,0,0.0001181729894597,0,numba.tests.test_np_functions.TestNPFunctions.test_setdiff1d_3
numba-cache,0,8.318100299220532e-05,0,numba.tests.test_np_functions.TestNPFunctions.test_setdiff1d_3
numba-cache,0,5.2799994591623545e-05,0,numba.tests.test_np_functions.TestNPFunctions.test_setdiff1d_3
numba-cache,0,7.738498970866203e-05,0,numba.tests.test_np_functions.TestNPFunctions.test_setdiff1d_3
numba-cache,0,6.488300277851522e-05,0,numba.tests.test_np_functions.TestNPFunctions.test_setdiff1d_3
numba-cache,0,0.0484486529894638,0,numba.tests.test_np_functions.TestNPFunctions.test_setdiff1d_3
numba-cache,0,5.1055001677013934e-05,0,numba.tests.test_np_functions.TestNPFunctions.test_setdiff1d_3
numba-cache,0,9.030599903780968e-05,0,numba.tests.test_np_functions.TestNPFunctions.test_setdiff1d_3
numba-cache,0,8.78610007930547e-05,0,numba.tests.test_np_functions.TestNPFunctions.test_setdiff1d_3
numba-cache,0,8.555600652471185e-05,0,numba.tests.test_np_functions.TestNPFunctions.test_setdiff1d_3
numba-cache,0,9.009600034914912e-05,0,numba.tests.test_np_functions.TestNPFunctions.test_setdiff1d_3
numba-cache,0,0.000131581997266,0,numba.tests.test_np_functions.TestNPFunctions.test_setdiff1d_3
numba-cache,0,8.953799260780215e-05,0,numba.tests.test_np_functions.TestNPFunctions.test_setdiff1d_3
numba-cache,0,7.689600170124322e-05,0,numba.tests.test_np_functions.TestNPFunctions.test_setdiff1d_3
numba-cache,0,8.108699694275856e-05,0,numba.tests.test_np_functions.TestNPFunctions.test_setdiff1d_3
numba-cache,0,4.476799222175032e-05,0,numba.tests.test_np_functions.TestNPFunctions.test_setdiff1d_3
numba-cache,0,4.630499461200088e-05,0,numba.tests.test_np_functions.TestNPFunctions.test_setdiff1d_3
numba-cache,0,3.610800195019692e-05,0,numba.tests.test_np_functions.TestNPFunctions.test_setdiff1d_3
numba-cache,0,7.857200398575515e-05,0,numba.tests.test_np_functions.TestNPFunctions.test_setdiff1d_3
numba-cache,0,0.0001526049891253,0,numba.tests.test_np_functions.TestNPFunctions.test_setdiff1d_3
numba-cache,0,8.290199912153184e-05,0,numba.tests.test_np_functions.TestNPFunctions.test_setdiff1d_3
numba-cache,0,8.709299436304718e-05,0,numba.tests.test_np_functions.TestNPFunctions.test_setdiff1d_3
numba-cache,0,8.178500866051763e-05,0,numba.tests.test_np_functions.TestNPFunctions.test_setdiff1d_3
numba-cache,0,6.495301204267889e-05,0,numba.tests.test_np_functions.TestNPFunctions.test_setdiff1d_3
numba-cache,0,0.0023672230017837,1,numba.tests.test_np_functions.TestNPFunctions.test_setdiff1d_3
numba-cache,0,7.151799218263477e-05,0,numba.tests.test_np_functions.TestNPFunctions.test_setdiff1d_3
numba-cache,0,0.0424499280052259,0,numba.tests.test_np_functions.TestNPFunctions.test_setdiff1d_3
numba-cache,0,0.0001556780043756,0,numba.tests.test_np_functions.TestNPFunctions.test_setdiff1d_3
numba-cache,0,0.0001032260042848,0,numba.tests.test_np_functions.TestNPFunctions.test_setdiff1d_3
numba-cache,0,7.473099685739726e-05,0,numba.tests.test_np_functions.TestNPFunctions.test_setdiff1d_3
numba-cache,0,9.093400149140508e-05,0,numba.tests.test_np_functions.TestNPFunctions.test_setdiff1d_3
numba-cache,0,0.0001256459945579,0,numba.tests.test_np_functions.TestNPFunctions.test_setdiff1d_3
numba-cache,0,0.0001286480110138,0,numba.tests.test_np_functions.TestNPFunctions.test_setdiff1d_3
numba-cache,0,9.2889997176826e-05,0,numba.tests.test_np_functions.TestNPFunctions.test_setdiff1d_3
numba-cache,0,0.0001485539978602,0,numba.tests.test_np_functions.TestNPFunctions.test_setdiff1d_3
numba-cache,0,0.000156934998813,0,numba.tests.test_np_functions.TestNPFunctions.test_setdiff1d_3
numba-cache,0,8.800100476946682e-05,0,numba.tests.test_np_functions.TestNPFunctions.test_setdiff1d_3
numba-cache,0,9.491499804425985e-05,0,numba.tests.test_np_functions.TestNPFunctions.test_setdiff1d_3
numba-cache,0,0.0001019699993776,0,numba.tests.test_np_functions.TestNPFunctions.test_setdiff1d_3
numba-cache,0,8.15050007076934e-05,0,numba.tests.test_np_functions.TestNPFunctions.test_setdiff1d_3
numba-cache,0,5.273100396152586e-05,0,numba.tests.test_np_functions.TestNPFunctions.test_setdiff1d_3
numba-cache,0,8.436900679953396e-05,0,numba.tests.test_np_functions.TestNPFunctions.test_setdiff1d_3
numba-cache,0,8.199398871511221e-05,0,numba.tests.test_np_functions.TestNPFunctions.test_setdiff1d_3
numba-cache,0,4.881899803876877e-05,0,numba.tests.test_np_functions.TestNPFunctions.test_setdiff1d_3
numba-cache,0,8.91880044946447e-05,0,numba.tests.test_np_functions.TestNPFunctions.test_setdiff1d_3
numba-cache,0,0.0001302550081163,0,numba.tests.test_np_functions.TestNPFunctions.test_setdiff1d_3
numba-cache,0,0.0001376580039504,0,numba.tests.test_np_functions.TestNPFunctions.test_setdiff1d_3
numba-cache,0,8.143499144352973e-05,0,numba.tests.test_np_functions.TestNPFunctions.test_setdiff1d_3
numba-cache,0,8.71619995450601e-05,0,numba.tests.test_np_functions.TestNPFunctions.test_setdiff1d_3
numba-cache,0,8.304200309794396e-05,0,numba.tests.test_np_functions.TestNPFunctions.test_setdiff1d_3
numba-cache,0,9.303000115323812e-05,0,numba.tests.test_np_functions.TestNPFunctions.test_setdiff1d_3
numba-cache,0,0.0001056009932653,0,numba.tests.test_np_functions.TestNPFunctions.test_setdiff1d_3
numba-cache,0,5.901600525248796e-05,0,numba.tests.test_np_functions.TestNPFunctions.test_setdiff1d_3
numba-cache,0,9.016599506139757e-05,0,numba.tests.test_np_functions.TestNPFunctions.test_setdiff1d_3
numba-cache,0,8.814100874587893e-05,0,numba.tests.test_np_functions.TestNPFunctions.test_setdiff1d_3
numba-cache,0,8.394999895244837e-05,0,numba.tests.test_np_functions.TestNPFunctions.test_setdiff1d_3
numba-cache,0,9.267999848816544e-05,0,numba.tests.test_np_functions.TestNPFunctions.test_setdiff1d_3
numba-cache,0,0.0001005029916996,0,numba.tests.test_np_functions.TestNPFunctions.test_setdiff1d_3
numba-cache,0,7.256600656546652e-05,0,numba.tests.test_np_functions.TestNPFunctions.test_setdiff1d_3
numba-cache,0,0.0001696469989838,0,numba.tests.test_np_functions.TestNPFunctions.test_setdiff1d_3
numba-cache,0,0.0001014099980238,0,numba.tests.test_np_functions.TestNPFunctions.test_setdiff1d_3
numba-cache,0,8.136499673128128e-05,0,numba.tests.test_np_functions.TestNPFunctions.test_setdiff1d_3
numba-cache,0,8.869898738339543e-05,0,numba.tests.test_np_functions.TestNPFunctions.test_setdiff1d_3
numba-cache,0,0.0001293470122618,0,numba.tests.test_np_functions.TestNPFunctions.test_setdiff1d_3
numba-cache,0,0.000118313007988,0,numba.tests.test_np_functions.TestNPFunctions.test_setdiff1d_3
numba-cache,0,8.388099377043545e-05,0,numba.tests.test_np_functions.TestNPFunctions.test_setdiff1d_3
numba-cache,0,9.959399176295848e-05,0,numba.tests.test_np_functions.TestNPFunctions.test_setdiff1d_3
numba-cache,0,8.555599197279662e-05,0,numba.tests.test_np_functions.TestNPFunctions.test_setdiff1d_3
numba-cache,0,8.541600254829973e-05,0,numba.tests.test_np_functions.TestNPFunctions.test_setdiff1d_3
numba-cache,0,8.353099110536277e-05,0,numba.tests.test_np_functions.TestNPFunctions.test_setdiff1d_3
numba-cache,0,8.276299922727048e-05,0,numba.tests.test_np_functions.TestNPFunctions.test_setdiff1d_3
numba-cache,0,8.723199425730854e-05,0,numba.tests.test_np_functions.TestNPFunctions.test_setdiff1d_3
numba-cache,0,8.960699778981507e-05,0,numba.tests.test_np_functions.TestNPFunctions.test_setdiff1d_3
numba-cache,0,9.973399573937058e-05,0,numba.tests.test_np_functions.TestNPFunctions.test_setdiff1d_3
numba-cache,0,0.0001215940137626,0,numba.tests.test_np_functions.TestNPFunctions.test_setdiff1d_3
numba-cache,0,7.975900371093303e-05,0,numba.tests.test_np_functions.TestNPFunctions.test_setdiff1d_3
numba-cache,0,5.9644997236318886e-05,0,numba.tests.test_np_functions.TestNPFunctions.test_setdiff1d_3
numba-cache,0,0.6468364799948176,0,numba.tests.test_np_functions.TestNPFunctions.test_setdiff1d_3
numba-cache,0,0.0001021789939841,0,numba.tests.test_np_functions.TestNPFunctions.test_setdiff1d_3
numba-cache,0,0.0001315119880018,0,numba.tests.test_np_functions.TestNPFunctions.test_setdiff1d_3
numba-cache,0,8.422900282312185e-05,0,numba.tests.test_np_functions.TestNPFunctions.test_setdiff1d_3
numba-cache,0,0.7723295879986836,0,numba.tests.test_np_functions.TestNPFunctions.test_setdiff1d_3
numba-cache,0,9.344899444840848e-05,0,numba.tests.test_np_functions.TestNPFunctions.test_setdiff1d_3
numba-cache,0,0.0001129339943872,0,numba.tests.test_np_functions.TestNPFunctions.test_setdiff1d_3
numba-cache,0,0.0001156579965027,0,numba.tests.test_np_functions.TestNPFunctions.test_setdiff1d_3
numba-cache,0,0.000138217001222,0,numba.tests.test_np_functions.TestNPFunctions.test_setdiff1d_3
numba-cache,0,2.0411508319957647,0,numba.tests.test_np_functions.TestNPFunctions.test_setdiff1d_3
numba-cache,0,5.678099114447832e-05,0,numba.tests.test_np_functions.TestNPFunctions.test_setdiff1d_3
numba-cache,0,6.467399362009019e-05,0,numba.tests.test_np_functions.TestNPFunctions.test_setdiff1d_3
numba-cache,0,3.862199082504958e-05,0,numba.tests.test_np_functions.TestNPFunctions.test_setdiff1d_3
numba-cache,0,7.116798951756209e-05,0,numba.tests.test_np_functions.TestNPFunctions.test_setdiff1d_3
numba-cache,0,3.51310009136796e-05,0,numba.tests.test_np_functions.TestNPFunctions.test_setdiff1d_3
numba-cache,0,4.71439998364076e-05,0,numba.tests.test_np_functions.TestNPFunctions.test_setdiff1d_3
numba-cache,0,2.7026739550055936,0,numba.tests.test_np_functions.TestNPFunctions.test_setdiff1d_3
numba-cache,0,5.1682989578694105e-05,0,numba.tests.test_np_functions.TestNPFunctions.test_setdiff1d_3
numba-cache,0,3.757499507628381e-05,0,numba.tests.test_np_functions.TestNPFunctions.test_setdiff1d_3
numba-cache,0,3.378701640001964,0,numba.tests.test_np_functions.TestNPFunctions.test_setdiff1d_3
numba-cache,0,0.0001931820006575,0,numba.tests.test_np_functions.TestNPFunctions.test_setdiff1d_3
numba-cache,0,0.0001064389944076,0,numba.tests.test_np_functions.TestNPFunctions.test_setdiff1d_3
numba-cache,0,0.0001602170086698,0,numba.tests.test_np_functions.TestNPFunctions.test_setdiff1d_3
numba-cache,0,0.0001244590093847,0,numba.tests.test_np_functions.TestNPFunctions.test_setdiff1d_3
numba-cache,0,7.235701195895672e-05,0,numba.tests.test_np_functions.TestNPFunctions.test_setdiff1d_3
numba-cache,0,5.014700582250953e-05,0,numba.tests.test_np_functions.TestNPFunctions.test_setdiff1d_3
numba-cache,0,3.5339995520189404e-05,0,numba.tests.test_np_functions.TestNPFunctions.test_setdiff1d_3
numba-cache,0,3.9530001231469214e-05,0,numba.tests.test_np_functions.TestNPFunctions.test_setdiff1d_3
numba-cache,0,3.3383999834768474e-05,0,numba.tests.test_np_functions.TestNPFunctions.test_setdiff1d_3
numba-cache,0,3.680700319819152e-05,0,numba.tests.test_np_functions.TestNPFunctions.test_setdiff1d_3
numba-cache,0,0.6833746379998047,0,numba.tests.test_np_functions.TestNPFunctions.test_setdiff1d_3
numba-cache,0,5.035600042901933e-05,0,numba.tests.test_np_functions.TestNPFunctions.test_setdiff1d_3
numba-cache,0,4.197499947622418e-05,0,numba.tests.test_np_functions.TestNPFunctions.test_setdiff1d_3
numba-cache,0,1.311353026991128,0,numba.tests.test_np_functions.TestNPFunctions.test_setdiff1d_3
numba-cache,1,0.056912193991593,1,numba.tests.test_np_functions.TestNPFunctions.test_setdiff1d_3
numba-cache,1,0.0027260679926257,1,numba.tests.test_np_functions.TestNPFunctions.test_setdiff1d_3
numba-cache,1,0.0160045459924731,1,numba.tests.test_np_functions.TestNPFunctions.test_setdiff1d_3
numba-cache,1,0.0024713549937587,1,numba.tests.test_np_functions.TestNPFunctions.test_setdiff1d_3
numba-cache,1,0.0026267530047334,1,numba.tests.test_np_functions.TestNPFunctions.test_setdiff1d_3
numba-cache,1,0.0020991670025978,1,numba.tests.test_np_functions.TestNPFunctions.test_setdiff1d_3
numba-cache,1,0.0026143209979636,1,numba.tests.test_np_functions.TestNPFunctions.test_setdiff1d_3
numba-cache,1,0.0197917920013424,1,numba.tests.test_np_functions.TestNPFunctions.test_setdiff1d_3
numba-cache,1,0.0189606740023009,1,numba.tests.test_np_functions.TestNPFunctions.test_setdiff1d_3
numba-cache,1,0.0157629629975417,1,numba.tests.test_np_functions.TestNPFunctions.test_setdiff1d_3
numba-cache,1,0.0155692919943248,1,numba.tests.test_np_functions.TestNPFunctions.test_setdiff1d_3
numba-nocache,0,0.0501374669984215,0,numba.tests.test_np_functions.TestNPFunctions.test_setdiff1d_3
numba-nocache,0,4.5398002839647233e-05,0,numba.tests.test_np_functions.TestNPFunctions.test_setdiff1d_3
numba-nocache,0,9.163300273939969e-05,0,numba.tests.test_np_functions.TestNPFunctions.test_setdiff1d_3
numba-nocache,0,0.1480380480061285,0,numba.tests.test_np_functions.TestNPFunctions.test_setdiff1d_3
numba-nocache,0,0.0197177049994934,0,numba.tests.test_np_functions.TestNPFunctions.test_setdiff1d_3
numba-nocache,0,4.365100176073611e-05,0,numba.tests.test_np_functions.TestNPFunctions.test_setdiff1d_3
numba-nocache,0,4.337199789006263e-05,0,numba.tests.test_np_functions.TestNPFunctions.test_setdiff1d_3
numba-nocache,0,0.0597384620050434,0,numba.tests.test_np_functions.TestNPFunctions.test_setdiff1d_3
numba-nocache,0,0.0219464389956556,0,numba.tests.test_np_functions.TestNPFunctions.test_setdiff1d_3
numba-nocache,0,4.337199789006263e-05,0,numba.tests.test_np_functions.TestNPFunctions.test_setdiff1d_3
numba-nocache,0,0.027327221003361,0,numba.tests.test_np_functions.TestNPFunctions.test_setdiff1d_3
numba-nocache,0,4.015900776721537e-05,0,numba.tests.test_np_functions.TestNPFunctions.test_setdiff1d_3
numba-nocache,0,7.989899313542992e-05,0,numba.tests.test_np_functions.TestNPFunctions.test_setdiff1d_3
numba-nocache,0,8.325200178660452e-05,0,numba.tests.test_np_functions.TestNPFunctions.test_setdiff1d_3
numba-nocache,0,0.0825643549906089,0,numba.tests.test_np_functions.TestNPFunctions.test_setdiff1d_3
numba-nocache,0,4.386100044939667e-05,0,numba.tests.test_np_functions.TestNPFunctions.test_setdiff1d_3
numba-nocache,0,6.837600085418671e-05,0,numba.tests.test_np_functions.TestNPFunctions.test_setdiff1d_3
numba-nocache,0,4.1835010051727295e-05,0,numba.tests.test_np_functions.TestNPFunctions.test_setdiff1d_3
numba-nocache,0,0.0002005870046559,0,numba.tests.test_np_functions.TestNPFunctions.test_setdiff1d_3
numba-nocache,0,7.689600170124322e-05,0,numba.tests.test_np_functions.TestNPFunctions.test_setdiff1d_3
numba-nocache,0,0.1571500080026453,0,numba.tests.test_np_functions.TestNPFunctions.test_setdiff1d_3
numba-nocache,0,4.113699833396822e-05,0,numba.tests.test_np_functions.TestNPFunctions.test_setdiff1d_3
numba-nocache,0,3.610900603234768e-05,0,numba.tests.test_np_functions.TestNPFunctions.test_setdiff1d_3
numba-nocache,0,0.06275871800608,0,numba.tests.test_np_functions.TestNPFunctions.test_setdiff1d_3
numba-nocache,0,3.9601000025868416e-05,0,numba.tests.test_np_functions.TestNPFunctions.test_setdiff1d_3
numba-nocache,0,0.0232642910123104,0,numba.tests.test_np_functions.TestNPFunctions.test_setdiff1d_3
numba-nocache,0,4.19060088461265e-05,0,numba.tests.test_np_functions.TestNPFunctions.test_setdiff1d_3
numba-nocache,0,4.1207007598131895e-05,0,numba.tests.test_np_functions.TestNPFunctions.test_setdiff1d_3
numba-nocache,0,0.0316208389995154,0,numba.tests.test_np_functions.TestNPFunctions.test_setdiff1d_3
numba-nocache,0,4.567699215840548e-05,0,numba.tests.test_np_functions.TestNPFunctions.test_setdiff1d_3
numba-nocache,0,8.814100874587893e-05,0,numba.tests.test_np_functions.TestNPFunctions.test_setdiff1d_3
numba-nocache,0,4.14160022046417e-05,0,numba.tests.test_np_functions.TestNPFunctions.test_setdiff1d_3
numba-nocache,0,3.519999154377729e-05,0,numba.tests.test_np_functions.TestNPFunctions.test_setdiff1d_3
numba-nocache,0,4.3302003177814186e-05,0,numba.tests.test_np_functions.TestNPFunctions.test_setdiff1d_3
numba-nocache,0,3.5759003367275e-05,0,numba.tests.test_np_functions.TestNPFunctions.test_setdiff1d_3
numba-nocache,0,3.5689998185262084e-05,0,numba.tests.test_np_functions.TestNPFunctions.test_setdiff1d_3
numba-nocache,0,0.0001141219981946,0,numba.tests.test_np_functions.TestNPFunctions.test_setdiff1d_3
numba-nocache,0,8.19950073491782e-05,0,numba.tests.test_np_functions.TestNPFunctions.test_setdiff1d_3
numba-nocache,0,3.932199615519494e-05,0,numba.tests.test_np_functions.TestNPFunctions.test_setdiff1d_3
numba-nocache,0,6.71880115987733e-05,0,numba.tests.test_np_functions.TestNPFunctions.test_setdiff1d_3
numba-nocache,0,5.098500696476549e-05,0,numba.tests.test_np_functions.TestNPFunctions.test_setdiff1d_3
numba-nocache,0,6.313799531199038e-05,0,numba.tests.test_np_functions.TestNPFunctions.test_setdiff1d_3
numba-nocache,0,3.4850992960855365e-05,0,numba.tests.test_np_functions.TestNPFunctions.test_setdiff1d_3
numba-nocache,0,8.842100214678794e-05,0,numba.tests.test_np_functions.TestNPFunctions.test_setdiff1d_3
numba-nocache,0,3.750500036403537e-05,0,numba.tests.test_np_functions.TestNPFunctions.test_setdiff1d_3
numba-nocache,0,8.464799611829221e-05,0,numba.tests.test_np_functions.TestNPFunctions.test_setdiff1d_3
numba-nocache,0,8.841999806463718e-05,0,numba.tests.test_np_functions.TestNPFunctions.test_setdiff1d_3
numba-nocache,0,8.78610007930547e-05,0,numba.tests.test_np_functions.TestNPFunctions.test_setdiff1d_3
numba-nocache,0,7.675700180698186e-05,0,numba.tests.test_np_functions.TestNPFunctions.test_setdiff1d_3
numba-nocache,0,3.750500036403537e-05,0,numba.tests.test_np_functions.TestNPFunctions.test_setdiff1d_3
numba-nocache,0,3.81339923478663e-05,0,numba.tests.test_np_functions.TestNPFunctions.test_setdiff1d_3
numba-nocache,0,8.29030032036826e-05,0,numba.tests.test_np_functions.TestNPFunctions.test_setdiff1d_3
numba-nocache,0,7.326500781346112e-05,0,numba.tests.test_np_functions.TestNPFunctions.test_setdiff1d_3
numba-nocache,0,3.7645004340447485e-05,0,numba.tests.test_np_functions.TestNPFunctions.test_setdiff1d_3
numba-nocache,0,5.391798913478851e-05,0,numba.tests.test_np_functions.TestNPFunctions.test_setdiff1d_3
numba-nocache,0,0.0001178239908767,0,numba.tests.test_np_functions.TestNPFunctions.test_setdiff1d_3
numba-nocache,0,3.527000080794096e-05,0,numba.tests.test_np_functions.TestNPFunctions.test_setdiff1d_3
numba-nocache,0,5.782900552731007e-05,0,numba.tests.test_np_functions.TestNPFunctions.test_setdiff1d_3
numba-nocache,0,3.862199082504958e-05,0,numba.tests.test_np_functions.TestNPFunctions.test_setdiff1d_3
numba-nocache,0,7.899200136307627e-05,0,numba.tests.test_np_functions.TestNPFunctions.test_setdiff1d_3
numba-nocache,0,6.250900332815945e-05,0,numba.tests.test_np_functions.TestNPFunctions.test_setdiff1d_3
numba-nocache,0,9.770900942385195e-05,0,numba.tests.test_np_functions.TestNPFunctions.test_setdiff1d_3
numba-nocache,0,3.820400161202997e-05,0,numba.tests.test_np_functions.TestNPFunctions.test_setdiff1d_3
numba-nocache,0,0.3617781729990383,0,numba.tests.test_np_functions.TestNPFunctions.test_setdiff1d_3
numba-nocache,0,4.679399717133492e-05,0,numba.tests.test_np_functions.TestNPFunctions.test_setdiff1d_3
numba-nocache,0,8.897899533621967e-05,0,numba.tests.test_np_functions.TestNPFunctions.test_setdiff1d_3
numba-nocache,0,5.3288997150957584e-05,0,numba.tests.test_np_functions.TestNPFunctions.test_setdiff1d_3
numba-nocache,0,3.624799137469381e-05,0,numba.tests.test_np_functions.TestNPFunctions.test_setdiff1d_3
numba-nocache,0,7.200699474196881e-05,0,numba.tests.test_np_functions.TestNPFunctions.test_setdiff1d_3
numba-nocache,0,3.897100395988673e-05,0,numba.tests.test_np_functions.TestNPFunctions.test_setdiff1d_3
numba-nocache,0,0.000107347004814,0,numba.tests.test_np_functions.TestNPFunctions.test_setdiff1d_3
numba-nocache,0,6.397599645424634e-05,0,numba.tests.test_np_functions.TestNPFunctions.test_setdiff1d_3
numba-nocache,0,3.51310009136796e-05,0,numba.tests.test_np_functions.TestNPFunctions.test_setdiff1d_3
numba-nocache,0,7.333401299547404e-05,0,numba.tests.test_np_functions.TestNPFunctions.test_setdiff1d_3
numba-nocache,0,3.4711993066594005e-05,0,numba.tests.test_np_functions.TestNPFunctions.test_setdiff1d_3
numba-nocache,0,0.1679849049978656,0,numba.tests.test_np_functions.TestNPFunctions.test_setdiff1d_3
numba-nocache,0,4.2325002141296864e-05,0,numba.tests.test_np_functions.TestNPFunctions.test_setdiff1d_3
numba-nocache,0,4.763300239574164e-05,0,numba.tests.test_np_functions.TestNPFunctions.test_setdiff1d_3
numba-nocache,0,7.640798867214471e-05,0,numba.tests.test_np_functions.TestNPFunctions.test_setdiff1d_3
numba-nocache,0,0.0001018999901134,0,numba.tests.test_np_functions.TestNPFunctions.test_setdiff1d_3
numba-nocache,0,4.6164990635588765e-05,0,numba.tests.test_np_functions.TestNPFunctions.test_setdiff1d_3
numba-nocache,0,7.389301026705652e-05,0,numba.tests.test_np_functions.TestNPFunctions.test_setdiff1d_3
numba-nocache,0,0.0001011309941532,0,numba.tests.test_np_functions.TestNPFunctions.test_setdiff1d_3
numba-nocache,0,0.7937364940007683,0,numba.tests.test_np_functions.TestNPFunctions.test_setdiff1d_3
numba-nocache,0,4.183599958196282e-05,0,numba.tests.test_np_functions.TestNPFunctions.test_setdiff1d_3
numba-nocache,0,4.400000034365803e-05,0,numba.tests.test_np_functions.TestNPFunctions.test_setdiff1d_3
numba-nocache,0,0.8879704300052254,0,numba.tests.test_np_functions.TestNPFunctions.test_setdiff1d_3
numba-nocache,0,0.0001595189969521,0,numba.tests.test_np_functions.TestNPFunctions.test_setdiff1d_3
numba-nocache,0,0.0001404520007781,0,numba.tests.test_np_functions.TestNPFunctions.test_setdiff1d_3
numba-nocache,0,1.0652903009904549,0,numba.tests.test_np_functions.TestNPFunctions.test_setdiff1d_3
numba-nocache,0,3.9739999920129776e-05,0,numba.tests.test_np_functions.TestNPFunctions.test_setdiff1d_3
numba-nocache,0,8.171499939635396e-05,0,numba.tests.test_np_functions.TestNPFunctions.test_setdiff1d_3
numba-nocache,0,0.0308975530060706,0,numba.tests.test_np_functions.TestNPFunctions.test_setdiff1d_3
numba-nocache,0,4.393099516164512e-05,0,numba.tests.test_np_functions.TestNPFunctions.test_setdiff1d_3
numba-nocache,0,6.201899668667465e-05,0,numba.tests.test_np_functions.TestNPFunctions.test_setdiff1d_3
numba-nocache,0,0.0001385670038871,0,numba.tests.test_np_functions.TestNPFunctions.test_setdiff1d_3
numba-nocache,0,1.587259271997027,0,numba.tests.test_np_functions.TestNPFunctions.test_setdiff1d_3
numba-nocache,0,5.3428986575454473e-05,0,numba.tests.test_np_functions.TestNPFunctions.test_setdiff1d_3
numba-nocache,0,9.17730067158118e-05,0,numba.tests.test_np_functions.TestNPFunctions.test_setdiff1d_3
numba-nocache,0,0.0142388649983331,0,numba.tests.test_np_functions.TestNPFunctions.test_setdiff1d_3
numba-nocache,0,4.923899541608989e-05,0,numba.tests.test_np_functions.TestNPFunctions.test_setdiff1d_3
numba-nocache,0,6.530199607368559e-05,0,numba.tests.test_np_functions.TestNPFunctions.test_setdiff1d_3
numba-nocache,0,0.0455815919995075,0,numba.tests.test_np_functions.TestNPFunctions.test_setdiff1d_3
numba-nocache,0,4.197499947622418e-05,0,numba.tests.test_np_functions.TestNPFunctions.test_setdiff1d_3
numba-nocache,0,8.869999146554619e-05,0,numba.tests.test_np_functions.TestNPFunctions.test_setdiff1d_3
numba-nocache,0,0.0964964729937492,0,numba.tests.test_np_functions.TestNPFunctions.test_setdiff1d_3
numba-nocache,0,4.476901085581631e-05,0,numba.tests.test_np_functions.TestNPFunctions.test_setdiff1d_3
numba-nocache,0,7.829300011508167e-05,0,numba.tests.test_np_functions.TestNPFunctions.test_setdiff1d_3
numba-nocache,0,0.0400583330047084,0,numba.tests.test_np_functions.TestNPFunctions.test_setdiff1d_3
numba-nocache,0,3.904200275428593e-05,0,numba.tests.test_np_functions.TestNPFunctions.test_setdiff1d_3
numba-nocache,0,4.567700671032071e-05,0,numba.tests.test_np_functions.TestNPFunctions.test_setdiff1d_3
numba-nocache,0,3.576000744942576e-05,0,numba.tests.test_np_functions.TestNPFunctions.test_setdiff1d_3
numba-nocache,0,8.29030032036826e-05,0,numba.tests.test_np_functions.TestNPFunctions.test_setdiff1d_3
numba-nocache,0,0.0816559170052642,0,numba.tests.test_np_functions.TestNPFunctions.test_setdiff1d_3
numba-nocache,0,3.9391001337207854e-05,0,numba.tests.test_np_functions.TestNPFunctions.test_setdiff1d_3
numba-nocache,0,0.0394926810113247,0,numba.tests.test_np_functions.TestNPFunctions.test_setdiff1d_3
numba-nocache,0,4.141598765272647e-05,0,numba.tests.test_np_functions.TestNPFunctions.test_setdiff1d_3
numba-nocache,0,0.0460418519942322,0,numba.tests.test_np_functions.TestNPFunctions.test_setdiff1d_3
numba-nocache,0,3.9601000025868416e-05,0,numba.tests.test_np_functions.TestNPFunctions.test_setdiff1d_3
numba-nocache,0,8.290199912153184e-05,0,numba.tests.test_np_functions.TestNPFunctions.test_setdiff1d_3
numba-nocache,0,0.1119677740061888,0,numba.tests.test_np_functions.TestNPFunctions.test_setdiff1d_3
numba-nocache,0,4.14870009990409e-05,0,numba.tests.test_np_functions.TestNPFunctions.test_setdiff1d_3
numba-nocache,0,0.0349009769997792,0,numba.tests.test_np_functions.TestNPFunctions.test_setdiff1d_3
numba-nocache,0,4.0090002585202456e-05,0,numba.tests.test_np_functions.TestNPFunctions.test_setdiff1d_3
numba-nocache,0,3.994899452663958e-05,0,numba.tests.test_np_functions.TestNPFunctions.test_setdiff1d_3
numba-nocache,0,0.0425664350041188,0,numba.tests.test_np_functions.TestNPFunctions.test_setdiff1d_3
numba-nocache,0,4.016001184936613e-05,0,numba.tests.test_np_functions.TestNPFunctions.test_setdiff1d_3
numba-nocache,0,0.0351503130077617,0,numba.tests.test_np_functions.TestNPFunctions.test_setdiff1d_3
numba-nocache,0,4.036900645587593e-05,0,numba.tests.test_np_functions.TestNPFunctions.test_setdiff1d_3
numba-nocache,0,9.086499630939215e-05,0,numba.tests.test_np_functions.TestNPFunctions.test_setdiff1d_3
numba-nocache,0,0.0001237599935848,0,numba.tests.test_np_functions.TestNPFunctions.test_setdiff1d_3
numba-nocache,0,4.274400998838246e-05,0,numba.tests.test_np_functions.TestNPFunctions.test_setdiff1d_3
numba-nocache,0,0.0001736970007186,0,numba.tests.test_np_functions.TestNPFunctions.test_setdiff1d_3
numba-nocache,0,0.0001060199865605,0,numba.tests.test_np_functions.TestNPFunctions.test_setdiff1d_3
numba-nocache,0,9.589300316292793e-05,0,numba.tests.test_np_functions.TestNPFunctions.test_setdiff1d_3
numba-nocache,0,8.429998706560582e-05,0,numba.tests.test_np_functions.TestNPFunctions.test_setdiff1d_3
numba-nocache,0,5.349899583961815e-05,0,numba.tests.test_np_functions.TestNPFunctions.test_setdiff1d_3
numba-nocache,0,3.673700848594308e-05,0,numba.tests.test_np_functions.TestNPFunctions.test_setdiff1d_3
numba-nocache,0,3.5339995520189404e-05,0,numba.tests.test_np_functions.TestNPFunctions.test_setdiff1d_3
numba-nocache,0,5.161299486644566e-05,0,numba.tests.test_np_functions.TestNPFunctions.test_setdiff1d_3
numba-nocache,0,9.652100561652333e-05,0,numba.tests.test_np_functions.TestNPFunctions.test_setdiff1d_3
numba-nocache,0,0.0427605270087951,0,numba.tests.test_np_functions.TestNPFunctions.test_setdiff1d_3
numba-nocache,0,4.050901043228805e-05,0,numba.tests.test_np_functions.TestNPFunctions.test_setdiff1d_3
numba-nocache,0,0.0001109800068661,0,numba.tests.test_np_functions.TestNPFunctions.test_setdiff1d_3
numba-nocache,0,0.1659233739919727,0,numba.tests.test_np_functions.TestNPFunctions.test_setdiff1d_3
numba-nocache,0,4.288299533072859e-05,0,numba.tests.test_np_functions.TestNPFunctions.test_setdiff1d_3
numba-nocache,0,4.113699833396822e-05,0,numba.tests.test_np_functions.TestNPFunctions.test_setdiff1d_3
numba-nocache,0,0.2181759420054732,0,numba.tests.test_np_functions.TestNPFunctions.test_setdiff1d_3
numba-nocache,0,3.945999196730554e-05,0,numba.tests.test_np_functions.TestNPFunctions.test_setdiff1d_3
numba-nocache,0,0.0631380319973686,0,numba.tests.test_np_functions.TestNPFunctions.test_setdiff1d_3
numba-nocache,0,5.245200009085238e-05,0,numba.tests.test_np_functions.TestNPFunctions.test_setdiff1d_3
numba-nocache,0,6.390499765984714e-05,0,numba.tests.test_np_functions.TestNPFunctions.test_setdiff1d_3
numba-nocache,0,5.0914997700601816e-05,0,numba.tests.test_np_functions.TestNPFunctions.test_setdiff1d_3
numba-nocache,0,6.278800719883293e-05,0,numba.tests.test_np_functions.TestNPFunctions.test_setdiff1d_3
numba-nocache,0,4.197499947622418e-05,0,numba.tests.test_np_functions.TestNPFunctions.test_setdiff1d_3
numba-nocache,0,3.5200995625928044e-05,0,numba.tests.test_np_functions.TestNPFunctions.test_setdiff1d_3
numba-nocache,0,4.288299533072859e-05,0,numba.tests.test_np_functions.TestNPFunctions.test_setdiff1d_3
numba-nocache,0,3.478099824860692e-05,0,numba.tests.test_np_functions.TestNPFunctions.test_setdiff1d_3
numba-nocache,0,3.1010000384412706e-05,0,numba.tests.test_np_functions.TestNPFunctions.test_setdiff1d_3
numba-nocache,0,3.8622994907200336e-05,0,numba.tests.test_np_functions.TestNPFunctions.test_setdiff1d_3
numba-nocache,0,5.01469912705943e-05,0,numba.tests.test_np_functions.TestNPFunctions.test_setdiff1d_3
numba-nocache,0,3.3383999834768474e-05,0,numba.tests.test_np_functions.TestNPFunctions.test_setdiff1d_3
numba-nocache,0,4.260400601197034e-05,0,numba.tests.test_np_functions.TestNPFunctions.test_setdiff1d_3
numba-nocache,0,4.637500387616456e-05,0,numba.tests.test_np_functions.TestNPFunctions.test_setdiff1d_3
numba-nocache,0,3.806399763561785e-05,0,numba.tests.test_np_functions.TestNPFunctions.test_setdiff1d_3
numba-nocache,0,3.5828998079523444e-05,0,numba.tests.test_np_functions.TestNPFunctions.test_setdiff1d_3
numba-nocache,0,8.00400011939928e-05,0,numba.tests.test_np_functions.TestNPFunctions.test_setdiff1d_3
numba-nocache,0,3.904099867213517e-05,0,numba.tests.test_np_functions.TestNPFunctions.test_setdiff1d_3
numba-nocache,0,9.980400500353426e-05,0,numba.tests.test_np_functions.TestNPFunctions.test_setdiff1d_3
numba-nocache,0,3.715598722919822e-05,0,numba.tests.test_np_functions.TestNPFunctions.test_setdiff1d_3
numba-nocache,0,3.289600135758519e-05,0,numba.tests.test_np_functions.TestNPFunctions.test_setdiff1d_3
numba-nocache,0,5.098500696476549e-05,0,numba.tests.test_np_functions.TestNPFunctions.test_setdiff1d_3
numba-nocache,0,3.5200995625928044e-05,0,numba.tests.test_np_functions.TestNPFunctions.test_setdiff1d_3
numba-nocache,0,3.820301208179444e-05,0,numba.tests.test_np_functions.TestNPFunctions.test_setdiff1d_3
numba-nocache,0,3.953100531361997e-05,0,numba.tests.test_np_functions.TestNPFunctions.test_setdiff1d_3
numba-nocache,0,3.492199175525457e-05,0,numba.tests.test_np_functions.TestNPFunctions.test_setdiff1d_3
numba-nocache,0,3.282600664533675e-05,0,numba.tests.test_np_functions.TestNPFunctions.test_setdiff1d_3
numba-nocache,0,9.3937007477507e-05,0,numba.tests.test_np_functions.TestNPFunctions.test_setdiff1d_3
numba-nocache,0,5.587399937212467e-05,0,numba.tests.test_np_functions.TestNPFunctions.test_setdiff1d_3
numba-nocache,0,3.436300903558731e-05,0,numba.tests.test_np_functions.TestNPFunctions.test_setdiff1d_3
numba-nocache,0,4.630499461200088e-05,0,numba.tests.test_np_functions.TestNPFunctions.test_setdiff1d_3
numba-nocache,0,3.240699879825115e-05,0,numba.tests.test_np_functions.TestNPFunctions.test_setdiff1d_3
numba-nocache,0,4.728299973066896e-05,0,numba.tests.test_np_functions.TestNPFunctions.test_setdiff1d_3
numba-nocache,0,4.812100087292493e-05,0,numba.tests.test_np_functions.TestNPFunctions.test_setdiff1d_3
numba-nocache,0,8.415999764110893e-05,0,numba.tests.test_np_functions.TestNPFunctions.test_setdiff1d_3
numba-nocache,0,3.5200995625928044e-05,0,numba.tests.test_np_functions.TestNPFunctions.test_setdiff1d_3
numba-nocache,0,0.2672557900077663,0,numba.tests.test_np_functions.TestNPFunctions.test_setdiff1d_3
numba-nocache,0,4.386001091916114e-05,0,numba.tests.test_np_functions.TestNPFunctions.test_setdiff1d_3
numba-nocache,0,0.0001030869898386,0,numba.tests.test_np_functions.TestNPFunctions.test_setdiff1d_3
numba-nocache,0,5.671200051438064e-05,0,numba.tests.test_np_functions.TestNPFunctions.test_setdiff1d_3
numba-nocache,0,3.387400647625327e-05,0,numba.tests.test_np_functions.TestNPFunctions.test_setdiff1d_3
numba-nocache,0,0.0001171949988929,0,numba.tests.test_np_functions.TestNPFunctions.test_setdiff1d_3
numba-nocache,0,3.38039972120896e-05,0,numba.tests.test_np_functions.TestNPFunctions.test_setdiff1d_3
numba-nocache,0,7.095999899320304e-05,0,numba.tests.test_np_functions.TestNPFunctions.test_setdiff1d_3
numba-nocache,0,4.225400334689766e-05,0,numba.tests.test_np_functions.TestNPFunctions.test_setdiff1d_3
numba-nocache,0,3.289600135758519e-05,0,numba.tests.test_np_functions.TestNPFunctions.test_setdiff1d_3
numba-nocache,0,4.784201155416668e-05,0,numba.tests.test_np_functions.TestNPFunctions.test_setdiff1d_3
numba-nocache,0,3.9252001442946494e-05,0,numba.tests.test_np_functions.TestNPFunctions.test_setdiff1d_3
numba-nocache,0,0.1056018679955741,0,numba.tests.test_np_functions.TestNPFunctions.test_setdiff1d_3
numba-nocache,0,4.043900116812438e-05,0,numba.tests.test_np_functions.TestNPFunctions.test_setdiff1d_3
numba-nocache,0,7.102900417521596e-05,0,numba.tests.test_np_functions.TestNPFunctions.test_setdiff1d_3
numba-nocache,0,0.0001067190023604,0,numba.tests.test_np_functions.TestNPFunctions.test_setdiff1d_3
numba-nocache,0,9.83380014076829e-05,0,numba.tests.test_np_functions.TestNPFunctions.test_setdiff1d_3
numba-nocache,0,5.252099072095007e-05,0,numba.tests.test_np_functions.TestNPFunctions.test_setdiff1d_3
numba-nocache,0,8.443900151178241e-05,0,numba.tests.test_np_functions.TestNPFunctions.test_setdiff1d_3
numba-nocache,0,8.450899622403085e-05,0,numba.tests.test_np_functions.TestNPFunctions.test_setdiff1d_3
numba-nocache,0,0.8167378990037832,0,numba.tests.test_np_functions.TestNPFunctions.test_setdiff1d_3
numba-nocache,0,0.0001611259940546,0,numba.tests.test_np_functions.TestNPFunctions.test_setdiff1d_3
numba-nocache,0,0.0001493929885327,0,numba.tests.test_np_functions.TestNPFunctions.test_setdiff1d_3
numba-nocache,0,0.9342815230047564,0,numba.tests.test_np_functions.TestNPFunctions.test_setdiff1d_3
numba-nocache,0,4.2603001929819584e-05,0,numba.tests.test_np_functions.TestNPFunctions.test_setdiff1d_3
numba-nocache,0,3.624800592660904e-05,0,numba.tests.test_np_functions.TestNPFunctions.test_setdiff1d_3
numba-nocache,0,0.005816037999466,0,numba.tests.test_np_functions.TestNPFunctions.test_setdiff1d_3
numba-nocache,0,0.0216595270030666,0,numba.tests.test_np_functions.TestNPFunctions.test_setdiff1d_3
numba-nocache,0,4.903000080958009e-05,0,numba.tests.test_np_functions.TestNPFunctions.test_setdiff1d_3
numba-nocache,0,0.0215844470076262,0,numba.tests.test_np_functions.TestNPFunctions.test_setdiff1d_3
numba-nocache,0,6.201998621691018e-05,0,numba.tests.test_np_functions.TestNPFunctions.test_setdiff1d_3
numba-nocache,0,0.0390241790009895,0,numba.tests.test_np_functions.TestNPFunctions.test_setdiff1d_3
numba-nocache,0,4.239400732330978e-05,0,numba.tests.test_np_functions.TestNPFunctions.test_setdiff1d_3
numba-nocache,0,0.0263274289900437,0,numba.tests.test_np_functions.TestNPFunctions.test_setdiff1d_3
numba-nocache,0,4.1067993151955307e-05,0,numba.tests.test_np_functions.TestNPFunctions.test_setdiff1d_3
numba-nocache,0,0.0428939949924824,0,numba.tests.test_np_functions.TestNPFunctions.test_setdiff1d_3
numba-nocache,0,6.250900332815945e-05,0,numba.tests.test_np_functions.TestNPFunctions.test_setdiff1d_3
numba-nocache,0,3.967100929003209e-05,0,numba.tests.test_np_functions.TestNPFunctions.test_setdiff1d_3
numba-nocache,0,7.80830014264211e-05,0,numba.tests.test_np_functions.TestNPFunctions.test_setdiff1d_3
numba-nocache,0,0.1168889929977012,0,numba.tests.test_np_functions.TestNPFunctions.test_setdiff1d_3
numba-nocache,0,4.253399674780667e-05,0,numba.tests.test_np_functions.TestNPFunctions.test_setdiff1d_3
numba-nocache,0,0.0469553879956947,0,numba.tests.test_np_functions.TestNPFunctions.test_setdiff1d_3
numba-nocache,0,4.420999903231859e-05,0,numba.tests.test_np_functions.TestNPFunctions.test_setdiff1d_3
numba-nocache,0,4.965798871126026e-05,0,numba.tests.test_np_functions.TestNPFunctions.test_setdiff1d_3
numba-nocache,0,3.897200804203749e-05,0,numba.tests.test_np_functions.TestNPFunctions.test_setdiff1d_3
numba-nocache,0,7.067999104037881e-05,0,numba.tests.test_np_functions.TestNPFunctions.test_setdiff1d_3
numba-nocache,0,3.81339923478663e-05,0,numba.tests.test_np_functions.TestNPFunctions.test_setdiff1d_3
numba-nocache,0,3.338500391691923e-05,0,numba.tests.test_np_functions.TestNPFunctions.test_setdiff1d_3
numba-nocache,0,4.58169961348176e-05,0,numba.tests.test_np_functions.TestNPFunctions.test_setdiff1d_3
numba-nocache,0,4.309300857130438e-05,0,numba.tests.test_np_functions.TestNPFunctions.test_setdiff1d_3
numba-nocache,0,0.3022414149891119,0,numba.tests.test_np_functions.TestNPFunctions.test_setdiff1d_3
numba-nocache,0,4.6444998588413e-05,0,numba.tests.test_np_functions.TestNPFunctions.test_setdiff1d_3
numba-nocache,0,0.0030343629914568,0,numba.tests.test_np_functions.TestNPFunctions.test_setdiff1d_3
numba-nocache,0,0.0222653380042174,0,numba.tests.test_np_functions.TestNPFunctions.test_setdiff1d_3
numba-nocache,0,4.700300632975996e-05,0,numba.tests.test_np_functions.TestNPFunctions.test_setdiff1d_3
numba-nocache,0,0.0221695850050309,0,numba.tests.test_np_functions.TestNPFunctions.test_setdiff1d_3
numba-nocache,0,4.951799928676337e-05,0,numba.tests.test_np_functions.TestNPFunctions.test_setdiff1d_3
numba-nocache,0,7.375299173872918e-05,0,numba.tests.test_np_functions.TestNPFunctions.test_setdiff1d_3
numba-nocache,0,5.2032002713531256e-05,0,numba.tests.test_np_functions.TestNPFunctions.test_setdiff1d_3
numba-nocache,0,8.213400724343956e-05,0,numba.tests.test_np_functions.TestNPFunctions.test_setdiff1d_3
numba-nocache,0,0.0487340580002637,0,numba.tests.test_np_functions.TestNPFunctions.test_setdiff1d_3
numba-nocache,0,5.5803990107961e-05,0,numba.tests.test_np_functions.TestNPFunctions.test_setdiff1d_3
numba-nocache,0,0.0026875969924731,0,numba.tests.test_np_functions.TestNPFunctions.test_setdiff1d_3
numba-nocache,0,4.553800681605935e-05,0,numba.tests.test_np_functions.TestNPFunctions.test_setdiff1d_3
numba-nocache,0,7.927099068183452e-05,0,numba.tests.test_np_functions.TestNPFunctions.test_setdiff1d_3
numba-nocache,0,4.400100442580879e-05,0,numba.tests.test_np_functions.TestNPFunctions.test_setdiff1d_3
numba-nocache,0,7.333500252570957e-05,0,numba.tests.test_np_functions.TestNPFunctions.test_setdiff1d_3
numba-nocache,0,3.541000478435308e-05,0,numba.tests.test_np_functions.TestNPFunctions.test_setdiff1d_3
numba-nocache,0,3.485199704300612e-05,0,numba.tests.test_np_functions.TestNPFunctions.test_setdiff1d_3
numba-nocache,0,3.2477008062414825e-05,0,numba.tests.test_np_functions.TestNPFunctions.test_setdiff1d_3
numba-nocache,0,8.402000821661204e-05,0,numba.tests.test_np_functions.TestNPFunctions.test_setdiff1d_3
numba-nocache,0,0.1550313459883909,0,numba.tests.test_np_functions.TestNPFunctions.test_setdiff1d_3
numba-nocache,0,3.87619948014617e-05,0,numba.tests.test_np_functions.TestNPFunctions.test_setdiff1d_3
numba-nocache,0,0.006876382001792,0,numba.tests.test_np_functions.TestNPFunctions.test_setdiff1d_3
numba-nocache,0,6.58610078971833e-05,0,numba.tests.test_np_functions.TestNPFunctions.test_setdiff1d_3
numba-nocache,0,8.108699694275856e-05,0,numba.tests.test_np_functions.TestNPFunctions.test_setdiff1d_3
numba-nocache,0,3.9250997360795736e-05,0,numba.tests.test_np_functions.TestNPFunctions.test_setdiff1d_3
numba-nocache,0,6.39060017419979e-05,0,numba.tests.test_np_functions.TestNPFunctions.test_setdiff1d_3
numba-nocache,0,8.72329983394593e-05,0,numba.tests.test_np_functions.TestNPFunctions.test_setdiff1d_3
numba-nocache,0,4.630500916391611e-05,0,numba.tests.test_np_functions.TestNPFunctions.test_setdiff1d_3
numba-nocache,0,3.81339923478663e-05,0,numba.tests.test_np_functions.TestNPFunctions.test_setdiff1d_3
numba-nocache,0,3.534001007210463e-05,0,numba.tests.test_np_functions.TestNPFunctions.test_setdiff1d_3
numba-nocache,0,7.80830014264211e-05,0,numba.tests.test_np_functions.TestNPFunctions.test_setdiff1d_3
numba-nocache,0,0.5991340350010432,0,numba.tests.test_np_functions.TestNPFunctions.test_setdiff1d_3
numba-nocache,0,3.904099867213517e-05,0,numba.tests.test_np_functions.TestNPFunctions.test_setdiff1d_3
numba-nocache,0,0.0417234399938024,0,numba.tests.test_np_functions.TestNPFunctions.test_setdiff1d_3
numba-nocache,0,4.127700231038034e-05,0,numba.tests.test_np_functions.TestNPFunctions.test_setdiff1d_3
numba-nocache,0,0.0290169119980419,0,numba.tests.test_np_functions.TestNPFunctions.test_setdiff1d_3
numba-nocache,0,4.372099647298455e-05,0,numba.tests.test_np_functions.TestNPFunctions.test_setdiff1d_3
numba-nocache,0,0.0379516129905823,0,numba.tests.test_np_functions.TestNPFunctions.test_setdiff1d_3
numba-nocache,0,3.81339923478663e-05,0,numba.tests.test_np_functions.TestNPFunctions.test_setdiff1d_3
numba-nocache,0,0.0470094449992757,0,numba.tests.test_np_functions.TestNPFunctions.test_setdiff1d_3
numba-nocache,0,5.217200668994337e-05,0,numba.tests.test_np_functions.TestNPFunctions.test_setdiff1d_3
numba-nocache,0,4.057899059262127e-05,0,numba.tests.test_np_functions.TestNPFunctions.test_setdiff1d_3
numba-nocache,0,4.427999374456704e-05,0,numba.tests.test_np_functions.TestNPFunctions.test_setdiff1d_3
numba-nocache,0,0.1353291460109176,0,numba.tests.test_np_functions.TestNPFunctions.test_setdiff1d_3
numba-nocache,0,3.994999860879034e-05,0,numba.tests.test_np_functions.TestNPFunctions.test_setdiff1d_3
numba-nocache,0,4.700399585999549e-05,0,numba.tests.test_np_functions.TestNPFunctions.test_setdiff1d_3
numba-nocache,0,4.260400601197034e-05,0,numba.tests.test_np_functions.TestNPFunctions.test_setdiff1d_3
numba-nocache,0,3.5759003367275e-05,0,numba.tests.test_np_functions.TestNPFunctions.test_setdiff1d_3
numba-nocache,0,3.589899279177189e-05,0,numba.tests.test_np_functions.TestNPFunctions.test_setdiff1d_3
numba-nocache,0,3.624800592660904e-05,0,numba.tests.test_np_functions.TestNPFunctions.test_setdiff1d_3
numba-nocache,0,4.665501182898879e-05,0,numba.tests.test_np_functions.TestNPFunctions.test_setdiff1d_3
numba-nocache,0,3.478099824860692e-05,0,numba.tests.test_np_functions.TestNPFunctions.test_setdiff1d_3
numba-nocache,0,7.766400813125074e-05,0,numba.tests.test_np_functions.TestNPFunctions.test_setdiff1d_3
numba-nocache,0,7.640701369382441e-05,0,numba.tests.test_np_functions.TestNPFunctions.test_setdiff1d_3
numba-nocache,0,7.626699516549706e-05,0,numba.tests.test_np_functions.TestNPFunctions.test_setdiff1d_3
numba-nocache,0,3.959999594371766e-05,0,numba.tests.test_np_functions.TestNPFunctions.test_setdiff1d_3
numba-nocache,0,6.467399362009019e-05,0,numba.tests.test_np_functions.TestNPFunctions.test_setdiff1d_3
numba-nocache,0,5.9155994676984847e-05,0,numba.tests.test_np_functions.TestNPFunctions.test_setdiff1d_3
numba-nocache,0,6.95630005793646e-05,0,numba.tests.test_np_functions.TestNPFunctions.test_setdiff1d_3
numba-nocache,0,0.0001095819898182,0,numba.tests.test_np_functions.TestNPFunctions.test_setdiff1d_3
numba-nocache,0,8.779100608080626e-05,0,numba.tests.test_np_functions.TestNPFunctions.test_setdiff1d_3
numba-nocache,0,4.043900116812438e-05,0,numba.tests.test_np_functions.TestNPFunctions.test_setdiff1d_3
numba-nocache,0,0.5030451610073214,0,numba.tests.test_np_functions.TestNPFunctions.test_setdiff1d_3
numba-nocache,0,4.050899588037282e-05,0,numba.tests.test_np_functions.TestNPFunctions.test_setdiff1d_3
numba-nocache,0,3.8551996112801135e-05,0,numba.tests.test_np_functions.TestNPFunctions.test_setdiff1d_3
numba-nocache,0,3.673699393402785e-05,0,numba.tests.test_np_functions.TestNPFunctions.test_setdiff1d_3
numba-nocache,0,6.055300764273852e-05,0,numba.tests.test_np_functions.TestNPFunctions.test_setdiff1d_3
numba-nocache,0,7.396300497930497e-05,0,numba.tests.test_np_functions.TestNPFunctions.test_setdiff1d_3
numba-nocache,0,0.0040409990033367,0,numba.tests.test_np_functions.TestNPFunctions.test_setdiff1d_3
numba-nocache,0,0.0235959019919391,0,numba.tests.test_np_functions.TestNPFunctions.test_setdiff1d_3
numba-nocache,0,4.0857004933059216e-05,0,numba.tests.test_np_functions.TestNPFunctions.test_setdiff1d_3
numba-nocache,0,0.0258496400056174,0,numba.tests.test_np_functions.TestNPFunctions.test_setdiff1d_3
numba-nocache,0,4.057800106238574e-05,0,numba.tests.test_np_functions.TestNPFunctions.test_setdiff1d_3
numba-nocache,0,0.0298589290032396,0,numba.tests.test_np_functions.TestNPFunctions.test_setdiff1d_3
numba-nocache,0,3.911100793629885e-05,0,numba.tests.test_np_functions.TestNPFunctions.test_setdiff1d_3
numba-nocache,0,0.0026679709990276,0,numba.tests.test_np_functions.TestNPFunctions.test_setdiff1d_3
numba-nocache,0,0.0254746559949126,0,numba.tests.test_np_functions.TestNPFunctions.test_setdiff1d_3
numba-nocache,0,4.176500078756362e-05,0,numba.tests.test_np_functions.TestNPFunctions.test_setdiff1d_3
numba-nocache,0,0.0282311880000634,0,numba.tests.test_np_functions.TestNPFunctions.test_setdiff1d_3
numba-nocache,0,4.036900645587593e-05,0,numba.tests.test_np_functions.TestNPFunctions.test_setdiff1d_3
numba-nocache,0,0.0001317220012424,0,numba.tests.test_np_functions.TestNPFunctions.test_setdiff1d_3
numba-nocache,0,0.0001127260038629,0,numba.tests.test_np_functions.TestNPFunctions.test_setdiff1d_3
numba-nocache,0,0.0001468789996579,0,numba.tests.test_np_functions.TestNPFunctions.test_setdiff1d_3
numba-nocache,0,0.0001067189878085,0,numba.tests.test_np_functions.TestNPFunctions.test_setdiff1d_3
numba-nocache,0,0.0001024590019369,0,numba.tests.test_np_functions.TestNPFunctions.test_setdiff1d_3
numba-nocache,0,8.779201016295701e-05,0,numba.tests.test_np_functions.TestNPFunctions.test_setdiff1d_3
numba-nocache,0,0.1084829280007397,0,numba.tests.test_np_functions.TestNPFunctions.test_setdiff1d_3
numba-nocache,0,4.015899321530014e-05,0,numba.tests.test_np_functions.TestNPFunctions.test_setdiff1d_3
numba-nocache,0,0.0030679579940624,0,numba.tests.test_np_functions.TestNPFunctions.test_setdiff1d_3
numba-nocache,0,4.274399543646723e-05,0,numba.tests.test_np_functions.TestNPFunctions.test_setdiff1d_3
numba-nocache,0,5.629300721921027e-05,0,numba.tests.test_np_functions.TestNPFunctions.test_setdiff1d_3
numba-nocache,0,4.483900556806475e-05,0,numba.tests.test_np_functions.TestNPFunctions.test_setdiff1d_3
numba-nocache,0,9.079500159714372e-05,0,numba.tests.test_np_functions.TestNPFunctions.test_setdiff1d_3
numba-nocache,0,4.58169961348176e-05,0,numba.tests.test_np_functions.TestNPFunctions.test_setdiff1d_3
numba-nocache,0,3.624799137469381e-05,0,numba.tests.test_np_functions.TestNPFunctions.test_setdiff1d_3
numba-nocache,0,3.240699879825115e-05,0,numba.tests.test_np_functions.TestNPFunctions.test_setdiff1d_3
numba-nocache,0,7.899200136307627e-05,0,numba.tests.test_np_functions.TestNPFunctions.test_setdiff1d_3
numba-nocache,0,0.2725868429988622,0,numba.tests.test_np_functions.TestNPFunctions.test_setdiff1d_3
numba-nocache,0,5.189298826735467e-05,0,numba.tests.test_np_functions.TestNPFunctions.test_setdiff1d_3
numba-nocache,0,0.0031493930000578,0,numba.tests.test_np_functions.TestNPFunctions.test_setdiff1d_3
numba-nocache,0,4.0018989238888025e-05,0,numba.tests.test_np_functions.TestNPFunctions.test_setdiff1d_3
numba-nocache,0,7.193700002972037e-05,0,numba.tests.test_np_functions.TestNPFunctions.test_setdiff1d_3
numba-nocache,0,6.160100747365505e-05,0,numba.tests.test_np_functions.TestNPFunctions.test_setdiff1d_3
numba-nocache,0,3.659799403976649e-05,0,numba.tests.test_np_functions.TestNPFunctions.test_setdiff1d_3
numba-nocache,0,6.809600745327771e-05,0,numba.tests.test_np_functions.TestNPFunctions.test_setdiff1d_3
numba-nocache,0,3.624899545684457e-05,0,numba.tests.test_np_functions.TestNPFunctions.test_setdiff1d_3
numba-nocache,0,4.337199789006263e-05,0,numba.tests.test_np_functions.TestNPFunctions.test_setdiff1d_3
numba-nocache,0,3.576000744942576e-05,0,numba.tests.test_np_functions.TestNPFunctions.test_setdiff1d_3
numba-nocache,0,0.0001036460016621,0,numba.tests.test_np_functions.TestNPFunctions.test_setdiff1d_3
numba-nocache,0,0.4420540790015366,0,numba.tests.test_np_functions.TestNPFunctions.test_setdiff1d_3
numba-nocache,0,4.050800635013729e-05,0,numba.tests.test_np_functions.TestNPFunctions.test_setdiff1d_3
numba-nocache,0,3.5200995625928044e-05,0,numba.tests.test_np_functions.TestNPFunctions.test_setdiff1d_3
numba-nocache,0,0.000471085004392,0,numba.tests.test_np_functions.TestNPFunctions.test_setdiff1d_3
numba-nocache,0,4.141699173487723e-05,0,numba.tests.test_np_functions.TestNPFunctions.test_setdiff1d_3
numba-nocache,0,3.513001138344407e-05,0,numba.tests.test_np_functions.TestNPFunctions.test_setdiff1d_3
numba-nocache,0,3.820299752987921e-05,0,numba.tests.test_np_functions.TestNPFunctions.test_setdiff1d_3
numba-nocache,0,3.562000347301364e-05,0,numba.tests.test_np_functions.TestNPFunctions.test_setdiff1d_3
numba-nocache,0,3.568899410311133e-05,0,numba.tests.test_np_functions.TestNPFunctions.test_setdiff1d_3
numba-nocache,0,3.380299312993884e-05,0,numba.tests.test_np_functions.TestNPFunctions.test_setdiff1d_3
numba-nocache,0,3.5828998079523444e-05,0,numba.tests.test_np_functions.TestNPFunctions.test_setdiff1d_3
numba-nocache,0,3.5061006201431155e-05,0,numba.tests.test_np_functions.TestNPFunctions.test_setdiff1d_3
numba-nocache,0,3.233700408600271e-05,0,numba.tests.test_np_functions.TestNPFunctions.test_setdiff1d_3
numba-nocache,0,3.0521012376993895e-05,0,numba.tests.test_np_functions.TestNPFunctions.test_setdiff1d_3
numba-nocache,0,5.1543000154197216e-05,0,numba.tests.test_np_functions.TestNPFunctions.test_setdiff1d_3
numba-nocache,0,5.433800106402487e-05,0,numba.tests.test_np_functions.TestNPFunctions.test_setdiff1d_3
numba-nocache,0,4.9237991333939135e-05,0,numba.tests.test_np_functions.TestNPFunctions.test_setdiff1d_3
numba-nocache,0,8.304200309794396e-05,0,numba.tests.test_np_functions.TestNPFunctions.test_setdiff1d_3
numba-nocache,0,6.006499461364001e-05,0,numba.tests.test_np_functions.TestNPFunctions.test_setdiff1d_3
numba-nocache,0,9.735999628901482e-05,0,numba.tests.test_np_functions.TestNPFunctions.test_setdiff1d_3
numba-nocache,0,6.034299440216273e-05,0,numba.tests.test_np_functions.TestNPFunctions.test_setdiff1d_3
numba-nocache,0,7.710600038990378e-05,0,numba.tests.test_np_functions.TestNPFunctions.test_setdiff1d_3
numba-nocache,0,9.791800403036176e-05,0,numba.tests.test_np_functions.TestNPFunctions.test_setdiff1d_3
numba-nocache,0,0.0001320020091952,0,numba.tests.test_np_functions.TestNPFunctions.test_setdiff1d_3
numba-nocache,0,1.7103061800007708,0,numba.tests.test_np_functions.TestNPFunctions.test_setdiff1d_3
numba-nocache,0,4.260399146005511e-05,0,numba.tests.test_np_functions.TestNPFunctions.test_setdiff1d_3
numba-nocache,0,8.31119978101924e-05,0,numba.tests.test_np_functions.TestNPFunctions.test_setdiff1d_3
numba-nocache,0,8.625500777270645e-05,0,numba.tests.test_np_functions.TestNPFunctions.test_setdiff1d_3
numba-nocache,0,0.0369551750045502,0,numba.tests.test_np_functions.TestNPFunctions.test_setdiff1d_3
numba-nocache,0,4.064799577463418e-05,0,numba.tests.test_np_functions.TestNPFunctions.test_setdiff1d_3
numba-nocache,0,0.0307408969965763,0,numba.tests.test_np_functions.TestNPFunctions.test_setdiff1d_3
numba-nocache,0,4.34420071542263e-05,0,numba.tests.test_np_functions.TestNPFunctions.test_setdiff1d_3
numba-nocache,0,0.0668870200024684,0,numba.tests.test_np_functions.TestNPFunctions.test_setdiff1d_3
numba-nocache,0,8.583599992562085e-05,0,numba.tests.test_np_functions.TestNPFunctions.test_setdiff1d_3
numba-nocache,0,8.388000424019992e-05,0,numba.tests.test_np_functions.TestNPFunctions.test_setdiff1d_3
numba-nocache,0,8.436999632976949e-05,0,numba.tests.test_np_functions.TestNPFunctions.test_setdiff1d_3
numba-nocache,0,0.0001028769911499,0,numba.tests.test_np_functions.TestNPFunctions.test_setdiff1d_3
numba-nocache,0,8.394999895244837e-05,0,numba.tests.test_np_functions.TestNPFunctions.test_setdiff1d_3
numba-nocache,0,8.674399578012526e-05,0,numba.tests.test_np_functions.TestNPFunctions.test_setdiff1d_3
numba-nocache,0,8.772200089879334e-05,0,numba.tests.test_np_functions.TestNPFunctions.test_setdiff1d_3
numba-nocache,0,6.488399230875075e-05,0,numba.tests.test_np_functions.TestNPFunctions.test_setdiff1d_3
numba-nocache,0,0.0001452019932912,0,numba.tests.test_np_functions.TestNPFunctions.test_setdiff1d_3
numba-nocache,0,8.541699207853526e-05,0,numba.tests.test_np_functions.TestNPFunctions.test_setdiff1d_3
numba-nocache,0,5.7200988521799445e-05,0,numba.tests.test_np_functions.TestNPFunctions.test_setdiff1d_3
numba-nocache,0,8.779199561104178e-05,0,numba.tests.test_np_functions.TestNPFunctions.test_setdiff1d_3
numba-nocache,0,9.973399573937058e-05,0,numba.tests.test_np_functions.TestNPFunctions.test_setdiff1d_3
numba-nocache,0,6.174099689815193e-05,0,numba.tests.test_np_functions.TestNPFunctions.test_setdiff1d_3
numba-nocache,0,0.000108463995275,0,numba.tests.test_np_functions.TestNPFunctions.test_setdiff1d_3
numba-nocache,0,8.576599066145718e-05,0,numba.tests.test_np_functions.TestNPFunctions.test_setdiff1d_3
numba-nocache,0,6.460399890784174e-05,0,numba.tests.test_np_functions.TestNPFunctions.test_setdiff1d_3
numba-nocache,0,8.911901386454701e-05,0,numba.tests.test_np_functions.TestNPFunctions.test_setdiff1d_3
numba-nocache,0,8.555699605494738e-05,0,numba.tests.test_np_functions.TestNPFunctions.test_setdiff1d_3
numba-nocache,0,8.353199518751353e-05,0,numba.tests.test_np_functions.TestNPFunctions.test_setdiff1d_3
numba-nocache,0,9.107399091590196e-05,0,numba.tests.test_np_functions.TestNPFunctions.test_setdiff1d_3
numba-nocache,0,8.576599066145718e-05,0,numba.tests.test_np_functions.TestNPFunctions.test_setdiff1d_3
numba-nocache,0,8.974700176622719e-05,0,numba.tests.test_np_functions.TestNPFunctions.test_setdiff1d_3
numba-nocache,0,8.863001130521297e-05,0,numba.tests.test_np_functions.TestNPFunctions.test_setdiff1d_3
numba-nocache,0,0.0001133529876824,0,numba.tests.test_np_functions.TestNPFunctions.test_setdiff1d_3
numba-nocache,0,0.0001176839869003,0,numba.tests.test_np_functions.TestNPFunctions.test_setdiff1d_3
numba-nocache,0,8.478900417685509e-05,0,numba.tests.test_np_functions.TestNPFunctions.test_setdiff1d_3
numba-nocache,0,8.72329983394593e-05,0,numba.tests.test_np_functions.TestNPFunctions.test_setdiff1d_3
numba-nocache,0,7.424199429806322e-05,0,numba.tests.test_np_functions.TestNPFunctions.test_setdiff1d_3
numba-nocache,0,8.72329983394593e-05,0,numba.tests.test_np_functions.TestNPFunctions.test_setdiff1d_3
numba-nocache,0,0.0001306049962295,0,numba.tests.test_np_functions.TestNPFunctions.test_setdiff1d_3
numba-nocache,0,9.756900544743984e-05,0,numba.tests.test_np_functions.TestNPFunctions.test_setdiff1d_3
numba-nocache,0,7.431200356222689e-05,0,numba.tests.test_np_functions.TestNPFunctions.test_setdiff1d_3
numba-nocache,0,8.422900282312185e-05,0,numba.tests.test_np_functions.TestNPFunctions.test_setdiff1d_3
numba-nocache,0,8.611599332652986e-05,0,numba.tests.test_np_functions.TestNPFunctions.test_setdiff1d_3
numba-nocache,0,9.85469960141927e-05,0,numba.tests.test_np_functions.TestNPFunctions.test_setdiff1d_3
numba-nocache,0,0.000100642995676,0,numba.tests.test_np_functions.TestNPFunctions.test_setdiff1d_3
numba-nocache,0,7.982899842318147e-05,0,numba.tests.test_np_functions.TestNPFunctions.test_setdiff1d_3
numba-nocache,0,0.0001048330013873,0,numba.tests.test_np_functions.TestNPFunctions.test_setdiff1d_3
numba-nocache,0,8.213400724343956e-05,0,numba.tests.test_np_functions.TestNPFunctions.test_setdiff1d_3
numba-nocache,0,5.294098809827119e-05,0,numba.tests.test_np_functions.TestNPFunctions.test_setdiff1d_3
numba-nocache,0,9.079500159714372e-05,0,numba.tests.test_np_functions.TestNPFunctions.test_setdiff1d_3
numba-nocache,0,8.765199163462967e-05,0,numba.tests.test_np_functions.TestNPFunctions.test_setdiff1d_3
numba-nocache,0,9.107399091590196e-05,0,numba.tests.test_np_functions.TestNPFunctions.test_setdiff1d_3
numba-nocache,0,9.016599506139757e-05,0,numba.tests.test_np_functions.TestNPFunctions.test_setdiff1d_3
numba-nocache,0,8.332199649885297e-05,0,numba.tests.test_np_functions.TestNPFunctions.test_setdiff1d_3
numba-nocache,0,0.0001450619893148,0,numba.tests.test_np_functions.TestNPFunctions.test_setdiff1d_3
numba-nocache,0,0.0001226430031238,0,numba.tests.test_np_functions.TestNPFunctions.test_setdiff1d_3
numba-nocache,0,8.492899360135198e-05,0,numba.tests.test_np_functions.TestNPFunctions.test_setdiff1d_3
numba-nocache,0,9.114400018006565e-05,0,numba.tests.test_np_functions.TestNPFunctions.test_setdiff1d_3
numba-nocache,0,0.615392666994012,0,numba.tests.test_np_functions.TestNPFunctions.test_setdiff1d_3
numba-nocache,0,5.126399628352374e-05,0,numba.tests.test_np_functions.TestNPFunctions.test_setdiff1d_3
numba-nocache,0,4.637500387616456e-05,0,numba.tests.test_np_functions.TestNPFunctions.test_setdiff1d_3
numba-nocache,0,3.512999683152884e-05,0,numba.tests.test_np_functions.TestNPFunctions.test_setdiff1d_3
numba-nocache,0,0.7498390770051628,0,numba.tests.test_np_functions.TestNPFunctions.test_setdiff1d_3
numba-nocache,0,7.724500028416514e-05,0,numba.tests.test_np_functions.TestNPFunctions.test_setdiff1d_3
numba-nocache,0,8.583599992562085e-05,0,numba.tests.test_np_functions.TestNPFunctions.test_setdiff1d_3
numba-nocache,0,8.674399578012526e-05,0,numba.tests.test_np_functions.TestNPFunctions.test_setdiff1d_3
numba-nocache,0,0.0001598689996171,0,numba.tests.test_np_functions.TestNPFunctions.test_setdiff1d_3
numba-nocache,0,5.1127481880103005,0,numba.tests.test_np_functions.TestNPFunctions.test_setdiff1d_3
numba-nocache,0,4.490799619816244e-05,0,numba.tests.test_np_functions.TestNPFunctions.test_setdiff1d_3
numba-nocache,0,4.427999374456704e-05,0,numba.tests.test_np_functions.TestNPFunctions.test_setdiff1d_3
numba-nocache,0,3.7295001675374806e-05,0,numba.tests.test_np_functions.TestNPFunctions.test_setdiff1d_3
numba-nocache,0,4.036900645587593e-05,0,numba.tests.test_np_functions.TestNPFunctions.test_setdiff1d_3
numba-nocache,0,4.092800372745842e-05,0,numba.tests.test_np_functions.TestNPFunctions.test_setdiff1d_3
numba-nocache,0,3.904200275428593e-05,0,numba.tests.test_np_functions.TestNPFunctions.test_setdiff1d_3
numba-nocache,0,7.530396782007301,0,numba.tests.test_np_functions.TestNPFunctions.test_setdiff1d_3
numba-nocache,0,4.721300501842052e-05,0,numba.tests.test_np_functions.TestNPFunctions.test_setdiff1d_3
numba-nocache,0,3.541000478435308e-05,0,numba.tests.test_np_functions.TestNPFunctions.test_setdiff1d_3
numba-nocache,0,8.164268851993256,0,numba.tests.test_np_functions.TestNPFunctions.test_setdiff1d_3
numba-nocache,0,0.0439584599953377,0,numba.tests.test_np_functions.TestNPFunctions.test_setdiff1d_3
numba-nocache,0,8.492798951920122e-05,0,numba.tests.test_np_functions.TestNPFunctions.test_setdiff1d_3
numba-nocache,0,4.854000872001052e-05,0,numba.tests.test_np_functions.TestNPFunctions.test_setdiff1d_3
numba-nocache,0,0.0868963160028215,0,numba.tests.test_np_functions.TestNPFunctions.test_setdiff1d_3
numba-nocache,0,0.0519640510028693,0,numba.tests.test_np_functions.TestNPFunctions.test_setdiff1d_3
numba-nocache,0,4.141699173487723e-05,0,numba.tests.test_np_functions.TestNPFunctions.test_setdiff1d_3
numba-nocache,0,3.81339923478663e-05,0,numba.tests.test_np_functions.TestNPFunctions.test_setdiff1d_3
numba-nocache,0,0.0001435260055586,0,numba.tests.test_np_functions.TestNPFunctions.test_setdiff1d_3
numba-nocache,0,0.0986743620014749,0,numba.tests.test_np_functions.TestNPFunctions.test_setdiff1d_3
numba-nocache,0,0.0200581149983918,0,numba.tests.test_np_functions.TestNPFunctions.test_setdiff1d_3
numba-nocache,0,3.90419882023707e-05,0,numba.tests.test_np_functions.TestNPFunctions.test_setdiff1d_3
numba-nocache,0,3.485199704300612e-05,0,numba.tests.test_np_functions.TestNPFunctions.test_setdiff1d_3
numba-nocache,0,0.0594587450032122,0,numba.tests.test_np_functions.TestNPFunctions.test_setdiff1d_3
numba-nocache,0,0.0222236429981421,0,numba.tests.test_np_functions.TestNPFunctions.test_setdiff1d_3
numba-nocache,0,4.002000787295401e-05,0,numba.tests.test_np_functions.TestNPFunctions.test_setdiff1d_3
numba-nocache,0,5.91569987591356e-05,0,numba.tests.test_np_functions.TestNPFunctions.test_setdiff1d_3
numba-nocache,0,0.0625832049991004,0,numba.tests.test_np_functions.TestNPFunctions.test_setdiff1d_3
numba-nocache,0,0.0001150309981312,0,numba.tests.test_np_functions.TestNPFunctions.test_setdiff1d_3
numba-nocache,0,0.000144782999996,0,numba.tests.test_np_functions.TestNPFunctions.test_setdiff1d_3
numba-nocache,0,0.1124111319950316,0,numba.tests.test_np_functions.TestNPFunctions.test_setdiff1d_3
numba-nocache,0,6.67690037516877e-05,0,numba.tests.test_np_functions.TestNPFunctions.test_setdiff1d_3
numba-nocache,0,5.287000385578722e-05,0,numba.tests.test_np_functions.TestNPFunctions.test_setdiff1d_3
numba-nocache,0,0.0001030870043905,0,numba.tests.test_np_functions.TestNPFunctions.test_setdiff1d_3
numba-nocache,0,0.1643679190019611,0,numba.tests.test_np_functions.TestNPFunctions.test_setdiff1d_3
numba-nocache,0,7.75949883973226e-05,0,numba.tests.test_np_functions.TestNPFunctions.test_setdiff1d_3
numba-nocache,0,0.0373425190045964,0,numba.tests.test_np_functions.TestNPFunctions.test_setdiff1d_3
numba-nocache,0,3.967099473811686e-05,0,numba.tests.test_np_functions.TestNPFunctions.test_setdiff1d_3
numba-nocache,0,4.770200757775456e-05,0,numba.tests.test_np_functions.TestNPFunctions.test_setdiff1d_3
numba-nocache,0,5.6222997955046594e-05,0,numba.tests.test_np_functions.TestNPFunctions.test_setdiff1d_3
numba-nocache,0,8.178500866051763e-05,0,numba.tests.test_np_functions.TestNPFunctions.test_setdiff1d_3
numba-nocache,0,7.619700045324862e-05,0,numba.tests.test_np_functions.TestNPFunctions.test_setdiff1d_3
numba-nocache,0,0.0879534469859208,0,numba.tests.test_np_functions.TestNPFunctions.test_setdiff1d_3
numba-nocache,0,4.106700362171978e-05,0,numba.tests.test_np_functions.TestNPFunctions.test_setdiff1d_3
numba-nocache,0,3.8762009353376925e-05,0,numba.tests.test_np_functions.TestNPFunctions.test_setdiff1d_3
numba-nocache,0,0.0626899930066429,0,numba.tests.test_np_functions.TestNPFunctions.test_setdiff1d_3
numba-nocache,0,5.440700624603778e-05,0,numba.tests.test_np_functions.TestNPFunctions.test_setdiff1d_3
numba-nocache,0,0.0230085289949784,0,numba.tests.test_np_functions.TestNPFunctions.test_setdiff1d_3
numba-nocache,0,4.064799577463418e-05,0,numba.tests.test_np_functions.TestNPFunctions.test_setdiff1d_3
numba-nocache,0,4.162600089330226e-05,0,numba.tests.test_np_functions.TestNPFunctions.test_setdiff1d_3
numba-nocache,0,0.028804592002416,0,numba.tests.test_np_functions.TestNPFunctions.test_setdiff1d_3
numba-nocache,0,0.0001504399988334,0,numba.tests.test_np_functions.TestNPFunctions.test_setdiff1d_3
numba-nocache,0,6.816600216552615e-05,0,numba.tests.test_np_functions.TestNPFunctions.test_setdiff1d_3
numba-nocache,0,6.194999150466174e-05,0,numba.tests.test_np_functions.TestNPFunctions.test_setdiff1d_3
numba-nocache,0,3.527100489009172e-05,0,numba.tests.test_np_functions.TestNPFunctions.test_setdiff1d_3
numba-nocache,0,7.822300540283322e-05,0,numba.tests.test_np_functions.TestNPFunctions.test_setdiff1d_3
numba-nocache,0,4.930899012833834e-05,0,numba.tests.test_np_functions.TestNPFunctions.test_setdiff1d_3
numba-nocache,0,3.5549994208849967e-05,0,numba.tests.test_np_functions.TestNPFunctions.test_setdiff1d_3
numba-nocache,0,7.200700929388404e-05,0,numba.tests.test_np_functions.TestNPFunctions.test_setdiff1d_3
numba-nocache,0,0.0001167059963336,0,numba.tests.test_np_functions.TestNPFunctions.test_setdiff1d_3
numba-nocache,0,3.8622994907200336e-05,0,numba.tests.test_np_functions.TestNPFunctions.test_setdiff1d_3
numba-nocache,0,7.487100083380938e-05,0,numba.tests.test_np_functions.TestNPFunctions.test_setdiff1d_3
numba-nocache,0,3.722500696312636e-05,0,numba.tests.test_np_functions.TestNPFunctions.test_setdiff1d_3
numba-nocache,0,5.7130993809551e-05,0,numba.tests.test_np_functions.TestNPFunctions.test_setdiff1d_3
numba-nocache,0,3.478099824860692e-05,0,numba.tests.test_np_functions.TestNPFunctions.test_setdiff1d_3
numba-nocache,0,5.063600838184357e-05,0,numba.tests.test_np_functions.TestNPFunctions.test_setdiff1d_3
numba-nocache,0,3.331400512252003e-05,0,numba.tests.test_np_functions.TestNPFunctions.test_setdiff1d_3
numba-nocache,0,8.283198985736817e-05,0,numba.tests.test_np_functions.TestNPFunctions.test_setdiff1d_3
numba-nocache,0,4.28140047006309e-05,0,numba.tests.test_np_functions.TestNPFunctions.test_setdiff1d_3
numba-nocache,0,4.015900776721537e-05,0,numba.tests.test_np_functions.TestNPFunctions.test_setdiff1d_3
numba-nocache,0,0.0001722309971228,0,numba.tests.test_np_functions.TestNPFunctions.test_setdiff1d_3
numba-nocache,0,4.469900159165263e-05,0,numba.tests.test_np_functions.TestNPFunctions.test_setdiff1d_3
numba-nocache,0,3.408300108276308e-05,0,numba.tests.test_np_functions.TestNPFunctions.test_setdiff1d_3
numba-nocache,0,8.492798951920122e-05,0,numba.tests.test_np_functions.TestNPFunctions.test_setdiff1d_3
numba-nocache,0,4.616599471773952e-05,0,numba.tests.test_np_functions.TestNPFunctions.test_setdiff1d_3
numba-nocache,0,3.387399192433804e-05,0,numba.tests.test_np_functions.TestNPFunctions.test_setdiff1d_3
numba-nocache,0,6.593100260943174e-05,0,numba.tests.test_np_functions.TestNPFunctions.test_setdiff1d_3
numba-nocache,0,4.9937007133848965e-05,0,numba.tests.test_np_functions.TestNPFunctions.test_setdiff1d_3
numba-nocache,0,3.519999154377729e-05,0,numba.tests.test_np_functions.TestNPFunctions.test_setdiff1d_3
numba-nocache,0,4.637500387616456e-05,0,numba.tests.test_np_functions.TestNPFunctions.test_setdiff1d_3
numba-nocache,0,3.3383999834768474e-05,0,numba.tests.test_np_functions.TestNPFunctions.test_setdiff1d_3
numba-nocache,0,5.440700624603778e-05,0,numba.tests.test_np_functions.TestNPFunctions.test_setdiff1d_3
numba-nocache,0,3.708599251694977e-05,0,numba.tests.test_np_functions.TestNPFunctions.test_setdiff1d_3
numba-nocache,0,0.0001112590107368,0,numba.tests.test_np_functions.TestNPFunctions.test_setdiff1d_3
numba-nocache,0,3.624800592660904e-05,0,numba.tests.test_np_functions.TestNPFunctions.test_setdiff1d_3
numba-nocache,0,0.3493151839938946,0,numba.tests.test_np_functions.TestNPFunctions.test_setdiff1d_3
numba-nocache,0,5.329000123310834e-05,0,numba.tests.test_np_functions.TestNPFunctions.test_setdiff1d_3
numba-nocache,0,8.541699207853526e-05,0,numba.tests.test_np_functions.TestNPFunctions.test_setdiff1d_3
numba-nocache,0,6.634999590460211e-05,0,numba.tests.test_np_functions.TestNPFunctions.test_setdiff1d_3
numba-nocache,0,3.680700319819152e-05,0,numba.tests.test_np_functions.TestNPFunctions.test_setdiff1d_3
numba-nocache,0,7.976000779308379e-05,0,numba.tests.test_np_functions.TestNPFunctions.test_setdiff1d_3
numba-nocache,0,3.5828998079523444e-05,0,numba.tests.test_np_functions.TestNPFunctions.test_setdiff1d_3
numba-nocache,0,0.0001052520092343,0,numba.tests.test_np_functions.TestNPFunctions.test_setdiff1d_3
numba-nocache,0,8.779099152889103e-05,0,numba.tests.test_np_functions.TestNPFunctions.test_setdiff1d_3
numba-nocache,0,3.61780112143606e-05,0,numba.tests.test_np_functions.TestNPFunctions.test_setdiff1d_3
numba-nocache,0,8.42300069052726e-05,0,numba.tests.test_np_functions.TestNPFunctions.test_setdiff1d_3
numba-nocache,0,0.0001364709896733,0,numba.tests.test_np_functions.TestNPFunctions.test_setdiff1d_3
numba-nocache,0,0.1690184990002308,0,numba.tests.test_np_functions.TestNPFunctions.test_setdiff1d_3
numba-nocache,0,4.197499947622418e-05,0,numba.tests.test_np_functions.TestNPFunctions.test_setdiff1d_3
numba-nocache,0,4.728299973066896e-05,0,numba.tests.test_np_functions.TestNPFunctions.test_setdiff1d_3
numba-nocache,0,9.46360087255016e-05,0,numba.tests.test_np_functions.TestNPFunctions.test_setdiff1d_3
numba-nocache,0,8.388000424019992e-05,0,numba.tests.test_np_functions.TestNPFunctions.test_setdiff1d_3
numba-nocache,0,5.335900641512126e-05,0,numba.tests.test_np_functions.TestNPFunctions.test_setdiff1d_3
numba-nocache,0,0.0001125160051742,0,numba.tests.test_np_functions.TestNPFunctions.test_setdiff1d_3
numba-nocache,0,8.69530049385503e-05,0,numba.tests.test_np_functions.TestNPFunctions.test_setdiff1d_3
numba-nocache,0,0.7836019749956904,0,numba.tests.test_np_functions.TestNPFunctions.test_setdiff1d_3
numba-nocache,0,4.546699346974492e-05,0,numba.tests.test_np_functions.TestNPFunctions.test_setdiff1d_3
numba-nocache,0,5.482599954120815e-05,0,numba.tests.test_np_functions.TestNPFunctions.test_setdiff1d_3
numba-nocache,0,0.8787699100066675,0,numba.tests.test_np_functions.TestNPFunctions.test_setdiff1d_3
numba-nocache,0,0.0002632349933264,0,numba.tests.test_np_functions.TestNPFunctions.test_setdiff1d_3
numba-nocache,0,0.0002500350092304,0,numba.tests.test_np_functions.TestNPFunctions.test_setdiff1d_3
numba-nocache,0,1.04950044999714,0,numba.tests.test_np_functions.TestNPFunctions.test_setdiff1d_3
numba-nocache,0,3.841400030069053e-05,0,numba.tests.test_np_functions.TestNPFunctions.test_setdiff1d_3
numba-nocache,0,8.29030032036826e-05,0,numba.tests.test_np_functions.TestNPFunctions.test_setdiff1d_3
numba-nocache,0,0.0321420010004658,0,numba.tests.test_np_functions.TestNPFunctions.test_setdiff1d_3
numba-nocache,0,5.063500429969281e-05,0,numba.tests.test_np_functions.TestNPFunctions.test_setdiff1d_3
numba-nocache,0,8.185500337276608e-05,0,numba.tests.test_np_functions.TestNPFunctions.test_setdiff1d_3
numba-nocache,0,7.899200136307627e-05,0,numba.tests.test_np_functions.TestNPFunctions.test_setdiff1d_3
numba-nocache,0,1.4883744749968173,0,numba.tests.test_np_functions.TestNPFunctions.test_setdiff1d_3
numba-nocache,0,4.400100442580879e-05,0,numba.tests.test_np_functions.TestNPFunctions.test_setdiff1d_3
numba-nocache,0,4.14160022046417e-05,0,numba.tests.test_np_functions.TestNPFunctions.test_setdiff1d_3
numba-nocache,0,0.0142582819971721,0,numba.tests.test_np_functions.TestNPFunctions.test_setdiff1d_3
numba-nocache,0,4.728299973066896e-05,0,numba.tests.test_np_functions.TestNPFunctions.test_setdiff1d_3
numba-nocache,0,6.837600085418671e-05,0,numba.tests.test_np_functions.TestNPFunctions.test_setdiff1d_3
numba-nocache,0,7.333401299547404e-05,0,numba.tests.test_np_functions.TestNPFunctions.test_setdiff1d_3
numba-nocache,0,6.1112004914321e-05,0,numba.tests.test_np_functions.TestNPFunctions.test_setdiff1d_3
numba-nocache,0,7.033100700937212e-05,0,numba.tests.test_np_functions.TestNPFunctions.test_setdiff1d_3
numba-nocache,0,6.907399802003056e-05,0,numba.tests.test_np_functions.TestNPFunctions.test_setdiff1d_3
numba-nocache,0,4.225500742904842e-05,0,numba.tests.test_np_functions.TestNPFunctions.test_setdiff1d_3
numba-nocache,0,3.771499905269593e-05,0,numba.tests.test_np_functions.TestNPFunctions.test_setdiff1d_3
numba-nocache,0,0.0431586969934869,0,numba.tests.test_np_functions.TestNPFunctions.test_setdiff1d_3
numba-nocache,0,4.155599162913859e-05,0,numba.tests.test_np_functions.TestNPFunctions.test_setdiff1d_3
numba-nocache,0,4.616600926965475e-05,0,numba.tests.test_np_functions.TestNPFunctions.test_setdiff1d_3
numba-nocache,0,0.0001483449887018,0,numba.tests.test_np_functions.TestNPFunctions.test_setdiff1d_3
numba-nocache,0,0.0001274620008189,0,numba.tests.test_np_functions.TestNPFunctions.test_setdiff1d_3
numba-nocache,0,3.827299224212766e-05,0,numba.tests.test_np_functions.TestNPFunctions.test_setdiff1d_3
numba-nocache,0,8.702299965079874e-05,0,numba.tests.test_np_functions.TestNPFunctions.test_setdiff1d_3
numba-nocache,0,6.488298822659999e-05,0,numba.tests.test_np_functions.TestNPFunctions.test_setdiff1d_3
numba-nocache,0,4.993699258193374e-05,0,numba.tests.test_np_functions.TestNPFunctions.test_setdiff1d_3
numba-nocache,0,9.49160021264106e-05,0,numba.tests.test_np_functions.TestNPFunctions.test_setdiff1d_3
numba-nocache,0,8.003899711184204e-05,0,numba.tests.test_np_functions.TestNPFunctions.test_setdiff1d_3
numba-nocache,0,5.34290011273697e-05,0,numba.tests.test_np_functions.TestNPFunctions.test_setdiff1d_3
numba-nocache,0,3.855300019495189e-05,0,numba.tests.test_np_functions.TestNPFunctions.test_setdiff1d_3
numba-nocache,0,5.8178004110232e-05,0,numba.tests.test_np_functions.TestNPFunctions.test_setdiff1d_3
numba-nocache,0,9.435699030291288e-05,0,numba.tests.test_np_functions.TestNPFunctions.test_setdiff1d_3
numba-nocache,0,8.17849941086024e-05,0,numba.tests.test_np_functions.TestNPFunctions.test_setdiff1d_3
numba-nocache,0,4.295299004297704e-05,0,numba.tests.test_np_functions.TestNPFunctions.test_setdiff1d_3
numba-nocache,0,0.0515279550018021,0,numba.tests.test_np_functions.TestNPFunctions.test_setdiff1d_3
numba-nocache,0,5.69219992030412e-05,0,numba.tests.test_np_functions.TestNPFunctions.test_setdiff1d_3
numba-nocache,0,0.0583667629980482,0,numba.tests.test_np_functions.TestNPFunctions.test_setdiff1d_3
numba-nocache,0,4.0090002585202456e-05,0,numba.tests.test_np_functions.TestNPFunctions.test_setdiff1d_3
numba-nocache,0,4.791100218426436e-05,0,numba.tests.test_np_functions.TestNPFunctions.test_setdiff1d_3
numba-nocache,0,4.085799446329474e-05,0,numba.tests.test_np_functions.TestNPFunctions.test_setdiff1d_3
numba-nocache,0,0.0001019689952954,0,numba.tests.test_np_functions.TestNPFunctions.test_setdiff1d_3
numba-nocache,0,0.0001086749980458,0,numba.tests.test_np_functions.TestNPFunctions.test_setdiff1d_3
numba-nocache,0,3.904099867213517e-05,0,numba.tests.test_np_functions.TestNPFunctions.test_setdiff1d_3
numba-nocache,0,5.440700624603778e-05,0,numba.tests.test_np_functions.TestNPFunctions.test_setdiff1d_3
numba-nocache,0,3.547999949660152e-05,0,numba.tests.test_np_functions.TestNPFunctions.test_setdiff1d_3
numba-nocache,0,3.2405994716100395e-05,0,numba.tests.test_np_functions.TestNPFunctions.test_setdiff1d_3
numba-nocache,0,7.941000512801111e-05,0,numba.tests.test_np_functions.TestNPFunctions.test_setdiff1d_3
numba-nocache,0,7.382300100289285e-05,0,numba.tests.test_np_functions.TestNPFunctions.test_setdiff1d_3
numba-nocache,0,4.602600529324263e-05,0,numba.tests.test_np_functions.TestNPFunctions.test_setdiff1d_3
numba-nocache,0,6.774700887035578e-05,0,numba.tests.test_np_functions.TestNPFunctions.test_setdiff1d_3
numba-nocache,0,3.3595002605579793e-05,0,numba.tests.test_np_functions.TestNPFunctions.test_setdiff1d_3
numba-nocache,0,4.812100087292493e-05,0,numba.tests.test_np_functions.TestNPFunctions.test_setdiff1d_3
numba-nocache,0,3.2894997275434434e-05,0,numba.tests.test_np_functions.TestNPFunctions.test_setdiff1d_3
numba-nocache,0,3.9250997360795736e-05,0,numba.tests.test_np_functions.TestNPFunctions.test_setdiff1d_3
numba-nocache,0,4.162600089330226e-05,0,numba.tests.test_np_functions.TestNPFunctions.test_setdiff1d_3
numba-nocache,0,0.0002225179923698,0,numba.tests.test_np_functions.TestNPFunctions.test_setdiff1d_3
numba-nocache,0,5.7201003073714674e-05,0,numba.tests.test_np_functions.TestNPFunctions.test_setdiff1d_3
numba-nocache,0,3.708699659910053e-05,0,numba.tests.test_np_functions.TestNPFunctions.test_setdiff1d_3
numba-nocache,0,6.104199565015733e-05,0,numba.tests.test_np_functions.TestNPFunctions.test_setdiff1d_3
numba-nocache,0,6.949299131520092e-05,0,numba.tests.test_np_functions.TestNPFunctions.test_setdiff1d_3
numba-nocache,0,3.6666999221779406e-05,0,numba.tests.test_np_functions.TestNPFunctions.test_setdiff1d_3
numba-nocache,0,6.474398833233863e-05,0,numba.tests.test_np_functions.TestNPFunctions.test_setdiff1d_3
numba-nocache,0,3.429201024118811e-05,0,numba.tests.test_np_functions.TestNPFunctions.test_setdiff1d_3
numba-nocache,0,3.1499002943746746e-05,0,numba.tests.test_np_functions.TestNPFunctions.test_setdiff1d_3
numba-nocache,0,4.1485996916890144e-05,0,numba.tests.test_np_functions.TestNPFunctions.test_setdiff1d_3
numba-nocache,0,5.0914997700601816e-05,0,numba.tests.test_np_functions.TestNPFunctions.test_setdiff1d_3
numba-nocache,0,3.2894997275434434e-05,0,numba.tests.test_np_functions.TestNPFunctions.test_setdiff1d_3
numba-nocache,0,5.7201003073714674e-05,0,numba.tests.test_np_functions.TestNPFunctions.test_setdiff1d_3
numba-nocache,0,3.3383999834768474e-05,0,numba.tests.test_np_functions.TestNPFunctions.test_setdiff1d_3
numba-nocache,0,3.8551996112801135e-05,0,numba.tests.test_np_functions.TestNPFunctions.test_setdiff1d_3
numba-nocache,0,3.240699879825115e-05,0,numba.tests.test_np_functions.TestNPFunctions.test_setdiff1d_3
numba-nocache,0,6.495299749076366e-05,0,numba.tests.test_np_functions.TestNPFunctions.test_setdiff1d_3
numba-nocache,0,3.527000080794096e-05,0,numba.tests.test_np_functions.TestNPFunctions.test_setdiff1d_3
numba-nocache,0,0.4384764129936229,0,numba.tests.test_np_functions.TestNPFunctions.test_setdiff1d_3
numba-nocache,0,4.714301030617207e-05,0,numba.tests.test_np_functions.TestNPFunctions.test_setdiff1d_3
numba-nocache,0,9.205199603457004e-05,0,numba.tests.test_np_functions.TestNPFunctions.test_setdiff1d_3
numba-nocache,0,9.966499055735768e-05,0,numba.tests.test_np_functions.TestNPFunctions.test_setdiff1d_3
numba-nocache,0,4.393099516164512e-05,0,numba.tests.test_np_functions.TestNPFunctions.test_setdiff1d_3
numba-nocache,0,5.4267002269625664e-05,0,numba.tests.test_np_functions.TestNPFunctions.test_setdiff1d_3
numba-nocache,0,3.3384989365004e-05,0,numba.tests.test_np_functions.TestNPFunctions.test_setdiff1d_3
numba-nocache,0,0.0001306740014115,0,numba.tests.test_np_functions.TestNPFunctions.test_setdiff1d_3
numba-nocache,0,0.0001593799970578,0,numba.tests.test_np_functions.TestNPFunctions.test_setdiff1d_3
numba-nocache,0,4.190499021206051e-05,0,numba.tests.test_np_functions.TestNPFunctions.test_setdiff1d_3
numba-nocache,0,9.868699999060482e-05,0,numba.tests.test_np_functions.TestNPFunctions.test_setdiff1d_3
numba-nocache,0,5.873700138181448e-05,0,numba.tests.test_np_functions.TestNPFunctions.test_setdiff1d_3
numba-nocache,0,0.1008613299927674,0,numba.tests.test_np_functions.TestNPFunctions.test_setdiff1d_3
numba-nocache,0,4.4558997615240514e-05,0,numba.tests.test_np_functions.TestNPFunctions.test_setdiff1d_3
numba-nocache,0,6.1112004914321e-05,0,numba.tests.test_np_functions.TestNPFunctions.test_setdiff1d_3
numba-nocache,0,8.786200487520546e-05,0,numba.tests.test_np_functions.TestNPFunctions.test_setdiff1d_3
numba-nocache,0,0.0001016900059767,0,numba.tests.test_np_functions.TestNPFunctions.test_setdiff1d_3
numba-nocache,0,8.304200309794396e-05,0,numba.tests.test_np_functions.TestNPFunctions.test_setdiff1d_3
numba-nocache,0,8.12960061011836e-05,0,numba.tests.test_np_functions.TestNPFunctions.test_setdiff1d_3
numba-nocache,0,9.121399489231408e-05,0,numba.tests.test_np_functions.TestNPFunctions.test_setdiff1d_3
numba-nocache,0,0.7966567359981127,0,numba.tests.test_np_functions.TestNPFunctions.test_setdiff1d_3
numba-nocache,0,0.0001867579994723,0,numba.tests.test_np_functions.TestNPFunctions.test_setdiff1d_3
numba-nocache,0,0.0001535129995318,0,numba.tests.test_np_functions.TestNPFunctions.test_setdiff1d_3
numba-nocache,0,0.9035359480039916,0,numba.tests.test_np_functions.TestNPFunctions.test_setdiff1d_3
numba-nocache,0,6.82359968777746e-05,0,numba.tests.test_np_functions.TestNPFunctions.test_setdiff1d_3
numba-nocache,0,3.436299448367208e-05,0,numba.tests.test_np_functions.TestNPFunctions.test_setdiff1d_3
numba-nocache,0,0.0001007820101222,0,numba.tests.test_np_functions.TestNPFunctions.test_setdiff1d_3
numba-nocache,0,0.0001012020074995,0,numba.tests.test_np_functions.TestNPFunctions.test_setdiff1d_3
numba-nocache,0,9.631300054024904e-05,0,numba.tests.test_np_functions.TestNPFunctions.test_setdiff1d_3
numba-nocache,0,0.0001018999901134,0,numba.tests.test_np_functions.TestNPFunctions.test_setdiff1d_3
numba-nocache,0,8.024800627026707e-05,0,numba.tests.test_np_functions.TestNPFunctions.test_setdiff1d_3
numba-nocache,0,2.086882585004787,0,numba.tests.test_np_functions.TestNPFunctions.test_setdiff1d_3
numba-nocache,0,4.874900332652032e-05,0,numba.tests.test_np_functions.TestNPFunctions.test_setdiff1d_3
numba-nocache,0,4.400000034365803e-05,0,numba.tests.test_np_functions.TestNPFunctions.test_setdiff1d_3
numba-nocache,0,4.015900776721537e-05,0,numba.tests.test_np_functions.TestNPFunctions.test_setdiff1d_3
numba-nocache,0,4.34420071542263e-05,0,numba.tests.test_np_functions.TestNPFunctions.test_setdiff1d_3
numba-nocache,0,3.8623009459115565e-05,0,numba.tests.test_np_functions.TestNPFunctions.test_setdiff1d_3
numba-nocache,0,3.897200804203749e-05,0,numba.tests.test_np_functions.TestNPFunctions.test_setdiff1d_3
numba-nocache,0,4.432624599998235,0,numba.tests.test_np_functions.TestNPFunctions.test_setdiff1d_3
numba-nocache,0,4.400100442580879e-05,0,numba.tests.test_np_functions.TestNPFunctions.test_setdiff1d_3
numba-nocache,0,4.141700628679246e-05,0,numba.tests.test_np_functions.TestNPFunctions.test_setdiff1d_3
numba-nocache,0,5.148398712000926,0,numba.tests.test_np_functions.TestNPFunctions.test_setdiff1d_3
numba-nocache,0,7.948100392241031e-05,0,numba.tests.test_np_functions.TestNPFunctions.test_setdiff1d_3
numba-nocache,0,3.967000520788133e-05,0,numba.tests.test_np_functions.TestNPFunctions.test_setdiff1d_3
numba-nocache,0,4.525799886323512e-05,0,numba.tests.test_np_functions.TestNPFunctions.test_setdiff1d_3
numba-nocache,0,3.869298961944878e-05,0,numba.tests.test_np_functions.TestNPFunctions.test_setdiff1d_3
numba-nocache,0,0.0001269029889954,0,numba.tests.test_np_functions.TestNPFunctions.test_setdiff1d_3
numba-nocache,0,0.0001130739983636,0,numba.tests.test_np_functions.TestNPFunctions.test_setdiff1d_3
numba-nocache,0,9.337899973616004e-05,0,numba.tests.test_np_functions.TestNPFunctions.test_setdiff1d_3
numba-nocache,0,6.062298780307174e-05,0,numba.tests.test_np_functions.TestNPFunctions.test_setdiff1d_3
numba-nocache,0,5.810899892821908e-05,0,numba.tests.test_np_functions.TestNPFunctions.test_setdiff1d_3
numba-nocache,0,7.703599112574011e-05,0,numba.tests.test_np_functions.TestNPFunctions.test_setdiff1d_3
numba-nocache,0,4.379100573714823e-05,0,numba.tests.test_np_functions.TestNPFunctions.test_setdiff1d_3
numba-nocache,0,3.7784004234708846e-05,0,numba.tests.test_np_functions.TestNPFunctions.test_setdiff1d_3
numba-nocache,0,0.044810186009272,0,numba.tests.test_np_functions.TestNPFunctions.test_setdiff1d_3
numba-nocache,0,4.204499418847263e-05,0,numba.tests.test_np_functions.TestNPFunctions.test_setdiff1d_3
numba-nocache,0,5.196299753151834e-05,0,numba.tests.test_np_functions.TestNPFunctions.test_setdiff1d_3
numba-nocache,0,8.318199252244085e-05,0,numba.tests.test_np_functions.TestNPFunctions.test_setdiff1d_3
numba-nocache,0,0.0001028779952321,0,numba.tests.test_np_functions.TestNPFunctions.test_setdiff1d_3
numba-nocache,0,7.431200356222689e-05,0,numba.tests.test_np_functions.TestNPFunctions.test_setdiff1d_3
numba-nocache,0,9.254099859390408e-05,0,numba.tests.test_np_functions.TestNPFunctions.test_setdiff1d_3
numba-nocache,0,0.0001482059888076,0,numba.tests.test_np_functions.TestNPFunctions.test_setdiff1d_3
numba-nocache,0,0.0001285789912799,0,numba.tests.test_np_functions.TestNPFunctions.test_setdiff1d_3
numba-nocache,0,8.604599861428142e-05,0,numba.tests.test_np_functions.TestNPFunctions.test_setdiff1d_3
numba-nocache,0,5.405799311120063e-05,0,numba.tests.test_np_functions.TestNPFunctions.test_setdiff1d_3
numba-nocache,0,4.6444998588413e-05,0,numba.tests.test_np_functions.TestNPFunctions.test_setdiff1d_3
numba-nocache,0,5.915600922890008e-05,0,numba.tests.test_np_functions.TestNPFunctions.test_setdiff1d_3
numba-nocache,0,6.928299262654036e-05,0,numba.tests.test_np_functions.TestNPFunctions.test_setdiff1d_3
numba-nocache,0,6.292799662332982e-05,0,numba.tests.test_np_functions.TestNPFunctions.test_setdiff1d_3
numba-nocache,0,8.415999764110893e-05,0,numba.tests.test_np_functions.TestNPFunctions.test_setdiff1d_3
numba-nocache,0,8.401999366469681e-05,0,numba.tests.test_np_functions.TestNPFunctions.test_setdiff1d_3
numba-nocache,0,8.527700265403837e-05,0,numba.tests.test_np_functions.TestNPFunctions.test_setdiff1d_3
numba-nocache,0,8.918899402488023e-05,0,numba.tests.test_np_functions.TestNPFunctions.test_setdiff1d_3
numba-nocache,0,8.807099948171526e-05,0,numba.tests.test_np_functions.TestNPFunctions.test_setdiff1d_3
numba-nocache,0,1.0881666890054476,0,numba.tests.test_np_functions.TestNPFunctions.test_setdiff1d_3
numba-nocache,0,6.746700091753155e-05,0,numba.tests.test_np_functions.TestNPFunctions.test_setdiff1d_3
numba-nocache,0,0.00011684600031,0,numba.tests.test_np_functions.TestNPFunctions.test_setdiff1d_3
numba-nocache,0,4.832999547943473e-05,0,numba.tests.test_np_functions.TestNPFunctions.test_setdiff1d_3
numba-nocache,0,4.630599869415164e-05,0,numba.tests.test_np_functions.TestNPFunctions.test_setdiff1d_3
numba-nocache,0,3.71570058632642e-05,0,numba.tests.test_np_functions.TestNPFunctions.test_setdiff1d_3
numba-nocache,0,4.0996994357556105e-05,0,numba.tests.test_np_functions.TestNPFunctions.test_setdiff1d_3
numba-nocache,0,1.8381348340044497,0,numba.tests.test_np_functions.TestNPFunctions.test_setdiff1d_3
numba-nocache,0,4.036899190396071e-05,0,numba.tests.test_np_functions.TestNPFunctions.test_setdiff1d_3
numba-nocache,0,3.680700319819152e-05,0,numba.tests.test_np_functions.TestNPFunctions.test_setdiff1d_3
numba-nocache,0,2.5678378510056064,0,numba.tests.test_np_functions.TestNPFunctions.test_setdiff1d_3
numba-nocache,0,8.332199649885297e-05,0,numba.tests.test_np_functions.TestNPFunctions.test_setdiff1d_3
numba-nocache,0,7.144900155253708e-05,0,numba.tests.test_np_functions.TestNPFunctions.test_setdiff1d_3
numba-nocache,0,0.0001137030048994,0,numba.tests.test_np_functions.TestNPFunctions.test_setdiff1d_3
numba-nocache,0,5.2032002713531256e-05,0,numba.tests.test_np_functions.TestNPFunctions.test_setdiff1d_3
numba-nocache,0,0.0001240400015376,0,numba.tests.test_np_functions.TestNPFunctions.test_setdiff1d_3
numba-nocache,0,4.8959002015180886e-05,0,numba.tests.test_np_functions.TestNPFunctions.test_setdiff1d_3
numba-nocache,0,5.489599425345659e-05,0,numba.tests.test_np_functions.TestNPFunctions.test_setdiff1d_3
numba-nocache,0,6.250900332815945e-05,0,numba.tests.test_np_functions.TestNPFunctions.test_setdiff1d_3
numba-nocache,0,0.0001229920017067,0,numba.tests.test_np_functions.TestNPFunctions.test_setdiff1d_3
numba-nocache,0,8.031800098251551e-05,0,numba.tests.test_np_functions.TestNPFunctions.test_setdiff1d_3
numba-nocache,0,4.71439998364076e-05,0,numba.tests.test_np_functions.TestNPFunctions.test_setdiff1d_3
numba-nocache,0,3.673700848594308e-05,0,numba.tests.test_np_functions.TestNPFunctions.test_setdiff1d_3
numba-nocache,0,0.0431025439902441,0,numba.tests.test_np_functions.TestNPFunctions.test_setdiff1d_3
numba-nocache,0,3.9530001231469214e-05,0,numba.tests.test_np_functions.TestNPFunctions.test_setdiff1d_3
numba-nocache,0,4.57459973404184e-05,0,numba.tests.test_np_functions.TestNPFunctions.test_setdiff1d_3
numba-nocache,0,0.000678238007822,0,numba.tests.test_np_functions.TestNPFunctions.test_setdiff1d_3
numba-nocache,0,7.396300497930497e-05,0,numba.tests.test_np_functions.TestNPFunctions.test_setdiff1d_3
numba-nocache,0,6.963299529161304e-05,0,numba.tests.test_np_functions.TestNPFunctions.test_setdiff1d_3
numba-nocache,0,0.0001464590022806,0,numba.tests.test_np_functions.TestNPFunctions.test_setdiff1d_3
numba-nocache,0,0.0002447269944241,0,numba.tests.test_np_functions.TestNPFunctions.test_setdiff1d_3
numba-nocache,0,0.0001573539921082,0,numba.tests.test_np_functions.TestNPFunctions.test_setdiff1d_3
numba-nocache,0,9.13539988687262e-05,0,numba.tests.test_np_functions.TestNPFunctions.test_setdiff1d_3
numba-nocache,0,4.686399188358337e-05,0,numba.tests.test_np_functions.TestNPFunctions.test_setdiff1d_3
numba-nocache,0,3.911100793629885e-05,0,numba.tests.test_np_functions.TestNPFunctions.test_setdiff1d_3
numba-nocache,0,3.764498978853226e-05,0,numba.tests.test_np_functions.TestNPFunctions.test_setdiff1d_3
numba-nocache,0,4.435000300873071e-05,0,numba.tests.test_np_functions.TestNPFunctions.test_setdiff1d_3
numba-nocache,0,6.153099820949137e-05,0,numba.tests.test_np_functions.TestNPFunctions.test_setdiff1d_3
numba-nocache,0,8.19950073491782e-05,0,numba.tests.test_np_functions.TestNPFunctions.test_setdiff1d_3
numba-nocache,0,8.241400064434856e-05,0,numba.tests.test_np_functions.TestNPFunctions.test_setdiff1d_3
numba-nocache,0,7.773400284349918e-05,0,numba.tests.test_np_functions.TestNPFunctions.test_setdiff1d_3
numba-nocache,0,4.462900687940419e-05,0,numba.tests.test_np_functions.TestNPFunctions.test_setdiff1d_3
numba-nocache,0,0.0221443019981961,0,numba.tests.test_np_functions.TestNPFunctions.test_setdiff1d_3
numba-nocache,0,4.358199657872319e-05,0,numba.tests.test_np_functions.TestNPFunctions.test_setdiff1d_3
numba-nocache,0,0.0593149399937829,0,numba.tests.test_np_functions.TestNPFunctions.test_setdiff1d_3
numba-nocache,0,9.393799700774252e-05,0,numba.tests.test_np_functions.TestNPFunctions.test_setdiff1d_3
numba-nocache,0,9.854701056610792e-05,0,numba.tests.test_np_functions.TestNPFunctions.test_setdiff1d_3
numba-nocache,0,8.402000821661204e-05,0,numba.tests.test_np_functions.TestNPFunctions.test_setdiff1d_3
numba-nocache,0,8.730200352147222e-05,0,numba.tests.test_np_functions.TestNPFunctions.test_setdiff1d_3
numba-nocache,0,6.816600216552615e-05,0,numba.tests.test_np_functions.TestNPFunctions.test_setdiff1d_3
numba-nocache,0,9.819900151342154e-05,0,numba.tests.test_np_functions.TestNPFunctions.test_setdiff1d_3
numba-nocache,0,8.541699207853526e-05,0,numba.tests.test_np_functions.TestNPFunctions.test_setdiff1d_3
numba-nocache,0,9.540500468574464e-05,0,numba.tests.test_np_functions.TestNPFunctions.test_setdiff1d_3
numba-nocache,0,9.135401342064142e-05,0,numba.tests.test_np_functions.TestNPFunctions.test_setdiff1d_3
numba-nocache,0,8.534701191820204e-05,0,numba.tests.test_np_functions.TestNPFunctions.test_setdiff1d_3
numba-nocache,0,9.351900371257216e-05,0,numba.tests.test_np_functions.TestNPFunctions.test_setdiff1d_3
numba-nocache,0,8.702299965079874e-05,0,numba.tests.test_np_functions.TestNPFunctions.test_setdiff1d_3
numba-nocache,0,0.0001554689952172,0,numba.tests.test_np_functions.TestNPFunctions.test_setdiff1d_3
numba-nocache,0,0.0001350050006294,0,numba.tests.test_np_functions.TestNPFunctions.test_setdiff1d_3
numba-nocache,0,8.143601007759571e-05,0,numba.tests.test_np_functions.TestNPFunctions.test_setdiff1d_3
numba-nocache,0,0.0001035760069498,0,numba.tests.test_np_functions.TestNPFunctions.test_setdiff1d_3
numba-nocache,0,7.493999146390706e-05,0,numba.tests.test_np_functions.TestNPFunctions.test_setdiff1d_3
numba-nocache,0,8.12960061011836e-05,0,numba.tests.test_np_functions.TestNPFunctions.test_setdiff1d_3
numba-nocache,0,9.19820013223216e-05,0,numba.tests.test_np_functions.TestNPFunctions.test_setdiff1d_3
numba-nocache,0,7.899200136307627e-05,0,numba.tests.test_np_functions.TestNPFunctions.test_setdiff1d_3
numba-nocache,0,8.381099905818701e-05,0,numba.tests.test_np_functions.TestNPFunctions.test_setdiff1d_3
numba-nocache,0,8.63250024849549e-05,0,numba.tests.test_np_functions.TestNPFunctions.test_setdiff1d_3
numba-nocache,0,0.0001063700037775,0,numba.tests.test_np_functions.TestNPFunctions.test_setdiff1d_3
numba-nocache,0,8.290298865176737e-05,0,numba.tests.test_np_functions.TestNPFunctions.test_setdiff1d_3
numba-nocache,0,0.0001183120039058,0,numba.tests.test_np_functions.TestNPFunctions.test_setdiff1d_3
numba-nocache,0,7.91309867054224e-05,0,numba.tests.test_np_functions.TestNPFunctions.test_setdiff1d_3
numba-nocache,0,8.52779921842739e-05,0,numba.tests.test_np_functions.TestNPFunctions.test_setdiff1d_3
numba-nocache,0,9.680099901743232e-05,0,numba.tests.test_np_functions.TestNPFunctions.test_setdiff1d_3
numba-nocache,0,8.192501263692975e-05,0,numba.tests.test_np_functions.TestNPFunctions.test_setdiff1d_3
numba-nocache,0,8.981699647847563e-05,0,numba.tests.test_np_functions.TestNPFunctions.test_setdiff1d_3
numba-nocache,0,8.527700265403837e-05,0,numba.tests.test_np_functions.TestNPFunctions.test_setdiff1d_3
numba-nocache,0,6.628000119235367e-05,0,numba.tests.test_np_functions.TestNPFunctions.test_setdiff1d_3
numba-nocache,0,0.0001245290040969,0,numba.tests.test_np_functions.TestNPFunctions.test_setdiff1d_3
numba-nocache,0,8.772200089879334e-05,0,numba.tests.test_np_functions.TestNPFunctions.test_setdiff1d_3
numba-nocache,0,9.812800271902232e-05,0,numba.tests.test_np_functions.TestNPFunctions.test_setdiff1d_3
numba-nocache,0,9.072500688489528e-05,0,numba.tests.test_np_functions.TestNPFunctions.test_setdiff1d_3
numba-nocache,0,0.0001111189922085,0,numba.tests.test_np_functions.TestNPFunctions.test_setdiff1d_3
numba-nocache,0,7.214699871838093e-05,0,numba.tests.test_np_functions.TestNPFunctions.test_setdiff1d_3
numba-nocache,0,0.0001076969929272,0,numba.tests.test_np_functions.TestNPFunctions.test_setdiff1d_3
numba-nocache,0,8.492800407111645e-05,0,numba.tests.test_np_functions.TestNPFunctions.test_setdiff1d_3
numba-nocache,0,5.629200313705951e-05,0,numba.tests.test_np_functions.TestNPFunctions.test_setdiff1d_3
numba-nocache,0,0.0001244589948328,0,numba.tests.test_np_functions.TestNPFunctions.test_setdiff1d_3
numba-nocache,0,0.0001005730009637,0,numba.tests.test_np_functions.TestNPFunctions.test_setdiff1d_3
numba-nocache,0,8.380999497603625e-05,0,numba.tests.test_np_functions.TestNPFunctions.test_setdiff1d_3
numba-nocache,0,8.304299262817949e-05,0,numba.tests.test_np_functions.TestNPFunctions.test_setdiff1d_3
numba-nocache,0,0.0002048469905275,0,numba.tests.test_np_functions.TestNPFunctions.test_setdiff1d_3
numba-nocache,0,9.114400018006565e-05,0,numba.tests.test_np_functions.TestNPFunctions.test_setdiff1d_3
numba-nocache,0,7.438199827447534e-05,0,numba.tests.test_np_functions.TestNPFunctions.test_setdiff1d_3
numba-nocache,0,8.485901344101876e-05,0,numba.tests.test_np_functions.TestNPFunctions.test_setdiff1d_3
numba-nocache,0,8.255300053860992e-05,0,numba.tests.test_np_functions.TestNPFunctions.test_setdiff1d_3
numba-nocache,0,0.6504306729912059,0,numba.tests.test_np_functions.TestNPFunctions.test_setdiff1d_3
numba-nocache,0,4.665499727707356e-05,0,numba.tests.test_np_functions.TestNPFunctions.test_setdiff1d_3
numba-nocache,0,4.413998976815492e-05,0,numba.tests.test_np_functions.TestNPFunctions.test_setdiff1d_3
numba-nocache,0,3.3873002394102514e-05,0,numba.tests.test_np_functions.TestNPFunctions.test_setdiff1d_3
numba-nocache,0,0.753470240990282,0,numba.tests.test_np_functions.TestNPFunctions.test_setdiff1d_3
numba-nocache,0,3.94609960494563e-05,0,numba.tests.test_np_functions.TestNPFunctions.test_setdiff1d_3
numba-nocache,0,8.604599861428142e-05,0,numba.tests.test_np_functions.TestNPFunctions.test_setdiff1d_3
numba-nocache,0,8.409000292886049e-05,0,numba.tests.test_np_functions.TestNPFunctions.test_setdiff1d_3
numba-nocache,0,8.234400593210012e-05,0,numba.tests.test_np_functions.TestNPFunctions.test_setdiff1d_3
numba-nocache,0,1.9085351240064483,0,numba.tests.test_np_functions.TestNPFunctions.test_setdiff1d_3
numba-nocache,0,4.483800148591399e-05,0,numba.tests.test_np_functions.TestNPFunctions.test_setdiff1d_3
numba-nocache,0,4.393099516164512e-05,0,numba.tests.test_np_functions.TestNPFunctions.test_setdiff1d_3
numba-nocache,0,3.7156001781113446e-05,0,numba.tests.test_np_functions.TestNPFunctions.test_setdiff1d_3
numba-nocache,0,4.239399277139455e-05,0,numba.tests.test_np_functions.TestNPFunctions.test_setdiff1d_3
numba-nocache,0,3.624800592660904e-05,0,numba.tests.test_np_functions.TestNPFunctions.test_setdiff1d_3
numba-nocache,0,3.799400292336941e-05,0,numba.tests.test_np_functions.TestNPFunctions.test_setdiff1d_3
numba-nocache,0,2.5545987759978743,0,numba.tests.test_np_functions.TestNPFunctions.test_setdiff1d_3
numba-nocache,0,5.713100836146623e-05,0,numba.tests.test_np_functions.TestNPFunctions.test_setdiff1d_3
numba-nocache,0,5.985499592497945e-05,0,numba.tests.test_np_functions.TestNPFunctions.test_setdiff1d_3
numba-nocache,0,3.151461752000614,0,numba.tests.test_np_functions.TestNPFunctions.test_setdiff1d_3
numba-nocache,0,8.213501132559031e-05,0,numba.tests.test_np_functions.TestNPFunctions.test_setdiff1d_3
numba-nocache,0,3.939098678529263e-05,0,numba.tests.test_np_functions.TestNPFunctions.test_setdiff1d_3
numba-nocache,0,5.440699169412255e-05,0,numba.tests.test_np_functions.TestNPFunctions.test_setdiff1d_3
numba-nocache,0,3.799400292336941e-05,0,numba.tests.test_np_functions.TestNPFunctions.test_setdiff1d_3
numba-nocache,0,3.959999594371766e-05,0,numba.tests.test_np_functions.TestNPFunctions.test_setdiff1d_3
numba-nocache,0,3.953099076170474e-05,0,numba.tests.test_np_functions.TestNPFunctions.test_setdiff1d_3
numba-nocache,0,3.869300417136401e-05,0,numba.tests.test_np_functions.TestNPFunctions.test_setdiff1d_3
numba-nocache,0,3.9739999920129776e-05,0,numba.tests.test_np_functions.TestNPFunctions.test_setdiff1d_3
numba-nocache,0,4.532800812739879e-05,0,numba.tests.test_np_functions.TestNPFunctions.test_setdiff1d_3
numba-nocache,0,5.196301208343357e-05,0,numba.tests.test_np_functions.TestNPFunctions.test_setdiff1d_3
numba-nocache,0,0.6263417550071608,0,numba.tests.test_np_functions.TestNPFunctions.test_setdiff1d_3
numba-nocache,0,5.063498974777758e-05,0,numba.tests.test_np_functions.TestNPFunctions.test_setdiff1d_3
numba-nocache,0,5.0775997806340456e-05,0,numba.tests.test_np_functions.TestNPFunctions.test_setdiff1d_3
numba-nocache,0,1.21729580500687,0,numba.tests.test_np_functions.TestNPFunctions.test_setdiff1d_3
numba-cache,0,0.1096359039947856,0,numba.tests.test_operators.TestMixedIntsOperatorModule.test_rshift
numba-cache,0,0.0353097740007797,0,numba.tests.test_operators.TestMixedIntsOperatorModule.test_rshift
numba-cache,0,0.036266469003749,0,numba.tests.test_operators.TestMixedIntsOperatorModule.test_rshift
numba-cache,0,0.0399908599938498,0,numba.tests.test_operators.TestMixedIntsOperatorModule.test_rshift
numba-cache,0,0.036514477993478,0,numba.tests.test_operators.TestMixedIntsOperatorModule.test_rshift
numba-cache,0,0.0338815069990232,0,numba.tests.test_operators.TestMixedIntsOperatorModule.test_rshift
numba-cache,0,0.0342321140051353,0,numba.tests.test_operators.TestMixedIntsOperatorModule.test_rshift
numba-cache,0,0.0340704999980516,0,numba.tests.test_operators.TestMixedIntsOperatorModule.test_rshift
numba-cache,0,0.0352129039965802,0,numba.tests.test_operators.TestMixedIntsOperatorModule.test_rshift
numba-cache,0,0.0338624400028493,0,numba.tests.test_operators.TestMixedIntsOperatorModule.test_rshift
numba-cache,0,0.0336500499979592,0,numba.tests.test_operators.TestMixedIntsOperatorModule.test_rshift
numba-cache,0,0.0354189369973028,0,numba.tests.test_operators.TestMixedIntsOperatorModule.test_rshift
numba-cache,0,0.0345133669907227,0,numba.tests.test_operators.TestMixedIntsOperatorModule.test_rshift
numba-cache,0,0.0366142120037693,0,numba.tests.test_operators.TestMixedIntsOperatorModule.test_rshift
numba-cache,0,0.0444805080041987,0,numba.tests.test_operators.TestMixedIntsOperatorModule.test_rshift
numba-cache,0,0.0353846450016135,0,numba.tests.test_operators.TestMixedIntsOperatorModule.test_rshift
numba-cache,1,0.0669368779927026,1,numba.tests.test_operators.TestMixedIntsOperatorModule.test_rshift
numba-cache,1,0.0015792649937793,1,numba.tests.test_operators.TestMixedIntsOperatorModule.test_rshift
numba-cache,1,0.0014049390010768,1,numba.tests.test_operators.TestMixedIntsOperatorModule.test_rshift
numba-cache,1,0.0015542610053671,1,numba.tests.test_operators.TestMixedIntsOperatorModule.test_rshift
numba-cache,1,0.0015102610050234,1,numba.tests.test_operators.TestMixedIntsOperatorModule.test_rshift
numba-cache,1,0.0020696240098914,1,numba.tests.test_operators.TestMixedIntsOperatorModule.test_rshift
numba-cache,1,0.0016200519894482,1,numba.tests.test_operators.TestMixedIntsOperatorModule.test_rshift
numba-cache,1,0.001729912997689,1,numba.tests.test_operators.TestMixedIntsOperatorModule.test_rshift
numba-cache,1,0.0017256540013477,1,numba.tests.test_operators.TestMixedIntsOperatorModule.test_rshift
numba-cache,1,0.0014924510032869,1,numba.tests.test_operators.TestMixedIntsOperatorModule.test_rshift
numba-cache,1,0.0021630730043398,1,numba.tests.test_operators.TestMixedIntsOperatorModule.test_rshift
numba-cache,1,0.0018476669938536,1,numba.tests.test_operators.TestMixedIntsOperatorModule.test_rshift
numba-cache,1,0.0015242990048136,1,numba.tests.test_operators.TestMixedIntsOperatorModule.test_rshift
numba-cache,1,0.0014422350068343,1,numba.tests.test_operators.TestMixedIntsOperatorModule.test_rshift
numba-cache,1,0.0014763179933652,1,numba.tests.test_operators.TestMixedIntsOperatorModule.test_rshift
numba-cache,1,0.0014638849970651,1,numba.tests.test_operators.TestMixedIntsOperatorModule.test_rshift
numba-nocache,0,0.0985488550068112,0,numba.tests.test_operators.TestMixedIntsOperatorModule.test_rshift
numba-nocache,0,0.0310607040009927,0,numba.tests.test_operators.TestMixedIntsOperatorModule.test_rshift
numba-nocache,0,0.0291285200073616,0,numba.tests.test_operators.TestMixedIntsOperatorModule.test_rshift
numba-nocache,0,0.029202482997789,0,numba.tests.test_operators.TestMixedIntsOperatorModule.test_rshift
numba-nocache,0,0.031298517002142,0,numba.tests.test_operators.TestMixedIntsOperatorModule.test_rshift
numba-nocache,0,0.0302449469891143,0,numba.tests.test_operators.TestMixedIntsOperatorModule.test_rshift
numba-nocache,0,0.0317711389943724,0,numba.tests.test_operators.TestMixedIntsOperatorModule.test_rshift
numba-nocache,0,0.0293446119903819,0,numba.tests.test_operators.TestMixedIntsOperatorModule.test_rshift
numba-nocache,0,0.0307642239931738,0,numba.tests.test_operators.TestMixedIntsOperatorModule.test_rshift
numba-nocache,0,0.0283928720018593,0,numba.tests.test_operators.TestMixedIntsOperatorModule.test_rshift
numba-nocache,0,0.0291135050065349,0,numba.tests.test_operators.TestMixedIntsOperatorModule.test_rshift
numba-nocache,0,0.0295655920053832,0,numba.tests.test_operators.TestMixedIntsOperatorModule.test_rshift
numba-nocache,0,0.0288553669961402,0,numba.tests.test_operators.TestMixedIntsOperatorModule.test_rshift
numba-nocache,0,0.0312204329966334,0,numba.tests.test_operators.TestMixedIntsOperatorModule.test_rshift
numba-nocache,0,0.0268101090041454,0,numba.tests.test_operators.TestMixedIntsOperatorModule.test_rshift
numba-nocache,0,0.0310011290130205,0,numba.tests.test_operators.TestMixedIntsOperatorModule.test_rshift
numba-cache,0,0.025820561000728,0,numba.tests.test_unicode.TestUnicode.test_index_rindex_exception_substring_not_found
numba-cache,0,5.356899055186659e-05,0,numba.tests.test_unicode.TestUnicode.test_index_rindex_exception_substring_not_found
numba-cache,0,4.204499418847263e-05,0,numba.tests.test_unicode.TestUnicode.test_index_rindex_exception_substring_not_found
numba-cache,0,0.0402856629953021,0,numba.tests.test_unicode.TestUnicode.test_index_rindex_exception_substring_not_found
numba-cache,0,5.098499241285026e-05,0,numba.tests.test_unicode.TestUnicode.test_index_rindex_exception_substring_not_found
numba-cache,0,8.367000555153936e-05,0,numba.tests.test_unicode.TestUnicode.test_index_rindex_exception_substring_not_found
numba-cache,0,0.0686010470089968,0,numba.tests.test_unicode.TestUnicode.test_index_rindex_exception_substring_not_found
numba-cache,0,4.1346997022628784e-05,0,numba.tests.test_unicode.TestUnicode.test_index_rindex_exception_substring_not_found
numba-cache,0,0.03684741500183,0,numba.tests.test_unicode.TestUnicode.test_index_rindex_exception_substring_not_found
numba-cache,0,4.2323998059146106e-05,0,numba.tests.test_unicode.TestUnicode.test_index_rindex_exception_substring_not_found
numba-cache,0,4.295299004297704e-05,0,numba.tests.test_unicode.TestUnicode.test_index_rindex_exception_substring_not_found
numba-cache,0,3.3455013181082904e-05,0,numba.tests.test_unicode.TestUnicode.test_index_rindex_exception_substring_not_found
numba-cache,0,6.998100434429944e-05,0,numba.tests.test_unicode.TestUnicode.test_index_rindex_exception_substring_not_found
numba-cache,0,5.4128002375364304e-05,0,numba.tests.test_unicode.TestUnicode.test_index_rindex_exception_substring_not_found
numba-cache,0,3.2894997275434434e-05,0,numba.tests.test_unicode.TestUnicode.test_index_rindex_exception_substring_not_found
numba-cache,0,9.48450033320114e-05,0,numba.tests.test_unicode.TestUnicode.test_index_rindex_exception_substring_not_found
numba-cache,0,0.0358560780005063,0,numba.tests.test_unicode.TestUnicode.test_index_rindex_exception_substring_not_found
numba-cache,0,5.300999328028411e-05,0,numba.tests.test_unicode.TestUnicode.test_index_rindex_exception_substring_not_found
numba-cache,0,3.911201201844961e-05,0,numba.tests.test_unicode.TestUnicode.test_index_rindex_exception_substring_not_found
numba-cache,0,3.282599209342152e-05,0,numba.tests.test_unicode.TestUnicode.test_index_rindex_exception_substring_not_found
numba-cache,0,4.826099029742181e-05,0,numba.tests.test_unicode.TestUnicode.test_index_rindex_exception_substring_not_found
numba-cache,0,5.196299753151834e-05,0,numba.tests.test_unicode.TestUnicode.test_index_rindex_exception_substring_not_found
numba-cache,0,3.813300281763077e-05,0,numba.tests.test_unicode.TestUnicode.test_index_rindex_exception_substring_not_found
numba-cache,0,3.478099824860692e-05,0,numba.tests.test_unicode.TestUnicode.test_index_rindex_exception_substring_not_found
numba-cache,0,3.659698995761573e-05,0,numba.tests.test_unicode.TestUnicode.test_index_rindex_exception_substring_not_found
numba-cache,0,9.952498658094556e-05,0,numba.tests.test_unicode.TestUnicode.test_index_rindex_exception_substring_not_found
numba-cache,0,8.583599992562085e-05,0,numba.tests.test_unicode.TestUnicode.test_index_rindex_exception_substring_not_found
numba-cache,0,4.588600131683052e-05,0,numba.tests.test_unicode.TestUnicode.test_index_rindex_exception_substring_not_found
numba-cache,0,5.629200313705951e-05,0,numba.tests.test_unicode.TestUnicode.test_index_rindex_exception_substring_not_found
numba-cache,0,3.296500653959811e-05,0,numba.tests.test_unicode.TestUnicode.test_index_rindex_exception_substring_not_found
numba-cache,0,4.393099516164512e-05,0,numba.tests.test_unicode.TestUnicode.test_index_rindex_exception_substring_not_found
numba-cache,0,3.2616007956676185e-05,0,numba.tests.test_unicode.TestUnicode.test_index_rindex_exception_substring_not_found
numba-cache,0,4.728299973066896e-05,0,numba.tests.test_unicode.TestUnicode.test_index_rindex_exception_substring_not_found
numba-cache,0,3.980999463237822e-05,0,numba.tests.test_unicode.TestUnicode.test_index_rindex_exception_substring_not_found
numba-cache,0,3.708599251694977e-05,0,numba.tests.test_unicode.TestUnicode.test_index_rindex_exception_substring_not_found
numba-cache,0,0.0004122770042158,0,numba.tests.test_unicode.TestUnicode.test_index_rindex_exception_substring_not_found
numba-cache,0,4.518700006883592e-05,0,numba.tests.test_unicode.TestUnicode.test_index_rindex_exception_substring_not_found
numba-cache,0,5.098400288261473e-05,0,numba.tests.test_unicode.TestUnicode.test_index_rindex_exception_substring_not_found
numba-cache,0,6.718799704685807e-05,0,numba.tests.test_unicode.TestUnicode.test_index_rindex_exception_substring_not_found
numba-cache,0,3.527000080794096e-05,0,numba.tests.test_unicode.TestUnicode.test_index_rindex_exception_substring_not_found
numba-cache,0,8.094700751826167e-05,0,numba.tests.test_unicode.TestUnicode.test_index_rindex_exception_substring_not_found
numba-cache,0,3.380299312993884e-05,0,numba.tests.test_unicode.TestUnicode.test_index_rindex_exception_substring_not_found
numba-cache,0,5.503499414771795e-05,0,numba.tests.test_unicode.TestUnicode.test_index_rindex_exception_substring_not_found
numba-cache,0,3.575898881535977e-05,0,numba.tests.test_unicode.TestUnicode.test_index_rindex_exception_substring_not_found
numba-cache,0,0.3071743710024748,0,numba.tests.test_unicode.TestUnicode.test_index_rindex_exception_substring_not_found
numba-cache,0,4.260399146005511e-05,0,numba.tests.test_unicode.TestUnicode.test_index_rindex_exception_substring_not_found
numba-cache,0,3.624800592660904e-05,0,numba.tests.test_unicode.TestUnicode.test_index_rindex_exception_substring_not_found
numba-cache,0,5.2032002713531256e-05,0,numba.tests.test_unicode.TestUnicode.test_index_rindex_exception_substring_not_found
numba-cache,0,5.300999328028411e-05,0,numba.tests.test_unicode.TestUnicode.test_index_rindex_exception_substring_not_found
numba-cache,0,6.467399362009019e-05,0,numba.tests.test_unicode.TestUnicode.test_index_rindex_exception_substring_not_found
numba-cache,0,0.4678675179893616,0,numba.tests.test_unicode.TestUnicode.test_index_rindex_exception_substring_not_found
numba-cache,0,4.239399277139455e-05,0,numba.tests.test_unicode.TestUnicode.test_index_rindex_exception_substring_not_found
numba-cache,0,6.195000605657697e-05,0,numba.tests.test_unicode.TestUnicode.test_index_rindex_exception_substring_not_found
numba-cache,0,9.142300405073912e-05,0,numba.tests.test_unicode.TestUnicode.test_index_rindex_exception_substring_not_found
numba-cache,0,0.5474660850013606,0,numba.tests.test_unicode.TestUnicode.test_index_rindex_exception_substring_not_found
numba-cache,0,4.134701157454401e-05,0,numba.tests.test_unicode.TestUnicode.test_index_rindex_exception_substring_not_found
numba-cache,0,4.5117994886823e-05,0,numba.tests.test_unicode.TestUnicode.test_index_rindex_exception_substring_not_found
numba-cache,0,7.996900239959359e-05,0,numba.tests.test_unicode.TestUnicode.test_index_rindex_exception_substring_not_found
numba-cache,0,0.6934317349951016,0,numba.tests.test_unicode.TestUnicode.test_index_rindex_exception_substring_not_found
numba-cache,0,8.115600212477148e-05,0,numba.tests.test_unicode.TestUnicode.test_index_rindex_exception_substring_not_found
numba-cache,0,3.540999023243785e-05,0,numba.tests.test_unicode.TestUnicode.test_index_rindex_exception_substring_not_found
numba-cache,0,5.014600174035877e-05,0,numba.tests.test_unicode.TestUnicode.test_index_rindex_exception_substring_not_found
numba-cache,0,0.0001089540019165,0,numba.tests.test_unicode.TestUnicode.test_index_rindex_exception_substring_not_found
numba-cache,0,3.911099338438362e-05,0,numba.tests.test_unicode.TestUnicode.test_index_rindex_exception_substring_not_found
numba-cache,0,3.4362004953436553e-05,0,numba.tests.test_unicode.TestUnicode.test_index_rindex_exception_substring_not_found
numba-cache,0,3.708599251694977e-05,0,numba.tests.test_unicode.TestUnicode.test_index_rindex_exception_substring_not_found
numba-cache,0,8.450899622403085e-05,0,numba.tests.test_unicode.TestUnicode.test_index_rindex_exception_substring_not_found
numba-cache,0,0.0867307550070108,0,numba.tests.test_unicode.TestUnicode.test_index_rindex_exception_substring_not_found
numba-cache,0,4.637500387616456e-05,0,numba.tests.test_unicode.TestUnicode.test_index_rindex_exception_substring_not_found
numba-cache,0,5.838800279889256e-05,0,numba.tests.test_unicode.TestUnicode.test_index_rindex_exception_substring_not_found
numba-cache,0,8.499700925312936e-05,0,numba.tests.test_unicode.TestUnicode.test_index_rindex_exception_substring_not_found
numba-cache,0,0.1636271369934547,0,numba.tests.test_unicode.TestUnicode.test_index_rindex_exception_substring_not_found
numba-cache,0,4.337201244197786e-05,0,numba.tests.test_unicode.TestUnicode.test_index_rindex_exception_substring_not_found
numba-cache,0,3.960001049563289e-05,0,numba.tests.test_unicode.TestUnicode.test_index_rindex_exception_substring_not_found
numba-cache,0,7.640701369382441e-05,0,numba.tests.test_unicode.TestUnicode.test_index_rindex_exception_substring_not_found
numba-cache,0,0.2506901299930177,0,numba.tests.test_unicode.TestUnicode.test_index_rindex_exception_substring_not_found
numba-cache,0,9.673100430518387e-05,0,numba.tests.test_unicode.TestUnicode.test_index_rindex_exception_substring_not_found
numba-cache,0,5.049500032328069e-05,0,numba.tests.test_unicode.TestUnicode.test_index_rindex_exception_substring_not_found
numba-cache,0,7.633700442966074e-05,0,numba.tests.test_unicode.TestUnicode.test_index_rindex_exception_substring_not_found
numba-cache,0,9.428599150851368e-05,0,numba.tests.test_unicode.TestUnicode.test_index_rindex_exception_substring_not_found
numba-cache,0,6.390499765984714e-05,0,numba.tests.test_unicode.TestUnicode.test_index_rindex_exception_substring_not_found
numba-cache,0,4.539699875749648e-05,0,numba.tests.test_unicode.TestUnicode.test_index_rindex_exception_substring_not_found
numba-cache,0,4.099700890947133e-05,0,numba.tests.test_unicode.TestUnicode.test_index_rindex_exception_substring_not_found
numba-cache,0,3.331400512252003e-05,0,numba.tests.test_unicode.TestUnicode.test_index_rindex_exception_substring_not_found
numba-cache,0,5.580400465987623e-05,0,numba.tests.test_unicode.TestUnicode.test_index_rindex_exception_substring_not_found
numba-cache,0,4.448900290299207e-05,0,numba.tests.test_unicode.TestUnicode.test_index_rindex_exception_substring_not_found
numba-cache,0,3.394299710635096e-05,0,numba.tests.test_unicode.TestUnicode.test_index_rindex_exception_substring_not_found
numba-cache,0,9.016600961331278e-05,0,numba.tests.test_unicode.TestUnicode.test_index_rindex_exception_substring_not_found
numba-cache,0,6.774700887035578e-05,0,numba.tests.test_unicode.TestUnicode.test_index_rindex_exception_substring_not_found
numba-cache,0,6.055299309082329e-05,0,numba.tests.test_unicode.TestUnicode.test_index_rindex_exception_substring_not_found
numba-cache,0,4.057800106238574e-05,0,numba.tests.test_unicode.TestUnicode.test_index_rindex_exception_substring_not_found
numba-cache,0,5.90859999647364e-05,0,numba.tests.test_unicode.TestUnicode.test_index_rindex_exception_substring_not_found
numba-cache,0,4.525699478108436e-05,0,numba.tests.test_unicode.TestUnicode.test_index_rindex_exception_substring_not_found
numba-cache,0,3.352400381118059e-05,0,numba.tests.test_unicode.TestUnicode.test_index_rindex_exception_substring_not_found
numba-cache,0,3.848299093078822e-05,0,numba.tests.test_unicode.TestUnicode.test_index_rindex_exception_substring_not_found
numba-cache,0,3.240600926801562e-05,0,numba.tests.test_unicode.TestUnicode.test_index_rindex_exception_substring_not_found
numba-cache,0,4.483900556806475e-05,0,numba.tests.test_unicode.TestUnicode.test_index_rindex_exception_substring_not_found
numba-cache,0,6.865400064270943e-05,0,numba.tests.test_unicode.TestUnicode.test_index_rindex_exception_substring_not_found
numba-cache,0,3.5759003367275e-05,0,numba.tests.test_unicode.TestUnicode.test_index_rindex_exception_substring_not_found
numba-cache,0,4.225400334689766e-05,0,numba.tests.test_unicode.TestUnicode.test_index_rindex_exception_substring_not_found
numba-cache,0,5.245099600870162e-05,0,numba.tests.test_unicode.TestUnicode.test_index_rindex_exception_substring_not_found
numba-cache,0,7.305399049073458e-05,0,numba.tests.test_unicode.TestUnicode.test_index_rindex_exception_substring_not_found
numba-cache,0,4.302299930714071e-05,0,numba.tests.test_unicode.TestUnicode.test_index_rindex_exception_substring_not_found
numba-cache,0,0.1569091119890799,0,numba.tests.test_unicode.TestUnicode.test_index_rindex_exception_substring_not_found
numba-cache,0,4.0996994357556105e-05,0,numba.tests.test_unicode.TestUnicode.test_index_rindex_exception_substring_not_found
numba-cache,0,4.930800059810281e-05,0,numba.tests.test_unicode.TestUnicode.test_index_rindex_exception_substring_not_found
numba-cache,0,3.6805999116040766e-05,0,numba.tests.test_unicode.TestUnicode.test_index_rindex_exception_substring_not_found
numba-cache,0,5.88770053582266e-05,0,numba.tests.test_unicode.TestUnicode.test_index_rindex_exception_substring_not_found
numba-cache,0,8.869900193531066e-05,0,numba.tests.test_unicode.TestUnicode.test_index_rindex_exception_substring_not_found
numba-cache,0,0.2462365190003765,0,numba.tests.test_unicode.TestUnicode.test_index_rindex_exception_substring_not_found
numba-cache,0,4.253399674780667e-05,0,numba.tests.test_unicode.TestUnicode.test_index_rindex_exception_substring_not_found
numba-cache,0,6.753701018169522e-05,0,numba.tests.test_unicode.TestUnicode.test_index_rindex_exception_substring_not_found
numba-cache,0,8.422900282312185e-05,0,numba.tests.test_unicode.TestUnicode.test_index_rindex_exception_substring_not_found
numba-cache,0,0.3249662529997295,0,numba.tests.test_unicode.TestUnicode.test_index_rindex_exception_substring_not_found
numba-cache,0,5.9644997236318886e-05,0,numba.tests.test_unicode.TestUnicode.test_index_rindex_exception_substring_not_found
numba-cache,0,5.7201003073714674e-05,0,numba.tests.test_unicode.TestUnicode.test_index_rindex_exception_substring_not_found
numba-cache,0,0.0001065090036718,0,numba.tests.test_unicode.TestUnicode.test_index_rindex_exception_substring_not_found
numba-cache,0,0.4168905929982429,0,numba.tests.test_unicode.TestUnicode.test_index_rindex_exception_substring_not_found
numba-cache,0,8.786200487520546e-05,0,numba.tests.test_unicode.TestUnicode.test_index_rindex_exception_substring_not_found
numba-cache,0,4.14160022046417e-05,0,numba.tests.test_unicode.TestUnicode.test_index_rindex_exception_substring_not_found
numba-cache,0,0.0001035059976857,0,numba.tests.test_unicode.TestUnicode.test_index_rindex_exception_substring_not_found
numba-cache,0,8.017801155801862e-05,0,numba.tests.test_unicode.TestUnicode.test_index_rindex_exception_substring_not_found
numba-cache,0,3.527000080794096e-05,0,numba.tests.test_unicode.TestUnicode.test_index_rindex_exception_substring_not_found
numba-cache,0,3.282599209342152e-05,0,numba.tests.test_unicode.TestUnicode.test_index_rindex_exception_substring_not_found
numba-cache,0,3.5759003367275e-05,0,numba.tests.test_unicode.TestUnicode.test_index_rindex_exception_substring_not_found
numba-cache,0,5.2870993386022747e-05,0,numba.tests.test_unicode.TestUnicode.test_index_rindex_exception_substring_not_found
numba-cache,0,0.088608734004083,0,numba.tests.test_unicode.TestUnicode.test_index_rindex_exception_substring_not_found
numba-cache,0,4.288299533072859e-05,0,numba.tests.test_unicode.TestUnicode.test_index_rindex_exception_substring_not_found
numba-cache,0,8.709200483281165e-05,0,numba.tests.test_unicode.TestUnicode.test_index_rindex_exception_substring_not_found
numba-cache,0,8.72329983394593e-05,0,numba.tests.test_unicode.TestUnicode.test_index_rindex_exception_substring_not_found
numba-cache,0,0.1668939930095803,0,numba.tests.test_unicode.TestUnicode.test_index_rindex_exception_substring_not_found
numba-cache,0,4.092699964530766e-05,0,numba.tests.test_unicode.TestUnicode.test_index_rindex_exception_substring_not_found
numba-cache,0,4.092699964530766e-05,0,numba.tests.test_unicode.TestUnicode.test_index_rindex_exception_substring_not_found
numba-cache,0,7.501000072807074e-05,0,numba.tests.test_unicode.TestUnicode.test_index_rindex_exception_substring_not_found
numba-cache,0,0.2629841250018216,0,numba.tests.test_unicode.TestUnicode.test_index_rindex_exception_substring_not_found
numba-cache,1,0.0597577610024018,1,numba.tests.test_unicode.TestUnicode.test_index_rindex_exception_substring_not_found
numba-cache,1,0.0031661420071031,1,numba.tests.test_unicode.TestUnicode.test_index_rindex_exception_substring_not_found
numba-cache,1,0.0030383319972315,1,numba.tests.test_unicode.TestUnicode.test_index_rindex_exception_substring_not_found
numba-cache,1,0.0028039419994456,1,numba.tests.test_unicode.TestUnicode.test_index_rindex_exception_substring_not_found
numba-nocache,0,0.0244523069995921,0,numba.tests.test_unicode.TestUnicode.test_index_rindex_exception_substring_not_found
numba-nocache,0,0.0001146110007539,0,numba.tests.test_unicode.TestUnicode.test_index_rindex_exception_substring_not_found
numba-nocache,0,0.0002280350017827,0,numba.tests.test_unicode.TestUnicode.test_index_rindex_exception_substring_not_found
numba-nocache,0,0.0395931140083121,0,numba.tests.test_unicode.TestUnicode.test_index_rindex_exception_substring_not_found
numba-nocache,0,4.826100484933704e-05,0,numba.tests.test_unicode.TestUnicode.test_index_rindex_exception_substring_not_found
numba-nocache,0,0.0001887139951577,0,numba.tests.test_unicode.TestUnicode.test_index_rindex_exception_substring_not_found
numba-nocache,0,0.066529357995023,0,numba.tests.test_unicode.TestUnicode.test_index_rindex_exception_substring_not_found
numba-nocache,0,4.092699964530766e-05,0,numba.tests.test_unicode.TestUnicode.test_index_rindex_exception_substring_not_found
numba-nocache,0,0.0329850660054944,0,numba.tests.test_unicode.TestUnicode.test_index_rindex_exception_substring_not_found
numba-nocache,0,4.001999332103878e-05,0,numba.tests.test_unicode.TestUnicode.test_index_rindex_exception_substring_not_found
numba-nocache,0,3.6177996662445366e-05,0,numba.tests.test_unicode.TestUnicode.test_index_rindex_exception_substring_not_found
numba-nocache,0,3.268600266892463e-05,0,numba.tests.test_unicode.TestUnicode.test_index_rindex_exception_substring_not_found
numba-nocache,0,6.830600614193827e-05,0,numba.tests.test_unicode.TestUnicode.test_index_rindex_exception_substring_not_found
numba-nocache,0,8.604599861428142e-05,0,numba.tests.test_unicode.TestUnicode.test_index_rindex_exception_substring_not_found
numba-nocache,0,4.274399543646723e-05,0,numba.tests.test_unicode.TestUnicode.test_index_rindex_exception_substring_not_found
numba-nocache,0,6.82359968777746e-05,0,numba.tests.test_unicode.TestUnicode.test_index_rindex_exception_substring_not_found
numba-nocache,0,0.0322531199926743,0,numba.tests.test_unicode.TestUnicode.test_index_rindex_exception_substring_not_found
numba-nocache,0,3.953100531361997e-05,0,numba.tests.test_unicode.TestUnicode.test_index_rindex_exception_substring_not_found
numba-nocache,0,7.29160092305392e-05,0,numba.tests.test_unicode.TestUnicode.test_index_rindex_exception_substring_not_found
numba-nocache,0,4.064799577463418e-05,0,numba.tests.test_unicode.TestUnicode.test_index_rindex_exception_substring_not_found
numba-nocache,0,7.787399226799607e-05,0,numba.tests.test_unicode.TestUnicode.test_index_rindex_exception_substring_not_found
numba-nocache,0,5.2799994591623545e-05,0,numba.tests.test_unicode.TestUnicode.test_index_rindex_exception_substring_not_found
numba-nocache,0,6.257799395825714e-05,0,numba.tests.test_unicode.TestUnicode.test_index_rindex_exception_substring_not_found
numba-nocache,0,3.904200275428593e-05,0,numba.tests.test_unicode.TestUnicode.test_index_rindex_exception_substring_not_found
numba-nocache,0,3.3104995964095e-05,0,numba.tests.test_unicode.TestUnicode.test_index_rindex_exception_substring_not_found
numba-nocache,0,5.175299884285778e-05,0,numba.tests.test_unicode.TestUnicode.test_index_rindex_exception_substring_not_found
numba-nocache,0,7.54999928176403e-05,0,numba.tests.test_unicode.TestUnicode.test_index_rindex_exception_substring_not_found
numba-nocache,0,5.573399539571256e-05,0,numba.tests.test_unicode.TestUnicode.test_index_rindex_exception_substring_not_found
numba-nocache,0,7.829300011508167e-05,0,numba.tests.test_unicode.TestUnicode.test_index_rindex_exception_substring_not_found
numba-nocache,0,3.429199568927288e-05,0,numba.tests.test_unicode.TestUnicode.test_index_rindex_exception_substring_not_found
numba-nocache,0,0.0001097909989766,0,numba.tests.test_unicode.TestUnicode.test_index_rindex_exception_substring_not_found
numba-nocache,0,7.193700002972037e-05,0,numba.tests.test_unicode.TestUnicode.test_index_rindex_exception_substring_not_found
numba-nocache,0,5.203299224376679e-05,0,numba.tests.test_unicode.TestUnicode.test_index_rindex_exception_substring_not_found
numba-nocache,0,3.701698733493686e-05,0,numba.tests.test_unicode.TestUnicode.test_index_rindex_exception_substring_not_found
numba-nocache,0,3.5339995520189404e-05,0,numba.tests.test_unicode.TestUnicode.test_index_rindex_exception_substring_not_found
numba-nocache,0,3.24769935104996e-05,0,numba.tests.test_unicode.TestUnicode.test_index_rindex_exception_substring_not_found
numba-nocache,0,3.0521012376993895e-05,0,numba.tests.test_unicode.TestUnicode.test_index_rindex_exception_substring_not_found
numba-nocache,0,4.539699875749648e-05,0,numba.tests.test_unicode.TestUnicode.test_index_rindex_exception_substring_not_found
numba-nocache,0,4.94479900225997e-05,0,numba.tests.test_unicode.TestUnicode.test_index_rindex_exception_substring_not_found
numba-nocache,0,4.323199391365051e-05,0,numba.tests.test_unicode.TestUnicode.test_index_rindex_exception_substring_not_found
numba-nocache,0,4.7980996896512806e-05,0,numba.tests.test_unicode.TestUnicode.test_index_rindex_exception_substring_not_found
numba-nocache,0,3.198799095116556e-05,0,numba.tests.test_unicode.TestUnicode.test_index_rindex_exception_substring_not_found
numba-nocache,0,3.764498978853226e-05,0,numba.tests.test_unicode.TestUnicode.test_index_rindex_exception_substring_not_found
numba-nocache,0,3.1499002943746746e-05,0,numba.tests.test_unicode.TestUnicode.test_index_rindex_exception_substring_not_found
numba-nocache,0,0.2953801879921229,0,numba.tests.test_unicode.TestUnicode.test_index_rindex_exception_substring_not_found
numba-nocache,0,4.393099516164512e-05,0,numba.tests.test_unicode.TestUnicode.test_index_rindex_exception_substring_not_found
numba-nocache,0,3.81339923478663e-05,0,numba.tests.test_unicode.TestUnicode.test_index_rindex_exception_substring_not_found
numba-nocache,0,5.343000520952046e-05,0,numba.tests.test_unicode.TestUnicode.test_index_rindex_exception_substring_not_found
numba-nocache,0,6.767798913642764e-05,0,numba.tests.test_unicode.TestUnicode.test_index_rindex_exception_substring_not_found
numba-nocache,0,7.550000736955553e-05,0,numba.tests.test_unicode.TestUnicode.test_index_rindex_exception_substring_not_found
numba-nocache,0,0.4555665849911747,0,numba.tests.test_unicode.TestUnicode.test_index_rindex_exception_substring_not_found
numba-nocache,0,8.779100608080626e-05,0,numba.tests.test_unicode.TestUnicode.test_index_rindex_exception_substring_not_found
numba-nocache,0,9.62430058280006e-05,0,numba.tests.test_unicode.TestUnicode.test_index_rindex_exception_substring_not_found
numba-nocache,0,9.002700971905142e-05,0,numba.tests.test_unicode.TestUnicode.test_index_rindex_exception_substring_not_found
numba-nocache,0,0.5330021489935461,0,numba.tests.test_unicode.TestUnicode.test_index_rindex_exception_substring_not_found
numba-nocache,0,6.38350029475987e-05,0,numba.tests.test_unicode.TestUnicode.test_index_rindex_exception_substring_not_found
numba-nocache,0,5.196200800128281e-05,0,numba.tests.test_unicode.TestUnicode.test_index_rindex_exception_substring_not_found
numba-nocache,0,8.772200089879334e-05,0,numba.tests.test_unicode.TestUnicode.test_index_rindex_exception_substring_not_found
numba-nocache,0,0.6769391340058064,0,numba.tests.test_unicode.TestUnicode.test_index_rindex_exception_substring_not_found
numba-nocache,0,9.938499715644866e-05,0,numba.tests.test_unicode.TestUnicode.test_index_rindex_exception_substring_not_found
numba-nocache,0,3.512999683152884e-05,0,numba.tests.test_unicode.TestUnicode.test_index_rindex_exception_substring_not_found
numba-nocache,0,4.70730010420084e-05,0,numba.tests.test_unicode.TestUnicode.test_index_rindex_exception_substring_not_found
numba-nocache,0,4.3441003072075546e-05,0,numba.tests.test_unicode.TestUnicode.test_index_rindex_exception_substring_not_found
numba-nocache,0,3.338500391691923e-05,0,numba.tests.test_unicode.TestUnicode.test_index_rindex_exception_substring_not_found
numba-nocache,0,3.233700408600271e-05,0,numba.tests.test_unicode.TestUnicode.test_index_rindex_exception_substring_not_found
numba-nocache,0,3.4711993066594005e-05,0,numba.tests.test_unicode.TestUnicode.test_index_rindex_exception_substring_not_found
numba-nocache,0,3.5689008655026555e-05,0,numba.tests.test_unicode.TestUnicode.test_index_rindex_exception_substring_not_found
numba-nocache,0,0.084707112997421,0,numba.tests.test_unicode.TestUnicode.test_index_rindex_exception_substring_not_found
numba-nocache,0,6.292801117524505e-05,0,numba.tests.test_unicode.TestUnicode.test_index_rindex_exception_substring_not_found
numba-nocache,0,9.805899753700942e-05,0,numba.tests.test_unicode.TestUnicode.test_index_rindex_exception_substring_not_found
numba-nocache,0,8.422999235335737e-05,0,numba.tests.test_unicode.TestUnicode.test_index_rindex_exception_substring_not_found
numba-nocache,0,0.1602431089995661,0,numba.tests.test_unicode.TestUnicode.test_index_rindex_exception_substring_not_found
numba-nocache,0,4.00889985030517e-05,0,numba.tests.test_unicode.TestUnicode.test_index_rindex_exception_substring_not_found
numba-nocache,0,4.665499727707356e-05,0,numba.tests.test_unicode.TestUnicode.test_index_rindex_exception_substring_not_found
numba-nocache,0,7.759500294923782e-05,0,numba.tests.test_unicode.TestUnicode.test_index_rindex_exception_substring_not_found
numba-nocache,0,0.2452853239956312,0,numba.tests.test_unicode.TestUnicode.test_index_rindex_exception_substring_not_found
numba-nocache,0,8.031800098251551e-05,0,numba.tests.test_unicode.TestUnicode.test_index_rindex_exception_substring_not_found
numba-nocache,0,3.8134006899781525e-05,0,numba.tests.test_unicode.TestUnicode.test_index_rindex_exception_substring_not_found
numba-nocache,0,4.134599294047803e-05,0,numba.tests.test_unicode.TestUnicode.test_index_rindex_exception_substring_not_found
numba-nocache,0,0.0001230619964189,0,numba.tests.test_unicode.TestUnicode.test_index_rindex_exception_substring_not_found
numba-nocache,0,3.897199349012226e-05,0,numba.tests.test_unicode.TestUnicode.test_index_rindex_exception_substring_not_found
numba-nocache,0,3.959999594371766e-05,0,numba.tests.test_unicode.TestUnicode.test_index_rindex_exception_substring_not_found
numba-nocache,0,4.658500256482512e-05,0,numba.tests.test_unicode.TestUnicode.test_index_rindex_exception_substring_not_found
numba-nocache,0,3.485199704300612e-05,0,numba.tests.test_unicode.TestUnicode.test_index_rindex_exception_substring_not_found
numba-nocache,0,6.851600483059883e-05,0,numba.tests.test_unicode.TestUnicode.test_index_rindex_exception_substring_not_found
numba-nocache,0,4.609600000549108e-05,0,numba.tests.test_unicode.TestUnicode.test_index_rindex_exception_substring_not_found
numba-nocache,0,3.226700937375426e-05,0,numba.tests.test_unicode.TestUnicode.test_index_rindex_exception_substring_not_found
numba-nocache,0,6.243900861591101e-05,0,numba.tests.test_unicode.TestUnicode.test_index_rindex_exception_substring_not_found
numba-nocache,0,5.3987998398952186e-05,0,numba.tests.test_unicode.TestUnicode.test_index_rindex_exception_substring_not_found
numba-nocache,0,7.005200313869864e-05,0,numba.tests.test_unicode.TestUnicode.test_index_rindex_exception_substring_not_found
numba-nocache,0,3.694600309245288e-05,0,numba.tests.test_unicode.TestUnicode.test_index_rindex_exception_substring_not_found
numba-nocache,0,6.104199565015733e-05,0,numba.tests.test_unicode.TestUnicode.test_index_rindex_exception_substring_not_found
numba-nocache,0,4.015899321530014e-05,0,numba.tests.test_unicode.TestUnicode.test_index_rindex_exception_substring_not_found
numba-nocache,0,3.198799095116556e-05,0,numba.tests.test_unicode.TestUnicode.test_index_rindex_exception_substring_not_found
numba-nocache,0,3.4361990401521325e-05,0,numba.tests.test_unicode.TestUnicode.test_index_rindex_exception_substring_not_found
numba-nocache,0,3.184800152666867e-05,0,numba.tests.test_unicode.TestUnicode.test_index_rindex_exception_substring_not_found
numba-nocache,0,5.789900023955852e-05,0,numba.tests.test_unicode.TestUnicode.test_index_rindex_exception_substring_not_found
numba-nocache,0,5.7201003073714674e-05,0,numba.tests.test_unicode.TestUnicode.test_index_rindex_exception_substring_not_found
numba-nocache,0,5.14029961777851e-05,0,numba.tests.test_unicode.TestUnicode.test_index_rindex_exception_substring_not_found
numba-nocache,0,5.866799619980157e-05,0,numba.tests.test_unicode.TestUnicode.test_index_rindex_exception_substring_not_found
numba-nocache,0,3.81339923478663e-05,0,numba.tests.test_unicode.TestUnicode.test_index_rindex_exception_substring_not_found
numba-nocache,0,3.813300281763077e-05,0,numba.tests.test_unicode.TestUnicode.test_index_rindex_exception_substring_not_found
numba-nocache,0,3.485100751277059e-05,0,numba.tests.test_unicode.TestUnicode.test_index_rindex_exception_substring_not_found
numba-nocache,0,0.1518980859982548,0,numba.tests.test_unicode.TestUnicode.test_index_rindex_exception_substring_not_found
numba-nocache,0,4.951799928676337e-05,0,numba.tests.test_unicode.TestUnicode.test_index_rindex_exception_substring_not_found
numba-nocache,0,4.337199789006263e-05,0,numba.tests.test_unicode.TestUnicode.test_index_rindex_exception_substring_not_found
numba-nocache,0,3.429299977142364e-05,0,numba.tests.test_unicode.TestUnicode.test_index_rindex_exception_substring_not_found
numba-nocache,0,0.0001021089992718,0,numba.tests.test_unicode.TestUnicode.test_index_rindex_exception_substring_not_found
numba-nocache,0,7.144799747038633e-05,0,numba.tests.test_unicode.TestUnicode.test_index_rindex_exception_substring_not_found
numba-nocache,0,0.2409871669951826,0,numba.tests.test_unicode.TestUnicode.test_index_rindex_exception_substring_not_found
numba-nocache,0,4.784201155416668e-05,0,numba.tests.test_unicode.TestUnicode.test_index_rindex_exception_substring_not_found
numba-nocache,0,7.598899537697434e-05,0,numba.tests.test_unicode.TestUnicode.test_index_rindex_exception_substring_not_found
numba-nocache,0,7.9549994552508e-05,0,numba.tests.test_unicode.TestUnicode.test_index_rindex_exception_substring_not_found
numba-nocache,0,0.3175693989905994,0,numba.tests.test_unicode.TestUnicode.test_index_rindex_exception_substring_not_found
numba-nocache,0,4.148601146880537e-05,0,numba.tests.test_unicode.TestUnicode.test_index_rindex_exception_substring_not_found
numba-nocache,0,3.820299752987921e-05,0,numba.tests.test_unicode.TestUnicode.test_index_rindex_exception_substring_not_found
numba-nocache,0,7.766499766148627e-05,0,numba.tests.test_unicode.TestUnicode.test_index_rindex_exception_substring_not_found
numba-nocache,0,0.4083740830101305,0,numba.tests.test_unicode.TestUnicode.test_index_rindex_exception_substring_not_found
numba-nocache,0,7.857200398575515e-05,0,numba.tests.test_unicode.TestUnicode.test_index_rindex_exception_substring_not_found
numba-nocache,0,3.478101280052215e-05,0,numba.tests.test_unicode.TestUnicode.test_index_rindex_exception_substring_not_found
numba-nocache,0,3.7295991205610335e-05,0,numba.tests.test_unicode.TestUnicode.test_index_rindex_exception_substring_not_found
numba-nocache,0,5.2521005272865295e-05,0,numba.tests.test_unicode.TestUnicode.test_index_rindex_exception_substring_not_found
numba-nocache,0,3.485100751277059e-05,0,numba.tests.test_unicode.TestUnicode.test_index_rindex_exception_substring_not_found
numba-nocache,0,3.3384989365004e-05,0,numba.tests.test_unicode.TestUnicode.test_index_rindex_exception_substring_not_found
numba-nocache,0,3.5339995520189404e-05,0,numba.tests.test_unicode.TestUnicode.test_index_rindex_exception_substring_not_found
numba-nocache,0,4.853999416809529e-05,0,numba.tests.test_unicode.TestUnicode.test_index_rindex_exception_substring_not_found
numba-nocache,0,0.086186719010584,0,numba.tests.test_unicode.TestUnicode.test_index_rindex_exception_substring_not_found
numba-nocache,0,7.529000868089497e-05,0,numba.tests.test_unicode.TestUnicode.test_index_rindex_exception_substring_not_found
numba-nocache,0,9.282100654672833e-05,0,numba.tests.test_unicode.TestUnicode.test_index_rindex_exception_substring_not_found
numba-nocache,0,9.72199923126027e-05,0,numba.tests.test_unicode.TestUnicode.test_index_rindex_exception_substring_not_found
numba-nocache,0,0.1643697340041399,0,numba.tests.test_unicode.TestUnicode.test_index_rindex_exception_substring_not_found
numba-nocache,0,4.204499418847263e-05,0,numba.tests.test_unicode.TestUnicode.test_index_rindex_exception_substring_not_found
numba-nocache,0,3.9250997360795736e-05,0,numba.tests.test_unicode.TestUnicode.test_index_rindex_exception_substring_not_found
numba-nocache,0,0.0001090239966288,0,numba.tests.test_unicode.TestUnicode.test_index_rindex_exception_substring_not_found
numba-nocache,0,0.2548154999967664,0,numba.tests.test_unicode.TestUnicode.test_index_rindex_exception_substring_not_found
numba-cache,0,0.0982094160135602,0,numba.tests.test_unsafe_intrinsics.TestZeroCounts.test_zero_count
numba-cache,0,0.0311301540059503,0,numba.tests.test_unsafe_intrinsics.TestZeroCounts.test_zero_count
numba-cache,0,0.0381173500063596,0,numba.tests.test_unsafe_intrinsics.TestZeroCounts.test_zero_count
numba-cache,0,0.0325541609927313,0,numba.tests.test_unsafe_intrinsics.TestZeroCounts.test_zero_count
numba-cache,0,0.0307884880021447,0,numba.tests.test_unsafe_intrinsics.TestZeroCounts.test_zero_count
numba-cache,0,0.0321709389972966,0,numba.tests.test_unsafe_intrinsics.TestZeroCounts.test_zero_count
numba-cache,0,0.0312673229927895,0,numba.tests.test_unsafe_intrinsics.TestZeroCounts.test_zero_count
numba-cache,0,0.0333009110036073,0,numba.tests.test_unsafe_intrinsics.TestZeroCounts.test_zero_count
numba-cache,0,0.0328681009996216,0,numba.tests.test_unsafe_intrinsics.TestZeroCounts.test_zero_count
numba-cache,0,0.032128544000443,0,numba.tests.test_unsafe_intrinsics.TestZeroCounts.test_zero_count
numba-cache,0,0.0317713030090089,0,numba.tests.test_unsafe_intrinsics.TestZeroCounts.test_zero_count
numba-cache,0,0.0301351159869227,0,numba.tests.test_unsafe_intrinsics.TestZeroCounts.test_zero_count
numba-cache,0,0.0305698120064334,0,numba.tests.test_unsafe_intrinsics.TestZeroCounts.test_zero_count
numba-cache,0,0.0319454190030228,0,numba.tests.test_unsafe_intrinsics.TestZeroCounts.test_zero_count
numba-cache,0,0.0297873030067421,0,numba.tests.test_unsafe_intrinsics.TestZeroCounts.test_zero_count
numba-cache,0,0.0300676490005571,0,numba.tests.test_unsafe_intrinsics.TestZeroCounts.test_zero_count
numba-cache,1,0.0654528080049203,1,numba.tests.test_unsafe_intrinsics.TestZeroCounts.test_zero_count
numba-cache,1,0.0015298859943868,1,numba.tests.test_unsafe_intrinsics.TestZeroCounts.test_zero_count
numba-cache,1,0.0016251500055659,1,numba.tests.test_unsafe_intrinsics.TestZeroCounts.test_zero_count
numba-cache,1,0.0025083009968511,1,numba.tests.test_unsafe_intrinsics.TestZeroCounts.test_zero_count
numba-cache,1,0.0025001999892992,1,numba.tests.test_unsafe_intrinsics.TestZeroCounts.test_zero_count
numba-cache,1,0.0018360030080657,1,numba.tests.test_unsafe_intrinsics.TestZeroCounts.test_zero_count
numba-cache,1,0.0018762320105452,1,numba.tests.test_unsafe_intrinsics.TestZeroCounts.test_zero_count
numba-cache,1,0.0014357389882206,1,numba.tests.test_unsafe_intrinsics.TestZeroCounts.test_zero_count
numba-cache,1,0.0015135430003283,1,numba.tests.test_unsafe_intrinsics.TestZeroCounts.test_zero_count
numba-cache,1,0.0013578649959526,1,numba.tests.test_unsafe_intrinsics.TestZeroCounts.test_zero_count
numba-cache,1,0.0019230259931646,1,numba.tests.test_unsafe_intrinsics.TestZeroCounts.test_zero_count
numba-cache,1,0.0027847349992953,1,numba.tests.test_unsafe_intrinsics.TestZeroCounts.test_zero_count
numba-cache,1,0.0016422619955847,1,numba.tests.test_unsafe_intrinsics.TestZeroCounts.test_zero_count
numba-cache,1,0.0014103870053077,1,numba.tests.test_unsafe_intrinsics.TestZeroCounts.test_zero_count
numba-cache,1,0.0014224000042304,1,numba.tests.test_unsafe_intrinsics.TestZeroCounts.test_zero_count
numba-cache,1,0.0014280569885158,1,numba.tests.test_unsafe_intrinsics.TestZeroCounts.test_zero_count
numba-nocache,0,0.0906571770028676,0,numba.tests.test_unsafe_intrinsics.TestZeroCounts.test_zero_count
numba-nocache,0,0.029137109988369,0,numba.tests.test_unsafe_intrinsics.TestZeroCounts.test_zero_count
numba-nocache,0,0.0260987660003593,0,numba.tests.test_unsafe_intrinsics.TestZeroCounts.test_zero_count
numba-nocache,0,0.0280859860067721,0,numba.tests.test_unsafe_intrinsics.TestZeroCounts.test_zero_count
numba-nocache,0,0.0289111719903303,0,numba.tests.test_unsafe_intrinsics.TestZeroCounts.test_zero_count
numba-nocache,0,0.0308945489960024,0,numba.tests.test_unsafe_intrinsics.TestZeroCounts.test_zero_count
numba-nocache,0,0.027970605995506,0,numba.tests.test_unsafe_intrinsics.TestZeroCounts.test_zero_count
numba-nocache,0,0.0285528109961887,0,numba.tests.test_unsafe_intrinsics.TestZeroCounts.test_zero_count
numba-nocache,0,0.0291377389949047,0,numba.tests.test_unsafe_intrinsics.TestZeroCounts.test_zero_count
numba-nocache,0,0.0275421940023079,0,numba.tests.test_unsafe_intrinsics.TestZeroCounts.test_zero_count
numba-nocache,0,0.0278438429959351,0,numba.tests.test_unsafe_intrinsics.TestZeroCounts.test_zero_count
numba-nocache,0,0.0287499760015634,0,numba.tests.test_unsafe_intrinsics.TestZeroCounts.test_zero_count
numba-nocache,0,0.027581864997046,0,numba.tests.test_unsafe_intrinsics.TestZeroCounts.test_zero_count
numba-nocache,0,0.0272344700060784,0,numba.tests.test_unsafe_intrinsics.TestZeroCounts.test_zero_count
numba-nocache,0,0.0281365510018076,0,numba.tests.test_unsafe_intrinsics.TestZeroCounts.test_zero_count
numba-nocache,0,0.0304015339934267,0,numba.tests.test_unsafe_intrinsics.TestZeroCounts.test_zero_count
numba-cache,0,0.1610703639889834,0,numba.tests.test_ufuncs.TestLoopTypesDatetime.test_comparisons
numba-cache,0,0.0974734209885355,0,numba.tests.test_ufuncs.TestLoopTypesDatetime.test_comparisons
numba-cache,0,0.0903621159959584,0,numba.tests.test_ufuncs.TestLoopTypesDatetime.test_comparisons
numba-cache,0,0.09191204799572,0,numba.tests.test_ufuncs.TestLoopTypesDatetime.test_comparisons
numba-cache,0,0.0910630500002298,0,numba.tests.test_ufuncs.TestLoopTypesDatetime.test_comparisons
numba-cache,0,0.0935057009919546,0,numba.tests.test_ufuncs.TestLoopTypesDatetime.test_comparisons
numba-cache,0,0.091969387998688,0,numba.tests.test_ufuncs.TestLoopTypesDatetime.test_comparisons
numba-cache,0,0.094514567987062,0,numba.tests.test_ufuncs.TestLoopTypesDatetime.test_comparisons
numba-cache,0,0.085799622000195,0,numba.tests.test_ufuncs.TestLoopTypesDatetime.test_comparisons
numba-cache,0,0.0870282120013143,0,numba.tests.test_ufuncs.TestLoopTypesDatetime.test_comparisons
numba-cache,0,0.0854462919960497,0,numba.tests.test_ufuncs.TestLoopTypesDatetime.test_comparisons
numba-cache,0,0.0899934899935033,0,numba.tests.test_ufuncs.TestLoopTypesDatetime.test_comparisons
numba-cache,0,0.0933176859980449,0,numba.tests.test_ufuncs.TestLoopTypesDatetime.test_comparisons
numba-cache,0,0.0884670950035797,0,numba.tests.test_ufuncs.TestLoopTypesDatetime.test_comparisons
numba-cache,0,0.0901824820030015,0,numba.tests.test_ufuncs.TestLoopTypesDatetime.test_comparisons
numba-cache,0,0.0902700639999238,0,numba.tests.test_ufuncs.TestLoopTypesDatetime.test_comparisons
numba-cache,0,0.0920615100039867,0,numba.tests.test_ufuncs.TestLoopTypesDatetime.test_comparisons
numba-cache,0,0.0898047069931635,0,numba.tests.test_ufuncs.TestLoopTypesDatetime.test_comparisons
numba-cache,0,0.0897185229987371,0,numba.tests.test_ufuncs.TestLoopTypesDatetime.test_comparisons
numba-cache,0,0.0863401989918202,0,numba.tests.test_ufuncs.TestLoopTypesDatetime.test_comparisons
numba-cache,0,0.0931815640069544,0,numba.tests.test_ufuncs.TestLoopTypesDatetime.test_comparisons
numba-cache,0,0.0914685519965132,0,numba.tests.test_ufuncs.TestLoopTypesDatetime.test_comparisons
numba-cache,0,0.0919247600104427,0,numba.tests.test_ufuncs.TestLoopTypesDatetime.test_comparisons
numba-cache,0,0.0999801870057126,0,numba.tests.test_ufuncs.TestLoopTypesDatetime.test_comparisons
numba-cache,1,0.1658165689877933,0,numba.tests.test_ufuncs.TestLoopTypesDatetime.test_comparisons
numba-cache,1,0.0959255189955001,0,numba.tests.test_ufuncs.TestLoopTypesDatetime.test_comparisons
numba-cache,1,0.0981082880025496,0,numba.tests.test_ufuncs.TestLoopTypesDatetime.test_comparisons
numba-cache,1,0.0906600000016624,0,numba.tests.test_ufuncs.TestLoopTypesDatetime.test_comparisons
numba-cache,1,0.0948315860005095,0,numba.tests.test_ufuncs.TestLoopTypesDatetime.test_comparisons
numba-cache,1,0.0925233109883265,0,numba.tests.test_ufuncs.TestLoopTypesDatetime.test_comparisons
numba-cache,1,0.0947041239996906,0,numba.tests.test_ufuncs.TestLoopTypesDatetime.test_comparisons
numba-cache,1,0.0961908479948761,0,numba.tests.test_ufuncs.TestLoopTypesDatetime.test_comparisons
numba-cache,1,0.0845565879862988,0,numba.tests.test_ufuncs.TestLoopTypesDatetime.test_comparisons
numba-cache,1,0.0912122400040971,0,numba.tests.test_ufuncs.TestLoopTypesDatetime.test_comparisons
numba-cache,1,0.0896358379977755,0,numba.tests.test_ufuncs.TestLoopTypesDatetime.test_comparisons
numba-cache,1,0.0901285029976861,0,numba.tests.test_ufuncs.TestLoopTypesDatetime.test_comparisons
numba-cache,1,0.0953366119938436,0,numba.tests.test_ufuncs.TestLoopTypesDatetime.test_comparisons
numba-cache,1,0.090999780994025,0,numba.tests.test_ufuncs.TestLoopTypesDatetime.test_comparisons
numba-cache,1,0.0905721379967872,0,numba.tests.test_ufuncs.TestLoopTypesDatetime.test_comparisons
numba-cache,1,0.090701416003867,0,numba.tests.test_ufuncs.TestLoopTypesDatetime.test_comparisons
numba-cache,1,0.089676486008102,0,numba.tests.test_ufuncs.TestLoopTypesDatetime.test_comparisons
numba-cache,1,0.09052024599805,0,numba.tests.test_ufuncs.TestLoopTypesDatetime.test_comparisons
numba-cache,1,0.0914650670019909,0,numba.tests.test_ufuncs.TestLoopTypesDatetime.test_comparisons
numba-cache,1,0.0908693859964842,0,numba.tests.test_ufuncs.TestLoopTypesDatetime.test_comparisons
numba-cache,1,0.0934509509970666,0,numba.tests.test_ufuncs.TestLoopTypesDatetime.test_comparisons
numba-cache,1,0.0916070560051593,0,numba.tests.test_ufuncs.TestLoopTypesDatetime.test_comparisons
numba-cache,1,0.0932377929857466,0,numba.tests.test_ufuncs.TestLoopTypesDatetime.test_comparisons
numba-cache,1,0.0941626399871893,0,numba.tests.test_ufuncs.TestLoopTypesDatetime.test_comparisons
numba-nocache,0,0.1597762839955976,0,numba.tests.test_ufuncs.TestLoopTypesDatetime.test_comparisons
numba-nocache,0,0.0913007030030712,0,numba.tests.test_ufuncs.TestLoopTypesDatetime.test_comparisons
numba-nocache,0,0.0929167120048077,0,numba.tests.test_ufuncs.TestLoopTypesDatetime.test_comparisons
numba-nocache,0,0.088119951004046,0,numba.tests.test_ufuncs.TestLoopTypesDatetime.test_comparisons
numba-nocache,0,0.0922012480004923,0,numba.tests.test_ufuncs.TestLoopTypesDatetime.test_comparisons
numba-nocache,0,0.0886893040005816,0,numba.tests.test_ufuncs.TestLoopTypesDatetime.test_comparisons
numba-nocache,0,0.0891219070035731,0,numba.tests.test_ufuncs.TestLoopTypesDatetime.test_comparisons
numba-nocache,0,0.0970679220044985,0,numba.tests.test_ufuncs.TestLoopTypesDatetime.test_comparisons
numba-nocache,0,0.0857916920067509,0,numba.tests.test_ufuncs.TestLoopTypesDatetime.test_comparisons
numba-nocache,0,0.0877225489966804,0,numba.tests.test_ufuncs.TestLoopTypesDatetime.test_comparisons
numba-nocache,0,0.0849038579908665,0,numba.tests.test_ufuncs.TestLoopTypesDatetime.test_comparisons
numba-nocache,0,0.0882545370113803,0,numba.tests.test_ufuncs.TestLoopTypesDatetime.test_comparisons
numba-nocache,0,0.0876258869975572,0,numba.tests.test_ufuncs.TestLoopTypesDatetime.test_comparisons
numba-nocache,0,0.0976216310082236,0,numba.tests.test_ufuncs.TestLoopTypesDatetime.test_comparisons
numba-nocache,0,0.0881106620072387,0,numba.tests.test_ufuncs.TestLoopTypesDatetime.test_comparisons
numba-nocache,0,0.089121487995726,0,numba.tests.test_ufuncs.TestLoopTypesDatetime.test_comparisons
numba-nocache,0,0.085935776005499,0,numba.tests.test_ufuncs.TestLoopTypesDatetime.test_comparisons
numba-nocache,0,0.0900037349929334,0,numba.tests.test_ufuncs.TestLoopTypesDatetime.test_comparisons
numba-nocache,0,0.1029901900037657,0,numba.tests.test_ufuncs.TestLoopTypesDatetime.test_comparisons
numba-nocache,0,0.0881721930054482,0,numba.tests.test_ufuncs.TestLoopTypesDatetime.test_comparisons
numba-nocache,0,0.0934200649935519,0,numba.tests.test_ufuncs.TestLoopTypesDatetime.test_comparisons
numba-nocache,0,0.0927585199970053,0,numba.tests.test_ufuncs.TestLoopTypesDatetime.test_comparisons
numba-nocache,0,0.0924968199979048,0,numba.tests.test_ufuncs.TestLoopTypesDatetime.test_comparisons
numba-nocache,0,0.0971288940054364,0,numba.tests.test_ufuncs.TestLoopTypesDatetime.test_comparisons
numba-cache,0,0.2916827330045635,0,numba.tests.test_try_except.TestTryExceptNested.test_try_except_else
numba-cache,1,0.0607940749905537,1,numba.tests.test_try_except.TestTryExceptNested.test_try_except_else
numba-nocache,0,0.3038514170038979,0,numba.tests.test_try_except.TestTryExceptNested.test_try_except_else
numba-cache,0,0.1022329389961669,0,numba.tests.test_record_dtype.TestNestedArrays.test_record_read_array
numba-cache,0,0.0355041450093267,0,numba.tests.test_record_dtype.TestNestedArrays.test_record_read_array
numba-cache,0,0.0494654770009219,0,numba.tests.test_record_dtype.TestNestedArrays.test_record_read_array
numba-cache,1,0.0659979229967575,1,numba.tests.test_record_dtype.TestNestedArrays.test_record_read_array
numba-cache,1,0.0017116849921876,1,numba.tests.test_record_dtype.TestNestedArrays.test_record_read_array
numba-cache,1,0.0019221190013922,1,numba.tests.test_record_dtype.TestNestedArrays.test_record_read_array
numba-nocache,0,0.1032139640010427,0,numba.tests.test_record_dtype.TestNestedArrays.test_record_read_array
numba-nocache,0,0.0319428109942236,0,numba.tests.test_record_dtype.TestNestedArrays.test_record_read_array
numba-nocache,0,0.0441830019990447,0,numba.tests.test_record_dtype.TestNestedArrays.test_record_read_array
numba-cache,0,0.0862686800101073,0,numba.tests.test_operators.TestOperators.test_bitshift_ileft_ints
numba-cache,0,0.0248525520000839,0,numba.tests.test_operators.TestOperators.test_bitshift_ileft_ints
numba-cache,0,0.0251646749966312,0,numba.tests.test_operators.TestOperators.test_bitshift_ileft_ints
numba-cache,0,0.0254340559913544,0,numba.tests.test_operators.TestOperators.test_bitshift_ileft_ints
numba-cache,0,0.0017894899938255,1,numba.tests.test_operators.TestOperators.test_bitshift_ileft_ints
numba-cache,0,0.0017250259988941,1,numba.tests.test_operators.TestOperators.test_bitshift_ileft_ints
numba-cache,0,0.0017054000054486,1,numba.tests.test_operators.TestOperators.test_bitshift_ileft_ints
numba-cache,0,0.0017521940026199,1,numba.tests.test_operators.TestOperators.test_bitshift_ileft_ints
numba-cache,1,0.0648208089987747,1,numba.tests.test_operators.TestOperators.test_bitshift_ileft_ints
numba-cache,1,0.0017767069948604,1,numba.tests.test_operators.TestOperators.test_bitshift_ileft_ints
numba-cache,1,0.0016539260104764,1,numba.tests.test_operators.TestOperators.test_bitshift_ileft_ints
numba-cache,1,0.0019443280034465,1,numba.tests.test_operators.TestOperators.test_bitshift_ileft_ints
numba-cache,1,0.0017863460088847,1,numba.tests.test_operators.TestOperators.test_bitshift_ileft_ints
numba-cache,1,0.0018186820088885,1,numba.tests.test_operators.TestOperators.test_bitshift_ileft_ints
numba-cache,1,0.0020933710038661,1,numba.tests.test_operators.TestOperators.test_bitshift_ileft_ints
numba-cache,1,0.0017503080016467,1,numba.tests.test_operators.TestOperators.test_bitshift_ileft_ints
numba-nocache,0,0.0916612290020566,0,numba.tests.test_operators.TestOperators.test_bitshift_ileft_ints
numba-nocache,0,0.0243673090008087,0,numba.tests.test_operators.TestOperators.test_bitshift_ileft_ints
numba-nocache,0,0.0241656040016096,0,numba.tests.test_operators.TestOperators.test_bitshift_ileft_ints
numba-nocache,0,0.023605470007169,0,numba.tests.test_operators.TestOperators.test_bitshift_ileft_ints
numba-nocache,0,0.0300763489940436,0,numba.tests.test_operators.TestOperators.test_bitshift_ileft_ints
numba-nocache,0,0.0292677149991504,0,numba.tests.test_operators.TestOperators.test_bitshift_ileft_ints
numba-nocache,0,0.0281440940016182,0,numba.tests.test_operators.TestOperators.test_bitshift_ileft_ints
numba-nocache,0,0.0278601859899936,0,numba.tests.test_operators.TestOperators.test_bitshift_ileft_ints
numba-cache,0,0.0909482999995816,0,numba.tests.test_python_int.TestPythonInt.test_int_return_type
numba-cache,0,0.0018118389998562,1,numba.tests.test_python_int.TestPythonInt.test_int_return_type
numba-cache,1,0.0622015990084037,1,numba.tests.test_python_int.TestPythonInt.test_int_return_type
numba-cache,1,0.0021651679999195,1,numba.tests.test_python_int.TestPythonInt.test_int_return_type
numba-nocache,0,0.0969739840074908,0,numba.tests.test_python_int.TestPythonInt.test_int_return_type
numba-nocache,0,0.0308597679977538,0,numba.tests.test_python_int.TestPythonInt.test_int_return_type
numba-cache,0,0.2426159140013624,0,numba.tests.test_ufuncs.TestLoopTypesFloat.test_subtract_dd_d
numba-cache,1,0.1434634649922372,0,numba.tests.test_ufuncs.TestLoopTypesFloat.test_subtract_dd_d
numba-nocache,0,0.142575620993739,0,numba.tests.test_ufuncs.TestLoopTypesFloat.test_subtract_dd_d
